sự ăn cắp, sự ăn cướp, sự ăn trộm, sự trộm cắp, sự cướp bóc, sự tước đoạt, sự cưỡng đoạt, sự chiếm đoạt, hành động cướp bóc
giấc ngủ chập chờn, giấc ngủ mơ màng, giấc ngủ lơ mơ
cú đánh trúng, cú đánh thành công
chiếm gôn, sự chiếm gôn
sự thả neo, sự bỏ neo, sự hạ neo, thả neo, bỏ neo, hạ neo
đường bay thẳng, chuyến bay thẳng, bay thẳng
kết đôi, giao phối, giao hợp
chiến dịch quân sự
chải
trò lừa gạt, trò lừa đảo, mưu mô, mưu gian, quỷ kế
thành tích
phòng ngừa, ngăn ngừa, đề phòng, bảo vệ
sự quyên góp, sự đóng góp, sự đóng góp có kí nhận, sự quyên góp có kí nhận, sự đóng góp có ký nhận, sự quyên góp có ký nhận
rulet, rulết, trò rulết
pha loãng, làm loãng, sự pha loãng, sự làm loãng
chơi bi, bắn bi, trò chơi bi, trò bắn bi, trò chơi bắn bi
điêu khắc, chạm trổ, nghệ thuật điêu khắc
lãnh đạo, sự lãnh đạo
sự hoàn thành, sự hoàn thiện, sự hoàn tất
phân tâm, phân tích tinh thần, phân tích tâm lí, phân tích học tâm lí, phân tích học tinh thần, phân tâm học
sự di động
đoán chữ, đố chữ
sự hoàn thành, sự làm xong
sự cắt, sự rạch, sự mổ, sự cắt mổ
tháo hết, tháo kiệt, rút hết, rút kiệt
hội thảo chuyên đề, tập huấn chuyên đề
phủ, đắp, bọc
đào, bới, sự đào, sự bới, sự xới, sự cuốc, sự đào bới, sự đào đất
lượt truy cập
liên tục, sự liên tục, tiếp tục, sự tiếp tục
sự giết, sự giết chết, sự giết hại, sự sát hại
hành động
ngành, nghề, giới, lĩnh vực, lãnh vực
sự tăng cường, sự tăng thêm
sự chiếu tướng, sự chiếu bí, sự chiếu
nén, ép, thắt, siết, co
thám hiểm hang động
động tác chân
vụ kiện, vụ kiện tụng, vụ tố tụng, vụ kiện cáo, việc kiện cáo, việc tố tụng, việc kiện tụng
bóng bầu dục, môn bóng bầu dục, bóng rugby, môn bóng rugby
điệu nhảy dân gian
buôn lậu, buôn bán bất hợp pháp, buôn bán trái phép
lặn, hụp, ngụm
lật đổ, làm đổ, đánh đổ
sự bắt giữ, sự tống giam, sự bắt giam
đi khám, đến khám
ngoại trưởng, bộ trưởng ngoại giao, bộ trưởng Bộ Ngoại giao
hành động kháng nghị
đổi quân, sự đổi quân
mạo hiểm, liều lĩnh
hành động
rút thăm trúng thưởng, bốc thăm trúng thưởng
cú đánh gần, cú đánh nhẹ
nhảy múa loã thể, nhảy múa khoả thân
sự giả vờ, sự giả bộ, sự giả đò, sự đóng kịch, sự ra vẻ
cú đánh hi sinh, cú đánh hy sinh
châm lửa, châm đốt, đốt cháy, sự châm lửa, sự châm đốt, sự đốt cháy
nuốt
chặng, đoạn, quãng, chặng đường, đoạn đường, quãng đường, chặng đường đi, đoạn đường đi, quãng đường đi
chạy, chạy bộ
kỉ lục, kỷ luật
sự tương trợ quân sự, sự hỗ trợ quân sự
hàng, đầu hàng, quy hàng, qui hàng, hàng phục, sự đầu hàng, sự hàng, sự hàng phục, sự quy hàng, sự qui hàng, sự hàng phục
sự sửa lại, sự uốn nắn
phát hiện, khám phá, phát minh, phát kiến
dời, chuyển, vận chuyển, di dời
đi xe
liên doanh
phân nhánh, chia nhánh
cản bóng, phá bóng, cứu bóng, sự cản bóng, sự phá bóng, sự cứu bóng
gánh tạ, nâng tạ
chuyển tiếp
hàng, đầu hàng, hàng phục, quy phục
quất, vụt, vuột, quật, đánh đập, sự quất, sự vụt, sự vuột, sự quật, sự đánh đập
lạm dụng thuốc, lạm dụng dược phẩm
cải cách, sửa đổi, sự cải cách, sự sửa đổi
nhảy dù
sự cúng bái, sự cầu phúc, sự cầu nguyện, sự cầu khấn
sự cải trang, sự hoá trang
siêu âm, siêu thanh
nông trường công xưởng hoá, kinh doanh nông nghiệp tổng hợp
phát triển, phát đạt
end, chốt
nhảy, nhẩy
sự chống cự, sự kháng cự, sự đấu tranh chống lại
đình công, bãi công, cuộc đình công, cuộc bãi công, sự đình công, sự bãi công
hích nhẹ, lắc nhẹ
bài, bài học
sự ghi bàn
phát hành, ấn hành, xuất bản
đan vào nhau, lồng vào nhau, cài vào nhau, khớp vào nhau, mắc vào nhau, sự đan vào nhau, sự lồng vào nhau, sự kết vào nhau, sự cài vào nhau, sự mắc vào nhau, sự khớp vào nhau
lỗi kĩ thuật, lỗi kỹ thuật
treo lủng lẳng, treo lơ lửng, treo lửng lơ
sự biểu diễn, sự trình diễn, sự diễn xuất
phát hành, đưa ra thị trường, tung ra
lộn ngược, đảo ngược, sự lộn ngược, sự đảo ngược
nhảy dây
hiếp dâm, cưỡng dâm, hãm hiếp
cúi, cúi xuống, cái cúi đầu, cái cúi xuống
đánh rắm, xì hơi, đánh địt, trung tiện, vãi rắm, trung tiện, sự đánh rắm, sự vãi rắm, sự xì hơi, sự trung tiện
bắt, bắt giữ
pha chế, điều chế, phối chế, chế biến
bơi bướm
cống hiến, hiến dâng
bọc ghế, nghề bọc ghế
chế tài, luật pháp, pháp luật
sự thi, sự thi đấu, sự đọ sức
treo, đình chỉ, đình chỉ tạm thời
gia nhập, tham gia
sự chia thành cấp độ
điều tra, thẩm tra, sự điều tra, sự thẩm tra, cuộc điều tra, cuộc thẩm tra
ra toà, hầu toà
môn đấu vật, đấu vật
cú đánh sát thương
bắn
sự cày cấy, việc cày cấy, việc canh tác, sự trồng trọt, việc trồng trọt
điều thích thú, điều thú vị, chuyện thú vị
chấn lột, sự chấn lột
hồi lại
nhìn lén, nhìn trộm, lén nhìn
thuộc địa hoá, biến thành thuộc địa
dời, di dời, di chuyển, dời chỗ, vận động
xếp loại, phân loại, phân hạng, phân cấp, xếp hạng
quân bài crib
kéo, lôi, giật, hành động kéo, hành động lôi, hành động giật
hẹn hò bí mật
sự bắn phá, sự oanh tạc
điều chỉnh, điều hoà
hành vi bạo lực, hành vi vũ lực
sự phòng thủ, sự phòng ngự, sự phòng vệ
sự cho nghỉ việc, sự cho thôi việc, sựu miễn chức, sự sa thải
cú nhảy lộn nhào, cú nhảy nhào lộn
cú đánh hai chốt
chiến tranh vi khuẩn, chiến tranh vi trùng
diễn tập, tập trận, diễn tập chiến thuật
nhảy qua
sự thủ dâm, thói thủ dâm
trung phong, trung phong ném bóng, ném bóng, quarterback, cầu thủ trung phong
vị trí chốt gôn một, vị trí chốt gôn 1, first baseman
sinh con, đẻ con
ủng hộ, hậu thuẫn, hỗ trợ, tương trợ, sự ủng hộ, sự hậu thuẫn, sự hỗ trợ, sự tương trợ
sự bộc lộ, sự biểu lộ, sự biểu hiện, sự thể hiện
loạt đánh qua lại
thuật khấu chẩn
lái xe hóng gió, chạy xe hóng gió, lái xe đi dạo, chạy xe đi dạo
tấn công, đột kích, cuộc tấn công, sự tấn công, pha tấn công, cuộc đột kích
sự gieo xúc xắc, sự đổ xúc xắc
bất hòa, cãi vã, cãi lộn, hiềm khích, tranh chấp
phép chia
lễ, nghi lễ, nghi thức
sự hoãn thi hành án, sự giảm án
hoạt động tình báo, hoạt động gián điệp
sự chống cự, sự kháng cự, sự đối đầu, sự chống đối
sự thể hiện, sự biểu hiện, sự diễn xuất
sự suy thoái, sự thoái hoá, sự thoái trào, sự thoái bộ, sự thoái lưu, sự tụt lùi, sự xuống dốc, sự đi xuống, sự giảm sút
sự thăng tiến, sự tăng tiến
đường lối, phương thức, đường lối hành động, phương hướng hành động, phương thức hành động
ăn kiêng, ăn chay
xoạc, xoạc dọc, xoạc chân, ngồi xoạc, ngồi xoạc chân
đổi, thay, thay thế, chuyển đổi
lỗi giao bóng, sự giao bóng nhầm ô, quả bóng giao nhầm ô
sự thu thập, sự tập hợp
vẩy nước, té nước, hắt nước, vẩy tung toé
ván, ván bài
cuộc đấu tay đôi, cuộc chiến tay đôi, cuộc so tài tay đôi, cuộc đọ tài tay đôi, cuộc tỉ thí tay đôi
tận tuỵ, tận tâm, sự tận tuỵ, sự tận tâm, lòng tận tuỵ
đại phẫu, đại phẫu thuật
tội, tội lỗi, tội ác
rửa, tắm, tắm rửa, rửa ráy, vệ sinh, tắm táp
nuốt, nuốt gọn, nuốt chửng, động tác nuốt
hậu vệ, vị trí hậu vệ
phá huỷ chiến đấu cơ, phá huỷ động cơ chiến đấu
lễ phép, lễ độ, lịch sự, lịch thiệp, cử chỉ lễ phép, cử chỉ lễ độ, cử chỉ lịch sự, cử chỉ lịch thiệp
sự kinh ngạc, sự ngạc nhiên, sự sửng sốt
viết tay, việc viết tay, viết lách
chăm sóc sắc đẹp
sự kết án, sự kết tội, tuyên cáo kết tội, tuyên cáo kết án, tuyên cáo buộc tội
thể thao ngoại khoá, hoạt động thể thao ngoại khoá
đánh bóng
sự xung đột, sự đụng chạm, sự mâu thuẫn, sự cạnh tranh
tưới tiêu, tưới tắm, tưới, việc tưới tiêu, việc tưới tắm, việc tưới
đánh giá, nhận xét, định giá, ước lượng, sự đánh giá, sự nhận xét, sự định giá, sự ước lượng
sự sử dụng, sự dùng
ơn, ân, ơn huệ, đặc ân, ân huệ
trình tự tố tụng pháp định
sự theo dõi, sự theo đuôi, sự bám sát
trò bịp, chiêu trò
sự sờ mó, sự sờ soạng
khám xét
kiêng, kiêng cữ, kiêng khem, tiết chế, ăn kiêng
hoàn thành, hoàn tất
sự rung chuyển, sự chấn động, sự rung động
mổ, phẫu thuật
phép xức dầu thánh
thông dâm, gian dâm, ngoại tình
do thám, thăm dò, gián điệp
sự cản phá
hành vi bạo hành, hành vi bạo ngược
cú rơi thụp, cú rơi phịch
cú quất roi, cứ quật roi
nổi dậy, cuộc nổi dậy
bắt đầu, khởi đầu, khởi xướng, ra mắt
sự o bế, sự giam hãm, sự kiểm soát
giải quyết
sức quyến rũ
lừa gạt, lừa đảo, lừa dối, lừa bịp, mánh khoé lừa bịp, trò lừa dối, lừa gạt, sự lừa gạt, sự lừa đảo, sự lừa dối, sự lừa bịp
tha tội, xá tội, sự tha tội, nghi thức tha tội, sự xá tội, miễn xá tội, tha thứ tội, sự tha thứ tội, tha thứ tội lỗi, sự tha thứ tội lỗi, sự miễn xá tội
đòn khoá chân, miếng khoá chân
giảm giá
hoãn, trì hoãn
sự sửa lại
cú phá bi
nước bước, nước chạy, nước đi
sự sửa lỗi, sự sửa sai, sự sửa chữa, sự sửa
sự hút, sự hít, sự bú
sự sát hại, vụ sát hại
kịch hoá, sự kịch hoá
mạ thiếc, tráng thiếc
quay, xoay, rẽ, ngoặt, vòng
sự khen thưởng, sự tưởng thưởng, thưởng, khen thưởng
công bố, ban bố, sự công bố, sự ban bố
nôn, mửa, ói, nôn mửa, nôn oẹ
ngáp
trò múa rối, nghệ thuật múa rối
buổi diễn tập, buổi tập dượt, buổi diễn thử
sự nói xấu, sự phỉ báng, sự vu khống, sự bôi nhọ, lời nói xấu, lời vu khống
hành động
thuật huyền bí, phép thuật huyền bí
hạn định
đi lại, việc đi lại
sự bỏ dở, sự bỏ cuộc
trò chơi trẻ con
sự sáp nhập
việc trâu chó
bạt tai, tát, tát tai
phương thức, cách, cách thức, biện pháp
sự bắn, phát súng, xạ kích, sự phóng đi
cú giật
chuyển, chuyển đi
bè phái, bè cánh, bè đảng, chia bè cánh, chia bè phái, chia bè đảng
cú đánh một chốt, cú đánh chiếm gôn thứ nhất
hoạt động kinh doanh
ném, tung, quăng, liệng, phi, vứt
bò, sự bò
vuốt ve, mơn trớn, âu yếm, sự vuốt ve, sự mơn trớn, sự âu yếm, cử chỉ vuốt ve, cử chỉ âu yếm, cử chỉ mơn trớn
đo lường tâm thần, trắc lượng tâm lí
tiếng vang
sự cầm đầu, sự lãnh đạo, sự dẫn dắt, sự chỉ huy, sự đứng đầu
xoay, quay, sự quay, sự xoay, sự quay vòng, sự quay vòng
thành công, sự thành công
sự trả góp, sự trả dần, sự trả dần món nợ
sự giao nhau, sự cắt nhau
tẩy chay, bài xích, sự tẩy chay, sự bài xích
sự nổi loạn
vi phẫu
giáo dục tiểu học, giáo dục sơ cấp, giáo dục cơ bản, giáo dục sơ đẳng
tổ chức, cơ quan
sự trợ cấp, sự cứu tế, sự cứu trợ, sự cứu giúp
sự tương đồng, sự tương tự, tính tương đồng, tính tương tự
té nước
ứng dụng, sự ứng dụng, áp dụng, sự áp dụng, việc ứng dụng, việc áp dụng
làm tình, quan hệ, ân ai, ái ân, sinh hoạt tình dục, quan hệ tình dục
chối, từ chối, chối từ, khước từ, chối bỏ, bác bỏ
thở, thở ra
chọn, lựa, lựa chọn, chọn lựa, chọn lọc, tuyển chọn
ấn, nhấn, kẹt, ấn xuống, nhấn xuống, nén xuống, kẹt xuống
sự trở về, sự quay về, sự trở lại, sự quay lại, sự quay trở lại, sự quay trở về
sự kết hợp, sự hợp nhất
ngăn cản, cản ngăn, ngăn trở, sự ngăn cản, sự cản ngăn, sự ngăn trở
sự khơi dậy, sự khơi nguồn
luộc, nấu
việc kiện, việc kiện cáo, việc kiện tụng
lòng tốt, sự nhân ái, sự nhân hậu, sự nhân từ, sự tốt bụng
lễ thụ phong, lễ tấn phong, lễ thụ chức
quản lí chất lượng, quản lý chất lượng, kiểm soát chất lượng
gập, uốn gập
sứ mệnh, sứ mạng, nhiệm vụ, phi vụ, sứ vụ
trốn, lẩn trốn, lẩn tránh
nhóm họp, họp hành, hội họp, tụ tập, tụ hội, tụ tập
tiêu, chi, chi tiêu, tiêu pha, tiêu tiền, chi phí
đối đầu, đối địch, đương đầu, sự đối đầu, sự đối địch, sự đương đầu
thành quả, việc, việc thực hiện
gia cố, củng cố, tăng cường
làm bị thương, làm bị đau, làm tổn thương, làm chấn thương
sự thay đổi toàn bộ, sự thay đổi hoàn toàn, việc thay đổi toàn bộ, việc thay đổi hoàn toàn
giữ, giữ lại, bảo lưu
sự thống trị, địa vị thống trị
sự phản đối, sự kháng nghị, sự bác bỏ
đồ hoạ in khắc, đồ hoạ in ấn, in ấn
dấu ấn
uỷ nhiệm, uỷ thác, giao phó, uỷ thác, sự uỷ nhiệm, sự uỷ thác
gắng sức
sải, nhịp, sải bơi, nhịp chèo
trục xuất
mô phỏng, hình ảnh, bức tranh, sự mô phỏng
định lượng
sự tránh, sự lảng tránh, sự trốn tránh, sự lẩn tránh, sự lẩn trốn, sự thoái thác, sự né tránh
sự làm sứt, sự làm mẻ, sự làm sứt mẻ
biến dị, bất bình thường, hành động khác thường, động thái khác thường
kí hoạ, vẽ vời, việc vẽ vời, việc kí hoạ
sản xuất, sản sinh, chế tạo, sáng tác, sáng tạo, sự sản sinh, sự sản xuất, sự chế tạo, sự sáng tác, sự sáng tạo
sự quay, sự quay phim
sự làm mới lại, sự đổi mới, sự cải tiến, sự sửa chữa lại
tẩy, rửa, gột, lau, dọn, tẩy rửa, gột rửa, làm sạch, lau dọn
việc ăn hại, việc phá hại, việc hỏng ăn
thở dốc, thở hổn hển
vinh dự, vẻ vang
nâng chân vuông góc, ép chân vuông góc, kip, động tác kip
múa thoát y
sự pha trộn, sự trộn lẫn
sưu tập, sưu tầm, góp nhặt, thu gom, thu thập, tập hợp, sự sưu tập, sự sưu tầm, sự góp nhặt, sự thu gom, sự thu thập, sự tập hợp
đóng gói, đóng hộp
sự khiếm nhã
chặng, đoạn, chặng đường, lộ trình
sự nổ súng, sự bắn súng
sự làm vỡ, sự làm gãy, sự làm toạc, sự làm đứt
sửa, sửa chữa, cải chính, đính chính, hiệu chỉnh, sự sửa, sự sửa chữa, sự cải chính, sự đính chính, sự hiệu chỉnh
tấn công, tiến công, công kích, đột kích, phản kích, tập kích
phán quyết, quyết định của toà
chạy, vận hành, khởi động, điều khiển
đấm, chọc, huých, hích, thọc, thúc
xâm lược, công kích, sự xâm lược, sự công kích, sự gây sự, sự gây hấn
sự do thám, sự trinh sát, sự thám thính, sự dò xét
lắp ghép, lồng ghép
vấp, gặp, mắc, vấp phải, gặp phải, mắc phải, rơi vào
dòng cuồn cuộn
tiên lượng, dự đoán
đòn bóp nghẹt
bất ngờ, ngạc nhiên
thoát li, thoát ly, khuynh hướng thoát li, khuynh hướng thoát ly
sự trượt, sự đánh trượt
sự phù hợp, sự thích hợp, sự tương thích
đuổi, trục xuất
tấn công, xâm phạm
tách cổ phiếu, chia cổ phiếu, chia tách cổ phiếu, tách chia cổ phiếu
thị sát, tuần tra, đến khám, khám xét
săn bắt, săn bắn, đi săn
hôn ước, hứa hôn, lời hứa hôn, sự hứa hôn
trốn nợ, bùng nợ
open frame, ném mở
khoan hồng, sự khoan hồng, khoan dung, vị tha, bao dung
tấn công
để, đặt
sự cố gắng, sự phấn đấu, sự nỗ lực, sự ra sức, sự ráng sức, sự hết sức, sự tận lực, sự hết sức hết lòng, sự tận tâm tận lực
sự tạm nghỉ, sự tạm ngừng, sự tạm ngưng
tung hứng, trò tung hứng
tổng thống Hoa Kì, tổng thống Hoa Kỳ, tổng thống Mĩ, tổng thống Mỹ
trợ cấp, tiền trợ cấp
chuyển hàng, giao hàng, phát hàng, chuyển phát hàng, giao phát hàng
quyền
giải ngũ, phục viên
gấp lên, gập lên, vén lên, xắn lên
sự khuất dạng, sự mờ dần, sự biến mất
viết, viết văn, viết bài, viết sách, sáng tác
khoan dầu mỏ, sự khoan dầu mỏ, sự khai thác dầu mỏ, sự khoan
trừ, khấu trừ, trừ bớt, giảm thiểu
đỗ đạt, thi đỗ, thi đậu
sự liếm, cái liếm, cú liếm
sự phong chức, sự trao quyền, sự giao quyền
chuyển phát nhanh, giao hàng nhanh, vận tải tốc hành, chuyển phát tốc hành, chuyển phát hoả tốc, chuyển hàng hoả tốc, vận tải hoả tốc, express
thế ôm đấu vật, thế ôm đô vật
đi
cuộc thác loạn, cuộc truy hoan
điều tệ nhất, điều tồi nhất, điều xấu nhất, điều tồi tệ nhất
gian, dối, gian dối, dối trá
chọc thủng tuyến phòng thủ, phá vỡ tuyến phòng thủ
thủ công, lao động chân tay, lao động tay chân
sự phạm pháp
thủ dâm
báo thức, chuông báo thức, kẻng báo thức, còi báo thức
mở rộng, cơi nới, sự mở rộng, sự cơi nới
thủ môn, thủ thành
việc định vị, phát hiện, phát hiện vị trí
cái vặn, cái xoay
mở rộng, phát triển, gia tăng, sự mở rộng, sự phát triển, sự gia tăng
không hoàn thành, không đạt được
sự kháng cáo, sự kháng án
chở, đèo, đưa, mang, vác đi, đưa đi, mang đi, khuân đi, bê đi, chở đi, đèo đi, vận tải, vận chuyển
tập chân, tập cơ chân, tập thể dục chân
bóng ném tường, fives
sự không điều độ, sự quá độ
tụ họp, hội nghị, sự triệu tập
thu hoạch, sự gặt hái
chiến tranh, cạnh tranh, đấu tranh, giao chiến, giao tranh, tranh giành, xung đột
Thập Tự chinh, cuộc Thập Tự chinh, Thập tự chinh, cuộc Thập tự chinh
sự thao diễn, sự diễn tập, sự thao tập
hậu vệ, vị trí hậu vệ, hậu vệ bóng bầu dục, vị trí hậu vệ bóng bầu dục
sự làm nhờn, sự làm liệt, sự vô hiệu hoá, sự làm tê liệt, sự làm tê cứng, sự làm mất hoạt tính, sự làm mất hoạt lực
sự lắp đặt, sự cài đặt, việc lắp đặt, việc cài đặt
thủ dâm
chủ trương, ý định
ấn, nhấn, đè, nén, gí
kiểm tra cỡ trước khi chia độ, sự kiểm tra cỡ trước khi chia độ
đạt tới, tiến tới, tiến đến
nhảy cầu nhào lộn
hiện vật, vật trưng bày, vật triển lãm, hiện vật trưng bày
thể dục thể hình
cuộc điều tra, cuộc truy lùng, cuộc tìm kiếm, cuộc truy tìm
tiến bộ, sự tiến bộ, tiến triển, sự tiến triển
nhảy nhót, nảy bật, nẩy bật, sự nảy lên, sự nẩy lên, sự bật lên
buộc, gắn, trói, cột, đính, trói buộc
dạy phát âm
ngược đãi, bạc đãi, hành hạ, bạo hành, sự ngược đãi, sự bạc đãi, sự hành hạ, sự bạo hành
thể thao
việt vị, lỗi việt vị, lỗi vị trí
làm bẩn, vấy bẩn, làm ô uế, làm hoen ố, làm nhơ bẩn, làm nhơ
việc riêng, chuyện riêng, việc riêng tư, chuyện riêng tư, việc cá nhân, chuyện cá nhân
sự ngọ nguậy, sự ngó ngoáy, sự ngọ ngoạy
sự nhượng bộ, sự đầu hàng, sự chuyển nhượng
điều hành, điều phối, điều khiển, chỉ đạo, chi phối
đi chợ, chợ búa, mua bán, mua sắm, sắm sửa, việc mua sắm, việc đi chợ, việc mua bán, việc sắm sửa
thể thao đối kháng
đạo
cải biên, cải soạn
giới hạn, hạn chế, hạn định, khống chế, áp chế, chế ngự
kéo, sự kéo, dắt, sự dắt
sự tống, sự đuổi, sự xua, sự tống khứ, sự xua đuổi, sự trục xuất, sự đẩy đi, sự tống ra
sự lấy giọng
tự phục vụ, sự tự phục vụ, chế độ tự phục vụ
săn bắn, cuộc săn bắn, trò săn bắn, môn săn bắn
trêu, chọc, ghẹo, chòng, chòng ghẹo, chọc nghẹo, trêu chọc, châm chọc, trêu chòng, châm chích
chuyền, pha chuyền, cú chuyền, quả chuyền
sự thay đổi thuộc tính, sự biến đổi thuộc tính
ảo thuật, trò ảo thuật, trờ diễn ảo thuật, trình diễn ảo thuật, biểu diễn ảo thuật, làm ảo thuật
sự hành hình, sự tử hình, sự hành quyết, sự thi hành án tử
sự lập danh sách, sự lên danh sách
vị trí trung phong, trung phong, vị trí cầu thủ trung phong
thở
băng, băng bó
thăm hỏi, hỏi thăm, đi thăm, tới thăm
chia phần, sự chia phần
biểu diễn máy bay nhào lộn
điệu swing, điệu nhảy swing
chuyển đổi
phung phí, lãng phí, hoang phí, phao phí, phí phạm, phung phá, vung phí
sự chuẩn bị, sự sửa soạn, sự dự bị
sự cắt, sự xén, sự cắt xén
tráng
sự châm lại, sự giảm tốc, sự làm chậm lại
cuộc đi dạo, cuộc dạo chơi, cuốc đi dạo, cuốc bách bộ, cuốc dạo chơi
xì tố, xì pé, phỏm, stud, stud poker
quay tít, xoay tít
lối chơi bóng rổ, cách chơi bóng rổ
sự diễn đạt bằng phương tiện trực quan
cờ bạc, đánh bạc
kết thúc, hoàn thành
phóng tên lửa, phóng hoả tiễn
kích động
sự bơm hơi, việc bơm hơi, sự bơm phồng, việc bơm phồng
cú đánh an toàn, cú đánh bóng an toàn
dời đi, sự dời đi, di dời, sự di dời, di chuyển, sự di chuyển
hoạt động ngoại khoá
đánh răng, việc đánh răng, sự đánh răng
nhiệm vụ
lối thoát, cách trốn thoát
biên lai, giấy biên nhận
ảnh hưởng, tác dụng
sự biến hình, sự biến dạng, sự biến hóa
gây hư hỏng, làm hỏng, phá hỏng
sự giả vờ, sự giả đò, sự giả bộ
chứng thực, chứng minh, xác nhận, kiểm nghiệm
sự phục kích, sự mai phục
thăm hỏi, viếng thăm, thăm viếng
chuyên môn
khoá, khoá học, khoá đào tạo
bắn trúng tâm, bắn trúng điểm đen, bắn trúng hồng tâm, bắn trúng tâm bia, sự bắn trúng điểm đen, sự bắn trúng hồng tâm, sự bắn trúng tâm điểm, sự bắng trúng tâm bia, sự bắn trúng tâm
cú đấm, quả đấm
chương trình
lựa chọn, chọn lựa, sự lựa chọn, sự chọn lựa, việc lựa chọn, việc chọn lựa
trò hề, trò cười
kế toán
khoản trích, phần trích ra, khoản được trích ra, phần được trích ra
bóc lột, cướp bóc, cướp phá, tước đoạt
bạo hành, bạo ngược, hung ác, tàn bạo, tàn khốc, tàn nhẫn, vô nhân đạo, vô nhân tính, hành động bạo ngược, hành động tàn bạo, hành động vô nhân đạo, hành động vô nhân tính
trò khỉ, trò hề, trò nỡm
sự phân chia, sự phân tách
công nghệ
lối chơi, cách chơi
bóng ném Mĩ, môn bóng ném Mĩ
sao chép, sao lại
sự biến đổi, sự chuyển đổi, sự biến hình
quyền chọn mua
sự cách chức
cú đấm, quả đấm
sự thăng chức, sự thăng cấp, thăng chức, thăng cấp
nhóm, nhóm lại
nghi lễ tôn giáo, nghi thức tôn giáo
lễ hội, cuộc vui
chăm sóc y tế, sự chăm sóc y tế
sự bảo mật
việc xét xử, việc sự án
xã hội hoá
xử lí
khôi phục, phục hưng, hồi sinh
ngày hội
Chiến tranh Thế giới I, Đại chiến Thế giới I, Thế chiến I
ân xá, đại xá, đặc xá
thông lệ, thói quen, lệ thường
sự buôn bán, thương mại, thương nghiệp, buôn bán
kết thúc, sự kết thúc, chấm dứt, sự chấm dứt
‘netball’, ‘môn netball’, ‘bóng lưới’, ‘môn bóng lưới’
nụ hôn say đắm, nụ hôn mãnh liệt, nụ hôn nồng cháy, nụ hôn thắm thiết
chuyến đi biển
suồng sã, sỗ sàng
bơi ngắn, bơi cự li ngắn
việc khơi dậy, việc gợi lên, việc khích lệ
trò đánh bài whist, trò chơi bài whist
quyên, quyên góp
phần
sự khôi phục, sự phục hưng, sự hồi sinh, sự sống lại
sự lập chương trình, sự lên chương trình
xâm phạm
sai sót, lỗi vụn vặt
sự hồi phục, sự khôi phục, sự phục hồi
trao đổi, đổi chác, đổi hàng, đổi
sự thích nghi, sự thích ứng
hành động giết người
sự bôi nhọ, sự bôi xấu
khó khăn, trở ngại
khiếm nhã, bất lịch sự, vô lễ, xúc phạm
hoàn tiền, trả lại
ý định, ý đồ, dự định
chợ đen
phát ra, toả ra, bốc ra, phát xạ
nhảy, lò cò, nhảy lò cò
nghệ thuật nhiếp ảnh, thuật nhiếp ảnh, nghệ thuật chụp ảnh, thuật chụp ảnh
đánh lộn, đánh nhau, hỗn chiến, ẩu đả, cuộc đánh lộn, trận đánh nhau, cuộc hỗn chiến, cuộc ẩu đả, trận hỗn chiến, trận ẩu đả
hành vi tội lỗi, hành vi sai trái, hành vi bất chính
công kích, đả kích, sự công kích, sự đả kích
sự thu ngắn lại
thành công ngoài mong đợi, thành công bất ngờ, thành công không ngờ
hơi thở hổn hển
sự cọ, sự vò, sự kì cọ
viễn chinh, cuộc viễn chinh, chuyến viễn chinh
chiến tranh, cuộc chiến, cuộc chiến tranh
cú đánh bóng bổng
nghỉ ngơi, thư giãn, giải lao
hành vi vô trách nhiệm, hành vi tuỳ tiện, hành vi lệch lạc
đi lang thang, đi tha thẩn
phủ thiếc, bọc thiếc, mạ thiếc
thủ thuật đẩy thoát vị, thuật đẩy thoát vị
cú đấm, cú thụi, phát thụi
điệu bộ, dáng dấp, dáng vẻ, tư thế
nhiệm vụ
nhiệm vụ, trách nhiệm
khiêu vũ phòng nhảy
phần thưởng, sự khen thưởng
nhảy cao
lượt, phiên, lần
phát minh, sáng tạo
sự minh oan, sự giải tội
hiện diện, góp mặt, xuất hiện
phân tích, mổ xẻ
kí tên, sự kí tên, ký tên, sự ký tên
phấn đấu
phức tạp hoá, sự phức tạp hoá, sự phức tạp, sự rắc rối
lao theo hình xoắn ốc, sự lao theo hình xoắn ốc, bay theo hình xoắn ốc, sự bay theo hình xoắn ốc
phân tích
công việc, việc làm
lao động nghệ thuật, sáng tạo nghệ thuật
lập, tạo, làm, tạo lập, đặt, nghĩ, sáng chế, phát minh, lập ra, tạo ra, làm ra, tạo lập ra, đặt ra, nghĩ ra, sáng chế ra, phát minh ra
gặp gỡ tình cờ, gặp gỡ bất ngờ, cuộc gặp tình cờ, cuộc gặp bất ngờ
thị sát
liên minh, sự liên minh, tạo đồng minh, việc tạo đồng minh
sự kiểm tra, sự thẩm tra
rề rà, lần lữa, diên trì, lâu la, câu giờ, tốn thì giờ, sự rề rà, sự lần lữa, sự lâu la, sự câu giờ, sự tốn thì giờ
sắp lại, xếp lại, sắp xếp lại, sắp đặt lại, xếp đặt lại
tăng giá, sự tăng giá
việc thông khí, sự thông khí, việc thông hơi, sự thông hơi
thất bại
sự leo trèo, sự leo, sự trèo
tổ chức, sự tổ chức, việc tổ chức
thính chẩn, nghe bệnh, sự nghe bệnh
động tác đạp chân
ngáy, kéo gỗ, việc ngáy
việc làm ăn phi pháp, việc làm ăn bất hợp pháp, việc làm ăn gian dối
thể dục, tập thể dục, luyện tập thể dục
lái, điều khiển, việc lái, việc điều khiển, sự điều khiển
bán, được bán
bước, điệu, động tác
làm thoả, làm đã, làm thoả lòng, làm thoả nguyện, làm mãn nguyện, làm toại nguyện, làm vừa lòng, làm hài lòng, làm vừa ý
cuộc họp, cuộc hội họp, cuộc gặp, cuộc gặp gỡ, sự gặp mặt, sự gặp gỡ
sự lăn, sự quay
sơ tuyển, bầu cử sơ bộ, cuộc sơ tuyển, cuộc bầu cử sơ bộ
sóng, làn sóng
làm rỗng, làm trống, moi rỗng, xoá sạch, trút sạch
thoả mãn, buông thả
sự tống đạt, sự gửi
vượt, vượt lên, vượt lên trên, vượt lên trước
gặm, gậm gặm cỏ, gậm cỏ, ăn cỏ, sự gặm cỏ, sự ăn cỏ
vi phạm, sự vi phạm
nhạo báng, chế nhạo, cười cợt, chế giễu, sự nhạo báng, sự chế nhạo, sự cười cợt, sự chế giễu
trừ, phép trừ
old maid, bài old maid
sự nổ súng, việc nổ súng, sự khai hoả, việc khai hoả, sự bắn súng, việc bắn súng
đòn đánh trả, đòn phản công, cú trả đũa, cú phản công, miếng đánh trả lại
xô đẩy, sự xô đẩy, chen lấn, sự chen lấn
biểu diễn nhào lộn, nhào lộn, nhào lộn nguy hiểm
cứu hộ biển, cứu nguy trên biển, cứu nạn trên biển
luyện tập
sự ân cần, sự chu đáo, sự săn sóc
trang hoàng, trang trí, trang điểm
khoa học chính trị
hiện thân
phát đẩy, cú đẩy, chưởng
kích thích, vuốt ve mơn trớn, khúc dạo đầu
sự di chuyển theo đội hình, đội hình đội ngũ
sự chuyển, sự di chuyển, sự dịch chuyển
sự bỏ, sự từ bỏ, từ bỏ
giết thịt, mổ thịt, giết mổ
ở, ngụ, cư trú, định cư, cư ngụ, trú ngụ, tạm trú, sự ở, sự cư trú, sự định cư, sự cư ngụ, sự trú ngụ, sự tạm trú
chè chén vô độ, ăn uống sả láng, chè chén sả láng, ăn uống vô độ
y, y học, y khoa
sự bỏ rơi, sự vứt bỏ, sự từ bỏ, sự ruồng bỏ
sự cứu tế, sự trợ cấp, sự cứu viện
tiếp thị, marketing
trò chơi trong nhà
khảo sát, nghiên cứu, điều tra, cuộc khảo sát, cuộc nghiên cứu, cuộc điều tra
sự chuộc thân, sự chuộc, việc chuộc, nộp tiền chuộc thân
bạo hành, hành hung, tấn công, vụ bạo hành, vụ hành hung, vụ tấn công, cuộc tấn công
công nghiệp hoá, sự công nghiệp hoá
sự quét, sự dò quét, scan
cản trở, trở ngại, ngăn cản, can ngăn, gây trở ngại
sự lập pháp, sự làm luật, sự xây dựng luật
điều tra, điều tra nghiên cứu
nhập thành
ghé qua, ghé thăm
đánh đồng, cào bằng, sự đánh đồng, sự cào bằng
đeo mặt nạ, gắn mác, đội lốt
vỏ bọc
bước đầu, mở đầu
lễ, nghi lễ, nghi thức
sự đốt, sự thiêu, sự thiêu sống
kiến ngãi bất vi, thấy việc nghĩa không làm
đánh thức, đánh thức dậy, sự đánh thức, sự đánh thức dậy
giáo dục trung học
sashay, điệu sashay, điệu nhảy sashay
phân, phân bố, phân bổ, phân phối
ép, nén, đè, vắt
nhiệm vụ
cú lao, chạy ù, phóng
nhậu, nhậu nhẹt, chè chén, cuộc nhậu, cuộc nhậu nhẹt, cuộc chè chén, bữa nhậu, bữa nhậu nhẹt, bữa chè chén,
khúc côn cầu trên băng
nghi thức, hình thức thờ phụng, lễ nghi
đối chiếu, sự đối chiếu
vệ sinh cá nhân, việc vệ sinh cá nhân
công lao, công trạng
tiểu phẫu, tiểu phẫu thuật
ngửi
chuyến đi ngắn
mưu kế, mưu chước, mưu mẹo, kế sách
liên lạc, sự liên lạc
ném, vứt, quăng, liệng
đâm, nhát đâm, cú đâm
sự biểu diễn âm nhạc, sự trình diễn âm nhạc
bóng rổ, môn bóng rổ
bắn tung, bắn tung toé
liệu pháp bức xạ, phép chữa bệnh bằng tia phóng xạ, phóng xạ trị liệu, phép xạ trị, xạ trị
lảng vảng, rình mò
cải cách ruộng đất, sự phân chia lại ruộng đất
hút thuốc
công nghệ cao, công nghệ hiện đại, công nghệ tiên tiến
sự cổ vũ, sự khích lệ, sự động viên, sự khuyến khích, sự giúp đỡ, sự trợ giúp
sự gật đầu
bảo dưỡng, bảo trì, trùng tu
cưỡng hiếp, hãm hiếp, hiếp dâm, cưỡng dâm, sự hãm hiếp, sự cưỡng hiếp, sự hiếp dâm, sự cưỡng dâm
lộng quyền, sự lộng quyền, lộng hành, sự lộng hành
trọng tội, tội lớn, tội không thể tha thứ
vui chơi, liên hoan, đi chơi
khử trùng, tẩy trùng, diệt trùng, khử khuẩn, diệt khuẩn, tẩy khuẩn, khử vi khuẩn, tẩy vi khuẩn, diệt vi khuẩn, tiêu diệt vi trùng, tiêu diệt vi khuẩn
việc, việc làm, công ăn việc làm
làm thủ công, làm bằng tay, thao tác, thao tác thủ công, thao tác bằng tay
gạ, dê, dụ, ve vãn, gạ gẫm, dụ dỗ, kích thích, khiêu khích, khiêu dâm
đánh bóng, chùi bóng, lau bóng
làm phim, sản xuất phim
cố gắng, phấn đấu, sự theo đuổi, sự đeo đuổi, sự cố gắng, sự phấn đấu, sự đấu tranh, sự tranh đấu, sự chiến đấu
chạm bóng, tag
sự lê bước, sự lê chân, sự kéo lê
điện phân, triệt lông điện phân, phương pháp điện phân, electrolysis
đấu giá, bán đấu giá, đem bán đấu giá, đấu giá công khai
thao tác bằng tay, thao tác thủ công
đập, đập vỡ, đập tan, đập nát, đập vụn, phá tan, phá vỡ, đánh sập, kéo đổ, nổ bom, đập vỡ tan, đập vỡ tan tành, phá tan tành
công cuộc, việc lớn, nỗ lực
đút lót, hối lộ
tịch biên, tịch thu, tịch thâu, sung công
nhã nhặn, lịch sự, sự lịch sự, sự nhã nhặn, tác phong lịch sự, tác phong nhã nhặn
sự làm mượt, sự làm phẳng, sự làm nhẵn, sự vuốt mượt
ngăn, cản, ngừng, dừng, cấm, đình, ngăn cản, ngăn chặn, ngăn cấm, cản phá, đình chỉ, cấm cản, dừng lại, ngừng lại
hậu cần, điều phối, bố trí, sắp xếp, bố trí sắp xếp
truyền, truyền bá, quảng bá, triển khai, mở rộng, phát triển, phổ biến, truyền đi, lan đi
việc đóng vai, sự đóng vai, việc bắt chước, sự bắt chước
sạt, sượt, tướt, tượt, xớt, sạt qua, sượt qua, tướt qua, tượt qua, xớt qua
dáng đi khệnh khoạng, dáng đi nghêng ngang, dáng đi vênh váo, kiểu đi khệnh khạng, kiểu đi nghênh ngang, kiểu đi vênh váo
sự phân phát, sự phân phối, sự giao hàng
kết đôi, giao phối, giao hợp
việc li thân, việc ly thân
lễ hội, liên hoan
kháng chiến chống Mĩ, Kháng chiến chống đế quốc Mĩ, kháng chiến chống Mỹ, Kháng chiến chống đế quốc Mỹ, Kháng chiến chống Mĩ cứu nước, Kháng chiến chống Mỹ cứu nước, chiến tranh chống đế quốc Mĩ, chiến tranh chống đế quốc Mỹ, chiến tranh Việt Nam
contract, contract_bridge, bài cầu hợp đồng
cái đẩy, sức đẩy
tiết kiệm, cần kiệm, căn cơ, sự tiết kiệm, sự cần kiệm, sự căn cơ
trò chơi trên bàn cờ, board_game
poker, xì tố, xì phé, đánh bài xì tố, đánh bài xì phé, trò đánh bài xì tố, trò đánh bài xì phé, chơi bài xì tố, chơi bài xì phé́
khởi tố
hoạt động nhóm
đi vẩn vơ, đi vơ vẩn, đi thẩn thơ, đi thơ thẩn, sự đi thẩn thơ, sự đi vẩn vơ, sự đi lang thang
bài văn, bài viết, bài báo
cất giữ, lưu giữ, tích trữ
sự bán phá giá, bán phá giá
lớp nghề, lớp dạy nghề, lớp học nghề
trò lá mặt lá trái, sự ăn ở hai lòng, sự hai lòng
sự đung đưa, sự dao động, sự đu đưa, sự vung vảy, sự vung vẩy
đổ máu, sự đổ máu
thở hổn hển, sự thở hổn hển, sự khó thở, sự thở dốc
trung lập
sưu dịch, lao dịch, lao động khổ sai, lao động cưỡng bức
ăn, chén, đớp, hốc, măm, ngốn, tọng, xơi, xực
nhầm, lẫn, lầm, lộn, nhầm lẫn, lầm lẫn, lẫn lộn
khúc côn cầu sân cỏ
lỗi ngớ ngẩn
giảm, hạ, bớt
mổ xẻ
môn xà kép
lao động trí óc, nghề lao động trí óc
điệu tuýt, nhảy tuýt, tuýt
hít một hơi, rít một hơi
thành quả, thành tích, thành tựu
kiểm tra, khảo thí, sát hạch
vượt ngục, đào tẩu, cuộc vượt ngục, cuộc trốn tù, cuộc trốn trại, cuộc đào tẩu
vụ nổ súng, sự nổ súng, sự bắn
cú phát bóng ăn điểm
khám, khám xét
sự than khóc, sự bi ai, sự bi thán, sự than vãn, sự sầu muộn
sự cung cấp nước, sự cấp nước
công nghiệp, ngành công nghiệp
thò ra, lòi ra, lồi ra
chạm trán, xô xát
quản lí, điều hành, chỉ huy, trông nom, điều khiển
nhân danh
ợ, ợ hơi, sự ợ, sự ợ hơi
sự thở khò khè
xáo trộn, đảo lộn, rối loạn
lừa, lừa bịp, lừa dối, lừa đảo, lừa gạt, sự lừa bịp, sự lừa dối, sự lừa đảo, sự lừa gạt
bắt, tóm, vồ, chụp, chộp
lối chơi tấn công, cách chơi tấn công
điệu nhảy hai hàng sóng đôi
mùa thu hoạch, vụ thu hoạch, kỳ thu hoạch, mùa gặt hái, mùa gặt, mùa thu hoạch, vụ gặt, vụ gặt hái
phép tính, phép toán
cơ sở tài liệu, cơ sở
hành vi
chơi xỏ, chơi khăm, chơi đểu, trò chơi xỏ, trò chơi khăm, trò chơi đểu, trò tinh nghịch, trò đùa tinh quái, trò đùa ác ý, trò đùa ma quái
kịch câm
buổi kinh chiều, buổi cầu kinh chiều
sự bớt căng thẳng, tình trạng bớt căng thẳng, sự giảm căng thẳng, tình trạng giảm căng thẳng
sự ép, sự vắt, sự siết, sự siết chặt, sự bóp, sự nén, sự nặn
giết, giết người, mưu sát
sự lập trình, lập trình máy tính
kungfu, môn kungfu
trung phong
sự bắn tỉa, phát bắn tỉa, hành động bắn tỉa
mát-xa, sự xoa bóp, sự mát-xa, sự thoa bóp
dự, có mặt, hiện diện, tham dự, tham gia, sự có mặt, sự hiện diện, sự tham dự, sự tham gia
nhạc nhạc cụ, nhạc nhạc khí
đốt, thiêu, sự đốt, sự thiêu, sự đốt cháy, sự thiêu cháy
chăm sóc, sự chăm sóc
bốc thăm trúng thưởng, trò chơi bốc thăm trúng thưởng
biểu hiện, biểu thị, đại diện, thay mặt
bước
sự thuê, sự mướn, sự thuê làm, sự dùng
bước nhẹ, bước khẽ
phơi phim
bài thể dục dụng cụ với vòng, bài tập chống tay chân trong vòng
công việc lí tưởng, công việc đích thực, nghề nghiệp lí tưởng, nghề nghiệp đích thực
sự rào lại
lễ nhà thờ, lễ
trò cười, trò hề, trò đùa
bắn, xạ kích, bắn phá
phê chuẩn, tán thành
phong tục, tập quán, thói quen
chạy, việc chạy
quan hệ, mối quan hệ, sự liên hệ, mối liên hệ
khoan hồng, lượng khoan hồng, lòng khoan hồng
phúc thẩm, thẩm vấn lại, hỏi cung lại
thanh trừng, cuộc thanh trừng
ghi âm, thu âm, ghi lại, sao lại, thu thanh
bản án cuối cùng, quyết định cuối cùng, phán quyết cuối cùng
tập kích, đột kích, cuộc tập kích, trận tập kích, vụ tập kích, cuộc đột kích, trận đột kích, vụ đột kích
sự cho, sự tặng, sự biếu
sự rút hết, sự bòn rút hết, sự tiêu hao, sự làm kiệt quệ
hít thấy
lừa đảo, lừa gạt, lừa phỉnh, lừa bịp, sự lừa gạt, sự lừa phỉnh, sự lừa bịp, trò lừa bịp, trò lừa phỉnh, sự lừa đảo, sự gian lận
dạo, đi dạo, đi bộ, tản bộ, bách bộ, sự đi dạo, sự đi bộ, sự tản bộ, sự bách bộ
chằm chằm, trừng trừng, chăm chăm, nhìn chằm chằm, nhìn trừng trừng, nhìn chăm chăm
sự rèn luyện, sự tập luyện, sự luyên tập
bắt giữ, việc bắt giữ
nuốt chửng
phản kháng, phản đối, chống đối,
phản kháng phi bạo lực, chủ trương bất hợp tác
trò chơi dùng bóng, trò chơi sử dụng bóng
khám phá, phát hiện, khám phá ra, tìm ra, nhận thấy, dò thấy, dò ra
ẩu đả, đánh nhau, uýnh lộn, đánh lộn, xô xát, cuộc ẩu đả, vụ ẩu đả, vụ đánh nhau, vụ uýnh lộn, vụ đánh lộn, vụ xô xát
giao hợp, giao cấu, giao phối, làm tình, quan hệ tình dục
sự thay đổi độ lớn
khom, khom lưng, khom người
huấn luyện, rèn luyện, đào tạo
gôn, đánh gôn, môn đánh gôn, golf
công nghệ, kĩ thuật, kỹ thuật, kĩ thuật công nghiệp, kỹ thuật công nghiệp
thu thập thông tin
hoạt động giác quan, tri giác
hớp, ngụm, hụm, tợp
phạt, xử phạt, trừng phạt
sót, bỏ sót, bỏ quên
quan hệ tình dục, làm tình, giao cấu
cản trở, cản lại, chặn lại, ngăn chặn
vội, vội vàng, vội vã, gấp rút
giả tạo, sự giả tạo
xoay, quay, vặn, sự xoay, sự quay, sự xoay vòng, sự quay vòng
phá vây, mở đường máu, cuộc phá vây, cuộc mở đường máu, đợt xung phong
mưu, mẹo, mánh, kế sách, phương sách, phương kế, chước mưu
hành trình, cuộc hành trình
sự đi trước, sự ưu tiên, quyền ưu tiên
sự sum họp, sự họp lại, sự hợp nhất lại
chiến tranh thế giới, đại chiến, đại chiến thế giới, thế chiến
mua hàng, mua sắm, việc mua sắm
giảng, diễn thuyết, thuyết trình
phân phối, phân bố, phân chia, phân phát
tư thế, cử chỉ, điệu bộ
sự đu đưa, sự đung đưa
sự bị điện giật, bị điện giật, bị giật điện, sự bị giật điện, sự bị giật
hội hoạ, nghệ thuật hội hoạ
lời nói đùa, lời nói giỡn
chiến dịch
tra khảo, tra tấn
doanh nghiệp, doanh nghiệp lớn
sự phản bác, sự bác bỏ, sự phản chứng, sự biện bác
cắt
sản xuất thừa, sản xuất dư, sản xuất quá nhiều, sự sản xuất thừa, sự sản xuất dư, sự sản xuất quá nhiều
luyện tập dùng súng, việc luyện tập dùng súng, sự luyện tập dùng súng
phong chức, hành động mặc lễ phục
sắp xếp lại, xếp đặt lại, bố trí lại, sắp đặt lại, sự sắp xếp lại, sự xếp đặt lại, sự bố trí lại, sự sắp đặt lại
đụng, chạm, tiếp xúc, đụng chạm
tụ tập, sự tụ tập, việc tụ tập, tụ hội, sự tụ hội
tắm
việc tuần tra
sự pha loãng, sự làm loãng, việc pha loãng, việc làm loãng
lệ, thói, điển lễ, nghi thức
tới gần, đến gần, tịnh tiến, việc tới gần, việc đến gần, sự tịnh tiến
sự kháng cự, sự chống cự
thổi, xì, hỉ
sự sửa, sự sửa đổi, sự sửa lại, sự biến đổi, sự thay đổi
co, co rút, sự co, sự co rút
thay, thế, thay thế, thay chỗ, thế chỗ
gửi, gởi, chuyển, truyền
đột phá, bứt phá
mua bán, việc mua bán, thương vụ, mua tậu, thu mua
vũ trang, sự vũ trang, trang bị vũ trang, sự trang bị vũ trang, võ trang, sự võ trang, trang bị võ trang, sự trang bị võ trang
đàn áp, nghiền nát, đập tan
sở hữu, chiếm hữu, sự sở hữu, sự chiếm hữu
thảm hoạ, cái hoạ, hoạ
thi nhảy, thi khiêu vũ
tập trung, việc tập trung, tụ hội, việc hội tụ, qui tụ, việc qui tụ, quy tụ, việc quy tụ, quỵ tụ lại, việc qui tụ lại, qui tụ lại, việc qui tụ lại
trả thù, trả đũa, trả miếng, rửa thù, rửa nhục, rửa hận
uốn, uốn cong, bẻ cong
rửa, tẩy rửa, rửa ráy, vệ sinh
hoạt động quân sự, hành động quân sự, chiến dịch
hành động phi nghĩa, hành vi ngang trái
định vị, phân vùng, sự định vị, sự phân vùng
đền đáp, đáp lại
khai thác quá mức
ngoại tình, thông dâm, gian dâm
bóng chuyền, môn bóng chuyền
hành động lẩn tránh
phần việc
sự quẹo, sự ngoặt, sự chuyển hướng, sự rẽ ngoặt, sự rẽ quặt
cản, cản trở, cản ngăn, ngăn trở, ngăn cản
phản xạ vô điều kiện, phản xạ tự nhiên, phản xạ không điều kiện
quay đi, ngoảnh đi
đi bộ đường dài
chủng ngừa
quyết định của trọng tài
tình dục đồi truỵ, tình dục bất bình thường
mang, vác, khuân, khiêng, chở, ẵm, bồng, bế
chức trách bộ trưởng, công việc của bộ trưởng
cải cách, đổi mới, cuộc cải cách, chiến dịch cải cách, chiến dịch đổi m
sự quy định, điều quy định
thay đổi, biến đổi, sự đổi, sự thay đổi, sự biến đổi
cú đánh bóng sống, cú đánh vô-lê, cú đánh vôlê
sự sinh đẻ
tổng tuyển cử, cuộc tổng tuyển cử, chiến dịch tổng tuyển cử
bước, bước đi
đuổi bắt, trò chơi đuổi bắt
bỏ, vứt bỏ, từ bỏ, bỏ rơi, ruồng bỏ, sự bỏ, sự từ bỏ, sự bỏ rơi, sự ruồng bỏ
công việc hàng ngày, công việc thường ngày, công việc thường nhật, hoạt động hàng ngày, hoạt động thường ngày, hoạt động thường nhật
sự thám hiểm, sự thăm dò
bóc lột, ức hiếp, ngược đãi, lạm dụng
kính trọng, tôn kính, sự tôn trọng, sự tôn kính, lòng tôn tôn trọng, lòng tôn kính
cú ném bóng nhanh, cú ném bóng tốc độ cao
cắt lông, cạo lông, nhổ lông, làm lông, vặt lông
sự tách rời, sự tháo gỡ, sự gỡ bỏ
phần hay ho, cái hay ho, cái nổi bật
quần vợt, tennis
chạm khẽ, chạm lướt
cơn rùng mình, cơn run
cuộc bầu cử, cuộc tuyển cử
hợp đồng chứng khoán hai chiều
cù, sự cù
kết hợp, sự kết hợp, hành động kết hợp, liên kết, sự liên kết, hành động liên kết, liên hợp, sự liên hợp, hành động liên hợp
nghiên cứu khoa học
sự giả vờ, sự giả cách, sự làm ra vẻ
ì, ỳ, sự ì, sự ỳ, nằm ỳ, trì trệ
cú móc ngang
dẫn đến, dẫn tới
nước đại
phá hoại
huỷ, bãi bỏ, huỷ bỏ, thủ tiêu, trừ khử, triệt tiêu
ép, ép buộc, sự ép buộc
lấy lại sức, sự lấy lại sức
pitch, pitch_shot
xây dựng
sự giữ, sự ghì, sự ôm, sự nắm
chức giáo sư, chức vị giáo sư
hành vi độc ác, hành động đê tiện
phát bổ nhào, cú sà xuống
hành vi phóng túng, hành vi buông thả
ngoạm, đớp
giao dịch ngân hàng
yêu sách
qua lại, có qua có lại
sự giảm, sự giảm bớt, sự cắt bớt
nghi thức, nghi lễ, lễ nghi, lễ thức
chăm sóc răng, chăm sóc răng miệng
cắt, rạch
hạ, đốn, đẵn
trận đấu tập luyện
quan hệ tình dục bằng miệng, quan hệ tình dục bằng mồm
chiến tranh điện từ, cuộc chiến điện từ, trận chiến điện từ
đi quanh, đi vòng quanh
chế tạo, chế tác, tác chế, sản xuất
khoan dung, độ lượng, khoan thứ, rộng lượng
giơ đấu thắng ngược
nền tảng, nền móng
điểm nóng, mục tiêu công kích, mục tiêu ném đá
nghĩa vụ, trách nhiệm, bổn phận, chức trách
việc đi lại, hành trình, chuyến đi
lỗi, sai lầm, lỗi lầm
trò bắt bóng, trò ném bắt
chiến đấu, đấu tranh, tranh đấu, việc đấu tranh, việc tranh đấu
sự trả trước, sự thanh toán trước
trò chơi trên sân
điệu bộ, dáng vẻ, cử chỉ, động tác, dáng dấp, tư thế
buôn gian bán lận, sự buôn bán gian lận
ngừng, bỏ, thôi, đình chỉ
xuống, đi xuống, xuống dốc, sự đi xuống, sự xuống dốc, việc xuống dốc
lên, đi lên
điền kinh
trốn tìm, bịt mắt bắt dê, trò chơi trốn tìm, trò chơi bịt mắt bắt dê
sự xâm phạm, sự xâm lấn, sự xâm chiếm
liên kết, sự liên kết, liên hợp, sự liên hợp, kết hợp, sự kết hợp
hợp, nhập, sáp nhập, hợp nhất, thống nhất
thiên vị, ô dù, dung túng, tây vị, thiên tư, bao che
trốn thoát, trốn chạy, chạy trốn, chạy thoát, đào thoát, đào tẩu, sự trốn thoát, sự trốn chạy, sự chạy trốn, sự chạy thoát, sự đào thoát, sự đào tẩu
hưu trí, việc về hưu, việc nghỉ hưu, việc hưu trí
gia tăng, sự gia tăng, sự tăng, sự tăng lên, sự tăng thêm
thực hiện, sự thực hiện, thi hành, sự thi hành, thực hành, sự thực hành, thực thi, sự thực thi
sự phá rối, sự nổi loạn, sự nổi loạn, sự náo động
thể thao chuyên nghiệp
đột kích, tập kích
làm sáng rõ, làm sáng tỏ, làm rõ ràng, làm tỏ rạng, làm tỏ tưởng
vuốt, xoa, vuốt ve, ve vuốt, mơn man, mơn trớn
sự hỗ trợ, sự viện trợ, sự cứu trợ, sự trợ giúp, sự giúp đỡ
thể hiện khách quan, sự thể hiện khách quan, diễn đạt cụ thể, sự diễn đạt cụ thể
sự khởi thảo, sự thảo
bưu chính thu phát
khôi phục, phục hồi, hồi phục, cải thiện, khắc phục
đánh bóng
tắm hơi
việc thuê, việc mướn
sự tống tiền, tống tiền
hộ tống, tháp tùng
thần học
vận tải, vận chuyển, việc vận tải, việc vận chuyển
sự cử tạ, sự đẩy tạ, sự cử đẩy tạ
viết lách, việc viết, việc viết xuống, sự viết lách, việc viết lách
đấm bốc, quyền anh, boxing
bức xạ, chiếu xạ, phóng xạ
vay, vay vốn, mượn vốn
nhai, nhấm, nhấm nháp
sự đòi hỏi, sự yêu cầu, sự đề nghị
quên, sót, sơ suất, sơ ý, vô ý
sự xoa dịu, sự an ủi, sự yên ủi
sự chuyển, sự giao, sự chuyển giao, việc chuyển giao, sự trao
ném xoáy, phát ném xoáy, cú ném xoáy, cú ném vòng cung
cực khoái, lên đỉnh, thăng hoa, hưng phấn,
strike, cú strike
ghi điểm
đem đi, mang đi
phần
hoạt động, hành động
chớp, nháy, chớp mắt, nháy mắt
xé, bóc, tách
sự chiều chuộng thái quá, sự nuông chiều thái quá, sự cưng chiều thái quá
sự rút lui, sự rút quân, sự tháo lui, sự lui quân, sự lui binh, sự rút binh
tráo, trộn
giao, chuyền, giao bóng, giao banh, chuyền bóng, chuyền banh
thử nghiệm, thí nghiệm, cuộc thử nghiệm, cuộc thí nghiệm, sự thử nghiệm, sự thí nghiệm
bơ, lơ, lờ, phớt lờ, lờ đi, bơ đi
sự đùm bọc, sự chở che, sự chở che, sự bảo vệ, sự che chở đùm bọc
bóng chày, môn bóng chày
đánh, gõ, đập
phản xạ, phản ứng, phản tác dụng, đi ngược lại
hành vi sai trái, việc làm sai trái, hành động sai trái, hành vi phạm tội, việc làm tội lỗi, hành động tội lỗi
nếm, thử, nếm thử
bắt buộc, ép buộc, cưỡng bức, cưỡng chế
đay nghiến, chì chiết, dằn vặt, sự đay nghiến, sự chì chiết, sự dằn vặt
sự canh gác, sự canh phòng
so sánh, đối chiếu, sự so sánh, sự đối chiếu
báo ứng, hậu quả
gây hại, làm hại, làm hư hại, làm thiệt hại, làm hỏng
tiếng xôn xao, tiếng xì xào, tiếng ồn ào
hành trình, chuyến đi
trò chơi ngoài trời
đổi, trao đổi, đổi chác
sự đày ải, sự đi đày, sự lưu đày, sự trục xuất, việc đày ải, việc đi đày, việc lưu đày
kiềm chế, sự kiềm chế, kìm hãm, sự kìm hãm, trói buộc, sự trói buộc
lượt đánh, lượt đánh bóng chày
lên kế hoạch, lập kế hoạch, sự lên kế hoạch, sự lập kế hoạch
điệu nhảy bốn cặp hình vuông
chờ, đợi, chờ đợi, chầu chực, sự chờ đợi, sự chầu chực
cấp phép, sự cho phép, giấy phép, môn bài, đăng kí
tước đoạt, chiếm đoạt, cướp đoạt
nước cờ đầu, nước cờ mở đầu
bay
trò gian lận, trò gian trá, trò bịp bợm, trò lừa đảo
co thắt
lễ hội đường phố
nhăn nhó, nhăn mặt, cau mày
bắt chước, mô phỏng
sự dụ dỗ, sự rủ rê, sự cám dỗ, sự lôi kéo
thảm sát, cuộc tắm máu, vụ tắm máu, cuộc thảm sát, vụ thảm sát, sự tàn sát, cuộc tàn sát, vụ tàn sát
phết mông, phát vào mông, phết đít, phát vào đít, phát vào mông đít
vị trí, cương vị, chức vụ, chức vị, chức, chức trách, địa vị
sự chuyển đổi, sự biến đổi, sự thay đổi
tranh đua, ganh đua, cạnh tranh, tranh tài
sự đeo, sự mang, việc đeo, việc mang, việc mang theo, việc đeo theo
thói quen, tập quán
luồn, lách
lựa chọn, chọn lựa, quyết định, sự lựa chọn, sự chọn lựa, sự quyết định
sự trả thù, sự phục thù, sự báo thù
nước kiệu
cô đặc
xáo, trộn, xáo trộn
sự nuôi dạy, sự dưỡng dục, sự dạy dỗ
bảo dưỡng, bảo trì, bảo quản, trùng tu
quân dịch, nghĩa vụ quân sự
nhào lộn
trò diễn, tiết mục diễn, tiết mục biểu diễn, tiết mục văn nghệ
sự chỉ định, việc chọn
lấy thân cản phá, hành động lấy thân cản phá, lao thân phá bóng
vận trù học, ngành vận trù học
từ biệt, cáo từ, cáo biệt, tạm biệt, chia tay, sự từ biệt, sự cáo từ, sự cáo biệt, sự tạm biệt, sự chia tay
tiến triển, gia tăng, xu thế đi lên, chuyển biến tốt đẹp
sự xáo bài, sự xào bài
buông chèo, thả lái buông chèo, lơi chèo, lơi tay chèo
ngủ, nghỉ ngơi, việc ngủ, sự nghỉ ngơi
xuất trình, sự xuất trình
cúng bái, lễ bái, thờ cúng, thờ phụng, hành động thờ cúng, nghi lễ thờ cúng, hành động cúng bái, nghi lễ cúng bái
vận động phản xạ
Scrabble, trò chơi Scrabble, trò chơi scrabble
thực hiện, sự thực hiện, làm, sự làm, thi hành, sự thi hành
ăn mặc, ăn vận
dáng đi tập tễnh, kiểu đi cà nhắc, dáng đi khập khiễng
lập trình, viết mã, lập mã, viết mật mã, code
sự kéo giật
hiếu thảo, nhiệm vụ hiếu thảo, nghĩa vụ hiếu thảo
đơn, độc, độc diễn, đơn diễn, solo, diễn đơn
tẩm
lưu trú, tạm trú, việc lưu trú, sự tạm trú, việc tạm trú
thể hiện, sự thể hiện, việc thể hiện, phô bày, sự phô bày, việc phô bày, biểu lộ, sự biểu lộ, việc biểu lộ, biểu hiện, sự biểu hiện, việc biểu hiện
bài nói chuyện, bài diễn văn, bài diễn thuyết
sự kính trọng, sự tôn trọng, sự tôn kính
sự lặp lại, sự nhắc lại
biên tập phim
phê chuẩn, phê duyệt, cho phép
cuộc hành hương, chuyến hành hương
cú vung chày, vung chày
phí phạm, lãng phí, phung phí, hoang phí
huấn luyện quân sự
hàng hải, đường hàng hải
niềm tin, lòng tin
dịch vụ công cộng
rung, lắc, khuấy
cú chuyền bóng lên
hạn chế, giới hạn
chăm sóc da mặt, sự chăm sóc da mặt
ghi điểm, ăn điểm
cú ném móc
châm cứu, thuật châm cứu
đánh, quất, quật, đánh đòn, đánh đập, trận đòn, sự đánh đòn, sự đánh đập, trận đòn đau, trận đánh đòn, trận đòn đánh
đi thong dong, đi thung dung, đi ung dung
lễ cưới, hôn lễ, đám cưới, lễ kết hôn, lễ thành hôn
dùng nhục hình, sự dùng nhục hình
lối sống, cách sống, nếp sống
đứng, đứng thẳng, đứng lên, đứng thẳng lên
đá, đạp, sút
trò chơi, trò tiêu khiển, trò giải trí
đấu tranh giai cấp, mâu thuẫn giai cấp
cuồng, tôn sùng quá mức, tôn sùng quá đáng
sự phản đối, sự phản kháng, sự kháng nghị
sự xử thua vắng mặt, sự thua do vắng mặt
làm biến dạng, làm biến hình, làm biến hình dạng, làm thay đổi hình dạng, làm thay hình đổi dạng
dứt điểm, cú dứt điểm, cú đánh, cú sút
sự không quan tâm, sự không để ý, sự thờ ơ, sự hờ hững
ăn no căng, ăn căng bụng, ăn đẫy bụng, việc ăn no căng, việc ăn căng bụng, việc ăn đẫy bụng
sơn, quét sơn, việc sơn, việc quét sơn, việc phết sơn, việc phủ sơn, công việc quét sơn, công việc phết sơn, công việc phủ sơn
thực hành
sự hoàn trả, sự trả lại, sự hoàn lại
ngõ cụt, đường cùng, đường cụt, chân tường, góc tường, bước đường cùng
sự lai thuận nghịch, sự lai giống thuận nghịch, sự lai đảo
sự thu được, sự thu nhận, sự lĩnh hội, sự gặt hái
việc nướng, sự nướng
gội đầu
vũng lầy, vết xe đổ, vũng bùn lầy
thể dục, thể dục dụng cụ
động tác trượt trên tuyết
sự kiểm kê
nghề, nghiệp, nghề nghiệp
tương tác, tác động qua lại, tác động tương hỗ
kéo, sự kéo, lôi, sự lôi
làm phiền, quấy rầy, quấy quả, quấy rối, quấy nhiễu, khuấy động, khuấy rầy, gây rối
tập trung quân đội
cricket, crickê, cri-kê, trò cricket, trò crickê, trò cri-kê
biến báo, sự biến báo, sự xoay chuyển, sự chuyển hướng
việc nhuộm tóc, nhuộm tóc
công cụ, phương tiện, dụng cụ
tốt nghiệp
đè, nén, ép, việc đè, việc nén, việc ép
thử, sự thử, thử nghiệm, sự thử nghiệm, kiểm tra, sự kiểm tra
nhờ vả, trông cậy, cậy trông, cậy nhờ, nhờ cậy, sự nhờ vả, sự trông cậy, sự cậy trông, sự nhờ cậy, sự cậy nhờ, sự cầu viện, sự cầu cứu
đuổi bắt, rượt đuổi, đuổi theo, rượt theo, săn đuổi, truy tìm, theo đuổi
không vận, vận tải hàng không
xoá bỏ, cắt bỏ, trừ bỏ, loại bỏ, việc xoá bỏ, việc cắt bỏ, việc trừ bỏ, việc loại bỏ, sự loại bỏ, sự xoá bỏ, sự cắt bỏ
sự lao tới, sự lao đến, sự nhao đến, sự nhào đến
lướt, trượt, lướt ván, trượt ván, lướt ván nước, trượt ván nước, water-skiing
tổng duyệt
đứt, ngắt, gián đoạn, đứt quãng, ngắt quãng, ngắt đoạn, đứt đoạn, cách đoạn, cách quãng
trận đấu, cuộc đấu, cuộc thi đấu, trận đấu điền kinh
việc khó khăn, việc nan giải, nhiệm vụ khó khăn
thở phì phò, thở khụt khịt, thở khụt khà khụt khịt
sự đặt sát, sự xếp sát
sự làm giảm hiệu lực
sự lẩn tránh, sự né tránh, sự trốn tránh
đền đáp, sự đền đáp, sự đáp lại
động thái
việc bắt bệnh, việc chẩn đoán, việc chẩn đoán bệnh
sự tính sai, sự tính nhầm
đẩy, sự đẩy
việc, chuyện, công chuyện, công việc, nhiệm vụ
tri giác
tình trạng kém hoạt động, tình trạng ì, trạng thái nghỉ
món bở, chỗ bở, việc bở, món béo bở, chỗ béo bở, công việc béo bở
truyền tin, chuyển tin, sự truyền tin, sự chuyển tin
cương vị đàn ông, phẩm chất đàn ông, tư cách đàn ông
trận bóng chày, trận đấu bóng chày
đỡ đẻ, trợ sinh, việc đỡ đẻ, việc trợ sinh, hỗ trợ sinh, hỗ trợ đẻ, hỗ trợ sinh đẻ, hỗ trợ sinh nở, việc hỗ trợ sinh, việc hỗ trợ đẻ, việc hỗ trợ sinh đẻ, việc hỗ trợ sinh nở
tích luỹ, tích lại, gom lại, tập hợp
đuổi ra, đuổi đi, tống ra, tống khứ, trục xuất
vắng, thiếu, vắng mặt, sự vắng, sự thiếu, sự vắng mặt
sự hất, sự giật, sự quăng, sự quẳng, sự ném, sự lắc, sự tung, cú hất, cái hất, cú giật, cú ném, cú lắc, cú tung, cú quẳng, cú quăng
sự khủng bố, sự ngược đãi, sự hành hạ
vật lí trị liệu, liệu pháp vật lí
sự làm suy yếu, sự làm yếu
uốn cong, bẻ cong, gập cong
việc làm đổ, sự làm đổ
sự làm nhờn, sự làm liệt, sự vô hiệu hoá, sự làm tê liệt, sự làm tê cứng, sự làm mất hoạt tính, sự làm mất hoạt lực
động tác giả
làm vỡ, làm bể
thủ đoạn
việc làm đẹp, sự làm đẹp
làm phiền, quấy rối, gây rối, gây phiền toái, gây phiền phức, gây phiền hà
sự trở lại, sự trở về, sự quay trở lại, sự trở về nhà
trọng tội, tội nặng, tội lớn, tội nghiêm trọng
đột phá
khiêu vũ xã giao, khiêu vũ giao tiếp
đổi màu, tạo màu, tô màu, làm màu, đổi mầu, tạo mầu, tô mầu, làm mầu
hành nghề, làm nghề
kéo lê
cái ôm chặt, xiết chặt
lượt đầu, lượt đầu tiên
cầu lông
cú đánh trệt, cú đánh bóng trệt
bài tập ở trường
bao vây, vây hãm, phong toả quân sự, phong toả
điệu nhảy hai hàng sóng đôi
chế độ chiếm hữu nô lệ, chế độ nô lệ, sự chiếm hữu nô lệ,
phẫu thuật chỉnh hình, phẫu thuật tạo hình
châm, chích, chọc, đâm
giáo viên, dạy học, sư phạm, nghề giáo, nghề giáo viên, nghề dạy học, nghề sư phạm
bóng bàn, môn bóng bàn
ra mắt, giới thiệu, khai trương, xuất hiện lần đầu
biện pháp đối phó điện tử
sự vui chơi, sự vui chơi của trẻ
phạm lỗi, phạm luật, phạm qui
kiệt tác, tuyệt tác
khom, cúi, gập, cúi gập
vị trí, vai trò
ôn, luyện, ôn tập, ôn luyện
bài Black Maria, bài con Đầm Pích
bài tập treo mình, bài tập treo mình trên xà đơn, bài tập treo mình trên xà kép
sự dạo, sự dẫn
cờ vây
đổi màu, chuyển mầu, đổi mầu, chuyển mầu
giấc chợp mắt, sự chợp mắt
trò chơi thể thao
cúp bóng, cú cúp bóng
hít, hít vào
sự đỏ mặt, sự thẹn, sự xấu hổ, sự mắc cỡ, sự bối rối, sự e thẹn, sự ngượng ngùng
làm mộc, nghề mộc, nghề làm mộc
quyết định
sự sắp xếp
cướp đoạt, cưỡng đoạt, chiếm đoạt, sự cướp đoạt, sự cưỡng đoạt, sự chiếm đoạt
phán quyết
ăn, chén, đớp, hốc, măm, ngốn, tọng, xơi, xực, dùng, dùng bữa
dệt, sự dệt
ôm, ôm chặt, cái ôm, cái ôm chặt
ba lê
sự cố gắng, sự ráng sức
diễn xuất
sự bỏ phiếu, sự bầu cử, sự bầu chọn, cuộc bỏ phiếu, cuộc bầu cử, cuộc bầu chọn
kỉ luật, kỷ luật, trừng phạt, trừng trị, xử phạt, phạt, sự thi hành kỉ luật
tiếp nhận, tiếp quản
công bố, ban bố
nhổ, khạc, khạc nhổ
nhảy lò cò, nhảy ô
khắc chữ
chụp X-quang, X-quang
sự chặn, sự cản, sự cản trở
trò chơi trên bàn
âm điệu, thanh điệu
môn chơi bóng, môn bóng đá
cú chặn bằng người
hoạt động phụ, hoạt động ngoài lề, hoạt động bổ trợ, hoạt động tiêu khiển
điều tra, điều tra hình sự, điều tra tội phạm
lợp ngói, lợp mái, lợp mái ngói
vị trí ném bóng, cầu thủ ném bóng, vị trí cầu thủ ném bóng, pitcher
sự ra
hoạt động âm nhạc
sự xén, sự cắt, sự tỉa, sự cắt tỉa, sự cắt xén
công việc, công tác
đi thực tế, đi thực địa, khảo sát thực tế
việc ngồi
thói quen, tập quán, tập tính
xen ngang, chen ngang, chen vào, xen vào,
đổi tiền, mua bán, mua bán tiền
đo, đo lường
nguỵ trang, nghi trang
xiếc, sự biểu diễn xiếc, sự diễn xiếc, sự trình diễn xiếc
bắt đầu, khởi đầu
gian lận, ăn gian
tài trợ, cấp tiền cho, bỏ vốn cho
sự thủ vai, sự đóng vai
bán hàng
cú ném bóng hỏng, cú ném bóng lỗi
lệ thường, thói thường
bàn thắng, điểm
dạy học, nghề dạy học
bước nhảy, bước khiêu vũ
quy trình
vụt qua, lao qua, phóng qua, vọt qua, sự vụt qua, sự lao qua, sự phóng qua, sự vọt qua
nghe trộm điện thoại, nghe lén điện thoại
thêu tay, đan tay, thêu thủ công, đan thủ công, nghề thêu tay, nghề đan tay, nghề thêu thủ công, nghề đan thủ công
sự hoàn thiện
sự chia nhỏ, sự phân nhỏ, việc chia nhỏ, việc phân nhỏ, sự cắt nhỏ, việc cắt nhỏ
kiềm chế, kiểm soát, kìm hãm, chế ngự, ràng buộc, trói buộc, ngăn cản, cản trở
chiếu tướng
việc làm mẫu, sự làm mẫu
sơ cứu, sự sơ cứu, cấp cứu sơ bộ
tác vụ, việc, công việc
đợt, tràng, cơn, trận
tăng tiền cược
phép Bí tích
tấn công, tiến công, cuộc tấn công, cuộc tiến công
định giá
tàn dư, tàn tích, di vật
mối, mối hàng, mối làm ăn
sự phong toả, sự bao vây
đóng gói, đóng gói bao bì
vận chuyển hàng, chuyển hàng thường, chuyển phát hàng, việc vận chuyển hàng, việc chuyển hàng thường, việc chuyển phát hàng
đặt, sắp đặt, sắp xếp, bố trí, sự sắp đặt, sự sắp xếp, sự bố trí, sự đặt
bật ngón tay, đánh ngón tay
trận Lexington, trận Concord, trận Lexington_and_Concord
đứng lên ngồi xuống, ngồi xuống đứng lên, động tác đứng lên ngồi xuống, động tác ngồi xuống đứng lên
sự kéo căng
đẩy, xô, xô đẩy, sự đẩy, sự xô, sự xô đẩy
sự lao động
đẩy, ủn, ẩn, đẩn, huých, hích, xô, xô đẩy
lưu trú, ở lại, việc ở lại, việc nghỉ lại
tìm thức ăn, tìm đồ ăn, kiếm thức ăn, kiếm đồ ăn, tìm kiếm thức ăn, tìm kiếm đồ ăn
đính kèm, gắn thêm
sự phóng ra, sự phun ra
sảy, sẩy, sảy thai, sẩy thai, sự sảy thai, sự sẩy thai
ẩu đả, xô xát, cuộc chiến, cuộc đấu, cuộc ẩu đả, cuộc đấu đá, cuộc xô xát
kinh doanh mạo hiểm
xâm chiếm, xâm lăng, xâm lược, xâm nhập, xâm phạm
chỗ rách, vết rách, miếng xé
giảm dần, sự giảm dần
thể thức hoá
thuộc da, dây chuyền xử lí da thô
thói hình thức, chủ nghĩa hình thức
sự rung, sự lắc, sự lúc lắc
sự ân xá, sự tha tội, sự đặc xá, sự miễn tội, sự xá tội
thăm, ghé thăm
sự giải phóng cảm xúc sáng tạo, sự thăng hoa sáng tạo, sự thăng hoa cảm xúc
cú gạt, cú đỡ, cú gạt đỡ, miếng gạt, miếng đỡ
kế tiếp, sự kế tiếp, sự nối tiếp, nối tiếp, sự nối tiếp, kế tục, sự kế tục
múa đơn, đơn vũ, đơn vũ ba lê, pas_seul
sinh sản, sinh đẻ
phạm tội, vi phạm pháp luật
chức vị bộ trưởng, địa vị bộ trưởng, chức tổng trưởng, vị trí tổng trưởng
biểu hiện bên ngoài
việc vẽ bản đồ, việc lập bản đồ, việc vẽ biểu đồ, vẽ bản đồ, lập bản đồ, vẽ biểu đồ
ngăn cản, can ngăn, cản trở, ngăn trở
bơi, bơi lội
giấu, bưng bít, che giấu, che đậy, cất giấu, giấu giếm, giấu kín
loạng choạng, chệnh choạng, chuệnh choạng, loạng quạng, lảo đảo, lểu đểu, ngả nghiêng, nghiêng ngả, đi loạng choạng, đi chệnh choạng, đi chuệnh choạng, đi loạng quạng, đi lao đảo, đi lểu đểu, đi nghiêng ngả, đi ngả nghiêng, bước đi lảo đảo, bước đi loạng choạng, sự đi lảo đảo, sự đi ngả nghiêng
khoan dung, độ lượng, khoan thứ, rộng lượng
lai giống, sự lai giống
giam, giữ, nhốt, giam cầm, giam giữ, giam hãm
quét
nhân, phép nhân
chải đầu
lễ bái
lừa bịp, bịp bợm, lừa đảo, lừa gạt, ăn gian, sự lừa gạt, sự lừa bịp, sự bịp bợm, sự lừa đảo
brit, bài brit, trò chơi bài brit, trò đánh bài brit
đe doạ, khủng bố, doạ dẫm, doạ nạt
cú chèo hụt, cú hụt tay, cú hụt tay chèo, cú trượt tay, cú trượt tay chèo
đâm, va, đụng, đâm nhau, va nhau, đụng nhau, va chạm, va đụng, đâm va
cú trả bóng, quả bóng đánh trả lại
chức quyền sứ giả, cương vị sứ giả
lễ nghi, nghi lễ, lễ thức, nghi thức
sự phục vụ, sự hầu hạ, sự phục dịch
bổn phận, trách nhiệm, nghĩa vụ
lễ None
xuất tinh ngoài, giao hợp nửa vời, giao hợp nửa chừng, giao hợp gián đoạn, xuất tinh ngoài âm đạo, giao hợp xuất tinh ngoài, sự giao hợp nửa vời, sự giao hợp nửa chừng, sự giao hợp gián đoạn, sự giao hợp xuất tinh ngoài
lục tung, lùng sục, cuộc lùng sục
rút lui, tháo lui, rút đi
nhượng, nhượng lại, chuyển nhượng
miễn, miễn trừ, sự miễn trừ, giải trừ, sự giải trừ
chẩn đoán
sự quét sân
pitch, auction_pitch
đầu tư, rót vốn, bỏ vốn, đầu tư vốn, sự đầu tư, sự rót vốn, sự bỏ vốn, sự đầu tư vốn
cấp phép, cho phép, sự cho phép, sự cấp phép
chụp quét cắt lớp điện toán, chụp CT, chụp CT scan
bỏ, từ bỏ, gạt bỏ, vứt bỏ, ruồng bỏ
sự áp bức, sự đàn áp
chuyến đi săn
phá thai, nạo thai, bỏ thai, phá bỏ, nạo phá thai
chủ nghĩa thực dân
đánh túi bụi, đánh dồn dập, đánh liên hồi, đánh liên tiếp, sự đánh túi bụi, sự đánh dồn dập, sự đánh liên hồi, sự đánh liên tiếp
bổ nhiệm, bổ dụng, bổ nhậm, chỉ định
giúp đỡ, bổ trợ, viện trợ, giúp, trợ giúp, hỗ trợ
chảy, tuôn
sự chuyển
truyền
liều
giam, giữ, giam cầm, giam giữ, giam hãm
đột kích, tập kích
quản trị
trận chiến, trận đánh, cuộc đụng độ, cuộc đối đầu, cuộc chiến đấu, cuộc xung đột, cuộc giao tranh
bài poke, bài xì tố, bài xì pé, bài tây
tự kỉ ám thị, sự tự kỉ ám thị
sự kế thừa, sự thừa hưởng
việc kích nổ
làm ướt
trị liệu, điều trị, phép chữa bệnh
tạp dịch, công việc tạp dịch
tự vẫn, tự sát, tự tử, quyên sinh
tịnh tiến, sự tịnh tiến
tính hướng
sự kiểm soát quân sự, sự chiếm đóng
biểu quyết, bỏ phiếu, sự biểu quyết, sự bỏ phiếu
đẩy, sự đẩy
chạy hết tốc độ, chạy hết tốc lực
cầu lông, đánh cầu lông, chơi cầu lông, môn cầu lông, trò chơi cầu lông
sự tuyên án, sự phán quyết
sự kiểm soát, sự khống chế, sự hạn chế
nhuộm, nhuộm tóc
sự tự phụ, sự tự đắc, sự tự thị, sự giương giương tự đắc, sự kiêu căng tự phụ
kéo, sự kéo, lấy ra, sự lấy ra, rút ra, sự rút ra
thụt lùi, suy giảm
giảm, sút, hạ, giảm sút, giảm bớt, hạ bớt, sự giảm đi, sự giảm sút
sự trượt, sự lướt, sự trườn
hội nghị, buổi họp, kì họp, kỳ họp, phiên họp
sự từng trải
tín chỉ
sự phân loại, sự tuyển chọn
thống nhất, hợp nhất, liên minh, phối hợp, đoàn tụ, liên hợp
sự làm bằng nhau, sự làm ngang nhau
rời, trốn, bỏ, rời bỏ, tự ý rời bỏ, bỏ trốn, bỏ chạy, chạy trốn, lẩn tránh
việc làm đã, việc làm đã đời, việc làm vui lòng, việc làm vừa lòng, việc làm toại nguyện, việc làm mãn nguyện, việc làm thoả nguyện, việc làm vừa ý, việc làm hả dạ, việc làm hả lòng hả dạ
tư thế bơi, kiểu bơi
lấp đầy, sự lấp đầy, làm giàu thêm, sự làm giàu thêm, làm phong phú thêm, sự làm phong phú thêm
nhảy, nhảy múa, khiêu vũ
vươn, sự vươn ra
tiến, tiến lên
tính khoan dung, tính nhân hậu, tính hiền hậu
việc li hôn, việc li dị, việc ly hôn, việc ly dị
sự vắng mặt, việc vắng mặt
việc nâng đỡ, việc nâng nhấc, việc nâng vác, nâng đỡ, nâng nhấc, nâng vác
xăm trổ, xăm vẽ, xăm mình
khua gươm múa kiếm, múa gươm múa kiếm
tàn nhẫn, nhẫn tâm, vô nhân đạo
thủ tục y khoa, thủ tục y tế
giải phóng, giải vây, sự giải phóng, sự giải vây
sự kéo căng
sự chèo thuyền
sự phóng lên, sự bắn lên, sự phóng tên lửa, sự phóng tàu không gian
trận tập kích, cuộc tập kích, cuộc tấn công, cuộc đột kích
nuôi, trồng, nuôi trồng, trồng trọt, cày cấy, cấy cày, cầy cấy, cấy cầy
tật đánh sang trái
đóng góp, góp phần, sự đóng góp, sự góp phần
hàng không, đường hàng không
nắm chặt, nắm chắc, giữ chặt, giữ chắc, tóm chặt, túm chặt
trò chơi thể thao trên sân
chạm, khắc, tạc
sự chấp nhận, sự chấp thuận, sự tán thành, sự ủng hộ
phép chữa bằng tâm lí
biến thái tình dục, thác loạn tình dục
phù hộ, độ trì, phù trì, phù trợ
khoá học tự chọn
sự bao bọc, sự che đậy, sự phủ
vụ mua bán, vụ giao dịch, vụ buôn bán
kênh phân phối, kênh, phân phối
vết rạch, vết chém, vết cắt, vết cứa
hành hình bằng điện
đặc miễn, đặc cách
nêm gia vị, thêm gia vị
sự biến đổi không ngừng, sự thay đổi không ngừng
sự làm phép, việc làm phép
điệu vũ quay Virginia, điệu nhảy hai hàng sánh đôi
hạ bệ, cách chức, phế quyền, phế vị, phế truất, truất quyền
cưỡng chế, bắt tuân theo
cách phòng vệ, cách phòng tránh, cánh phòng ngừa, biện pháp phòng vệ, biện pháp phòng tránh, biện pháp phòng ngừa
xúc phạm giáo hội La Mã
sự chỉnh, điều chỉnh, điều tiết, sự điều chỉnh, sự điều tiết, sự sửa đổi
sáng tạo, sáng tạo ra, tạo ra, sự sáng tạo, sự sáng tạo ra, sự tạo ra
cầu nguyện
nghề thủ công
buông câu, giăng câu, quăng câu, thả câu, buông cần câu, quăng cần câu, thả cần câu
quan hệ tính dục trái phép, hiếp dâm, cưỡng dâm, cưỡng hiếp, hãm hiếp
nước cờ
đếm
ý kiến, quan điểm
tra tấn kẹp bàn chân, hình phạt kẹp bàn chân
lưu kho
bán hàng, việc bán hàng, sự bán hàng
chuyến bay
chà, cọ, chà xát, cọ xát, kì, kì cọ, sự chà xát, sự cọ xát
đảo chính, đảo chánh, bạo động, đánh đổ, lật đổ, cuộc đảo chính, cuộc đảo chánh, cuộc lật đổ, cuộc đánh đổ, cuộc bạo động, vụ đảo chính, vụ đảo chánh, vụ bạo động, vụ lật đổ, vụ đánh đổ, sự đảo chính, sự đảo chánh, sự bạo động, sự đánh đổ, sự lật đổ
sự lắc lư, sự chao đảo, sự chòng chành
phản công, phản kích
cướp phá, cướp bóc, sự cướp bóc, sự cướp phá
cuộc giải trí, cuộc tiêu khiển, trò giải trí
bóng quần, môn bóng quần, bóng tường, môn bóng tường
phân chia, phân phối, phân bổ, sự phân chia, sự phân phối, sự phân bổ
sự bắt ép, sự ép buộc, sự cưỡng ép, sự bắt buộc
cú đánh, cú đấm
nhiếp ảnh, nghệ thuật nhiếp ảnh
kéo đàn
cố, nỗ lực
ném rổ, cú ném rổ
sự truyền bá, sự phổ biến, sự lan truyền, sự lan toả
soạn từ điển, biên soạn từ điển
bỏ, vứt bỏ, loại bỏ, bỏ đi, tống khứ, sự loại ra, sự vứt bỏ, sự bỏ đi, sự loại bỏ
hành hung, ẩu đả
phản xạ, phản ứng
sai lầm, lầm lỗi
sự cắn, sự ngoạm, sự đớp
sự vô ý sót, sự vô tình sót, sự vô ý quên, sự vô tình quên, sự vô ý bỏ sót, sự vô tình bỏ sót
tịch thu, tịch thâu, tịch biên, chiếm đoạt, chiếm giữ, thu giữ, bắt giữ
việc, phần
dạng chân, đứng dạng chân, ngồi dạng chân
sự phục dịch, sự phục vụ, sự hỗ trợ, sự trợ giúp, sự giúp đỡ
sự kích động, sự chấn động
nâng cấp, cải tiến, sự nâng cấp, sự cải tiến
thịnh nộ, thạnh nộ, cuồng nộ, cơn giận, sự thịnh nộ, cơn thịnh nộ, sự thạnh nộ, cơn thạnh nộ, sự cuồng nộ, cơn cuồng nộ
tiêm tĩnh mạch
van, điệu van, điệu nhảy van, vanxơ, van-xơ
soi, săm soi, kiểm tra, kiểm tra kĩ lưỡng, xem xét kĩ lưỡng
vi phạm, sai phạm, phạm quy, phạm luật, vi phạm luật
tội ác, tội lỗi
trói, buộc, cột
đòn giả, đòn nhử
giáo dục, giảng dạy, dạy học, hoạt động giáo dục, hoạt động dạy học, hoạt động giảng dạy, công tác giảng dạy
việc đã rồi, sự đã rồi, việc đã xong rồi, sự đã xong rồi
sở trường, sở thích, gu, thị hiếu
tưởng tượng
tẩy, rửa, giặt, tẩy rửa, giặt rửa
sự liều, sự mạo hiểm
trận đấu, trận quyền, trận đấu vật
việc, việc làm, công việc
tội, tội ác
động tác nhào lộn, thuật nhào lộn
trắc nghiệm trí lực
đòn khoá
hạch toán chi phí, tính toán chi phí, hạch toán theo chi phí
làm nhiễu điện tử, gây nhiễu điện tử
việc dễ, việc dễ dàng, việc dễ làm, việc dễ xơi, việc ngon ăn, việc ngon xơi, việc dễ thực hiện
tự vệ, sự tự vệ,
uống say, quá chén, uống rượu say
gia sư, dạy riêng, kèm riêng, kèm cặp riêng, việc dạy riêng, việc kèm riêng, việc kèm cặp riêng
sự phân loại chung
ngâm, sự ngâm
súng lệnh
tế, tế thần, hiến tế, tế lễ, cúng tế
gắn bó, trung thành, bám sát, theo, theo đuổi,
sản xuất, sự sản xuất, việc sản xuất
nâng tạ qua đầu, đưa tạ qua đầu, cử tạ qua đầu
dâm dục, dâm ô, sự dâm dục, lòng dâm dục, sự dâm ô
thử nghiệm, thí nghiệm, thực nghiệm, cuộc thí nghiệm, cuộc thử nghiệm, cuộc thực nghiệm
vắt, nặn, miết, dồn, dí
sản lượng, số lượng
sự vô hiệu hoá, sự phế bỏ, sự bãi bỏ
xung đột, đụng độ, mâu thuẫn, sự xung đột, cuộc xung đột, sự đụng độ, sự mâu thuẫn
cứu, giải cứu, giải thoát, cứu nguy, cứu giúp, cứu thoát
giảm, giảm sút, thoái hóa, giáng cấp, xuống cấp, suy biến, xấu đi, giảm đi
cuộc đấu, cuộc chiến, cuộc đấu sức, cuộc chiến đấu, cuộc đấu tay đôi, cuộc chiến tay đôi, cuộc đấu sức tay đôi, cuộc chiến đấu tay đôi
thia lia
cắt ngang, làm phiền, gây phiền, làm phiền hà, làm phiền phức, làm xáo trộn, gây xáo trộn, làm lộn xộn
cú đập bóng, cú overhead
chiến tranh sinh học, huỷ diệt sinh học
ganh ghét, ganh tị, ganh tỵ, ghen tị, ghen tỵ, đố kị, đố kỵ
khủng bố, chủ nghĩa khủng bố
sự xuất hiện, sự trình diện, sự ra mắt
việc thiện, việc từ thiện, việc tình nguyện, việc thiện nguyện, việc tử tế
sự làm bỏng bằng hơi nước hoặc nước nóng
sự lau, sự chải, sự kì, sự kì cọ
cử tạ, nâng tạ, đẩy tạ, cử đẩy tạ
Lễ ban thánh thể, Lễ nhận thánh thể, lễ ban thánh thể
làm sáng hơn, làm trắng ra
việc làm đầy, việc lấp đầy, việc đổ đầy, việc đong đầy
cho thuốc, chữa bệnh bằng thuốc, liệu pháp dùng thuốc, xử lí bằng thuốc
đánh mất, mất mát
không tham gia, không tham dự
cầm, cắm, thế chấp, cầm đồ, cắm đồ, thế chấp đồ, sự thế chấp, sự cầm đồ, sự cắm đồ
sự làm nổ, sự kích nổ
sự khóc lóc, sự khóc
làm trắng, tẩy đen
vai trò cụ thể, tác dụng cụ thể, nhiệm vụ cụ thể
sự đảo, sự trộn, sự lộn, sự xốc, sự đảo lộn, sự xáo trộn, sự làm xáo trộn, sự gây xáo trộn
làm giảm, làm giảm bớt, làm dịu, làm dịu bớt, làm nhẹ bớt
đi, chuyển, dời, di chuyển, dời chuyển đi lại, dời đi, dời chỗ, dời đến, chuyển chỗ
tự tu, tự học, tự tu dưỡng, tự rèn luyện, tự đào tạo, tự cải thiện, tự nâng cao, sự tự tu, sự tự học, sự tự tu dưỡng, sự tự rèn luyện, sự tự đào tạo, sự tự cải thiện, sự tự nâng cao
sự kéo chỉnh hình
thể thao ngoài trời
thủ tục, trình tự
cô lập, cách li, tình trạng bị cô lập, tình trạng bị cách li
việc trâu bò
dịch vụ
ném, gieo
bãi bỏ, hủy bỏ, phế bỏ
sự chuyển giao, sự chuyền tay, sự sang tay
nội chiến
mại dâm, bán dâm, mãi dâm
nứt, rạn, rạn nứt
hành vi bắt cóc
bộc lộ, bộc bạch, phô bày, phơi bày, phơi ra, biểu hiện
trò cười, chế nhạo, nhạo báng, chế giễu, giễu cợt
điều chỉnh, chỉnh lí, sự điều chỉnh, sự chỉnh lí
pha trộn, hoà lẫn, hoà trộn
sự thừa kế
lắng nghe
chiến thắng bất ngờ, chiến thắng không ngờ tới
chuyển quyền sở hữu tài sản, nhượng quyền sở hữu tài sản
liệu pháp vật lí, liệu pháp vật lý, vật lí trị liệu, vật lý trị liệu
thả, sự giải phóng, sự phóng thích, phóng thích, giải phóng
ôm, cái ôm
sự cưỡng chế
bắt hỏng, bắt trượt
chào hàng, tiếp thị
sự cất giữ, sự dự trữ, sự tích trữ
hát scat
Thánh lễ, lễ Mi-sa, Thánh lễ Mi-sa
bỏ, rời bỏ, bỏ chạy
xác định, định rõ, phán định, sự xác định, sự định rõ, sự phán định
lừa đảo, lừa gạt, lừa gạt, bịp bợm, sự lừa đảo, sự bịp bợm, sự lừa gạt, mẹo lừa, giảo kế, ngụy kế, ngón bịp
đi chơi, cuộc đi chơi, chuyến đi chơi
áp dụng, ứng dụng
xâm nhập
nhậm chức, nhiệm chức, lên ngôi
coi khinh, coi thường, xem khinh, cự tuyệt, xúc phạm, sự coi khinh, sự coi thường, sự khinh thường, sự khinh miệt, sự coi rẻ
chia bài, sự chia bài
sự giật, sự rơi
bi-a 6 lỗ
chằm chằm, chăm chú, nhìn chằm chằm, nhìn chăm chú
lợp mái, nghề lợp mái
nổ, làm nổ
tiếp cận, tới gần, đến gần, sự tiếp cận, sự đến gần, sự tới gần
buôn bán nô lệ, sự buôn bán nô lệ
quản lí, điều hành, chỉ đạo
hậu cần
sự thở, sự hô hấp
tiếng nói, cơ quan ngôn luận
đảo, đảo ngược, quay ngược, xoay ngược, lộn ngược, đổi ngược, sự đảo, sự đảo ngược, sự quay ngược, sự xoay ngược, sự lộn ngược, sự đổi ngược
chuyến
bào chữa, biện hộ, biện giải, bác bỏ, phủ nhận, cãi
xét nghiệm, hoá nghiệm, phân tích, thí nghiệm, thử nghiệm
cưỡng chế
sự bảo vệ, sự phòng thủ
lễ thức đêm
sự bao gồm, sự bao hàm
lục soát, lục lọi, rà soát, săn lùng, sưu tầm, tra cứu, truy tìm, sự tìm kiếm, sự khám xét, sự lục soát, sự lục lọi, sự rà soát, sự săn lùng, sự sưu tầm, sự tra cứu, sự truy tìm
phép toán số học, phép tính số học
tránh thai tự nhiên, ngừa thai tự nhiên, phương pháp ngừa thai tự nhiên, phương pháp tránh thai tự nhiên, kế hoạch hoá gia đình tự nhiên
biểu diễn, diễn, trình diễn
sự sửa vội
sự sáng tạo bằng lời, sự sáng tạo bằng lời nói
trò may rủi, trò đỏ đen, trò chơi may rủi, trò chơi đỏ đen
lễ rửa tội
doạ phạt, doạ trừng phạt, doạ trừng trị
trà đạo
đền, bồi thường, hồi hoàn
cú kích, cú nhấp, cú nhắp, cú click, cú kích chuột, cú nhấp chuột, cú nhắp chuột
sự chống, sự đỡ, sự chống đỡ
sự đến, sự tới nơi, sự đến nơi
trò đùa, trò chơi
thói xấu, tật xấu, thói hư tật xấu, tính xấu
cứu, giải cứu, cứu nguy, cứu giúp
lầm lỡ, lỡ lầm, sai sót, sơ suất, nhầm lẫn, lầm lẫn
ném mạnh
quân chất, quân chủ
cứu rỗi, cứu rỗi linh hồn, giải thoát linh hồn, giải cứu linh hồn
sự dạy đọc, sự dạy tập đọc
hoạt động xã hội
sự chạm, sự đụng
bò, trườn, sự bò, sự trườn
sự chuyển
treo cổ
cấy, ghép
phá huỷ, phá hỏng, tàn phá, huỷ hoại
đi bộ
dừng chân, ghé lại
sự lọc, sự gạn, sự gạn lọc, sự gạn lắng
kiến trúc
chiếm dụng, chiếm đoạt, chiếm hữu, sự chiếm dụng, sự chiếm hữu, sự chiếm đoạt
hát ru
hất chân, động tác hất chân
nỗ lực không ngừng, sự gắng sức liên tục
đổi, trao đổi, đổi chác
sự chăm sóc, sự chăm nom, sự gìn giữ, sự giữ gìn, sự bảo dưỡng
khiêu vũ nghệ thuật
lao, lao đi
nhiệm vụ cấp thiết, nhiệm vụ cấp bách, nhiệm vụ bức thiết
sự giải trừ quân bị, việc giải trừ quân bị
bóp méo, xuyên tạc, làm méo mó, làm sai lạc
sự biến hình, sự biến hoá, sự biến thái, sự biến chất
cú ném bóng
chạy nước kiệu
nhảy xa
lời tuyên án, lời phán quyết, bản án
công vụ, việc công
sự chia tách, sự phân tách, sự phân chia, sự tách rời
sa đoạ, sự sa ngã
sắp xếp thứ tự, sự xếp thứ tự, sắp xếp trật tự, sự xếp trật tự, sự sắp xếp có trình tự, sự sắp xếp tuần tự, sắp xếp theo thứ tự, sắp xếp theo trật tự
lưu hành, lưu thông, truyền bá
cướp, ăn cướp
bơi sải, kiểu bơi sải, tư thế bơi sải, kiểu bơi Australian
bán lẻ, bán sỉ, sự bán lẻ, sự bán sỉ
Điện Biên Phủ, Dien_Bien_Phu
sự hôn
trò tứ quý, trò so bài, all_fours, high-low-jack
sự pha loãng, sự làm loãng
hoạt động chính trị, công việc chính trị
nuôi cấy, nuôi trồng
thị trường, thương trường, chợ
sự chui bài, sự dập bài
quản lí tài chính
cú nhảy ném
sáng tạo, sáng tác, sự sáng tạo, sự sáng tác
cú phát bóng, quả phát bóng
hành vi gây hấn, hành vi gây sự, hành vi gây gổ
bài tập căng cơ, bài tập duỗi cơ
thành công vang dội, tiếng vang
chức tổng thống, chức vị tổng thống, cương vị tổng thống, địa vị tổng thống
sự thử, sự gắng thử, sự cố gắng
chiếm đoạt, chiếm dụng, chiếm giữ, chiếm hữu, sự chiếm đoạt, sự chiếm dụng, sự chiếm giữ, sự chiếm hữu
sự thở, sự hít thở
bước nhảy, bước khiêu vũ
làm bỏng, làm cháy, gây bỏng, gây ra bỏng
sự quyết tâm, sự kiên quyết, sự cương quyết
chiến dịch, cuộc vận động, phong trào, làn sóng
trình diễn, biểu diễn
quyên, quyên góp, đóng góp, cống hiến, hiến tặng, quyên trợ, quyên tặng, sự đóng góp, sự quyên góp, sự cống hiến, sự quyên trợ, sự quyên tặng, sự hiến tặng
sự bán hàng, việc bán hàng, sự bán, việc bán
bóc, bóc vỏ, lột trần, cởi ra
cú đánh cúp
cách cư xử, cách ứng xử, cách hành xử, cách xử sự, cách đối xử, thái độ cư xử, thái độ ứng xử, thái độ hành xử, thái độ xử sự, thái độ đối xử, sự ứng xử, sự xử sự, sự cư xử, sự đối xử, sự hành xử
cú đấm đau, cú trời giáng, cú châm, cú chích
điển hình hoá
nhân trắc, nhân trắc học
đường, con đường
trao đổi, trao đổi qua lại
lỗi lớn, thất sách
lùa, dồn, xua
sự chống đỡ, chỗ dựa
đâm, chọc, châm, chích, đục, sự đâm thủng, sự chọc thủng, sự châm thủng, sự chích thủng, sự đục thủng
xuất bản, nghề xuất bản
sự quỳ, sự quỳ xuống
chiếm đoạt tài sản, sự chiếm đoạt tài sản
nghiêng cánh
cố gắng, nỗ lực, gắng sức
nấu, nấu nướng, nấu ăn
hát thánh ca
khía, vết khía
hành vi trái đạo đức, hành vi vô đạo đức, hành vi bất chính, hành vi gian ác
CT, chụp cắt lớp, chụp cắt lớp vi tính, chụp X quang, chụp hình X quang
đi nhờ, quá giang, đi quá giang, sự cho đi nhờ, sự cho quá giang
sự ủng hộ, sự tán thành
cách đối xử, cách cư xử, cách xử sự
sự hối lộ, sự đút lót, sự lo lót, hối lộ, đút lót, lo lót
chạy chữ chi, tàu chạy chữ chi
sự rượu chè quá độ, sự chè chén vô độ
giao dịch, giao thiệp
đánh trượt bóng, đập trượt bóng, cú đánh trượt, cú đập trượt, cú đánh trượt bóng, cú đập trượt bóng
rê bóng
phép đánh dấu câu, cách đánh dấu câu, phép chấm câu
màn yểm hộ
phân biệt đối xử, kì thị
đánh, đập, đấm, vố, cú đánh, cú đập, cú đấm, cú đánh đòn
cuộc hẹn, cuộc hẹn gặp, buổi hẹn, buổi hẹn gặp
điệu nhảy cao nguyên Xcốt-len, vũ điệu cao nguyên Xcốt-len
phép cộng, cộng, tổng, phép lấy tổng
sự ăn cắp, sự ăn cướp, sự ăn trộm, sự lấy trộm, sự lấy cắp, việc ăn cắp, việc ăn trộm, việc lấy trộm, việc lấy cắp, hành vi ăn cắp, hành vi ăn trộm, hành vi lấy trộm, hành vi lấy cắp
in ấn, in
chuyến đi
nhại, nhái, nhại lại, nhái lại
lướt, bước lướt, động tác lướt
cú đấm trả
khai phá, khai khẩn, khẩn hoang
phát triển ổn định, sự tiến bộ không ngừng
cuộc chơi, cuộc thi đấu, trò chơi
trình tự, quá trình, thủ tục, quy trình
sự đạt được, sự hoàn thành, sự hoàn tất
ngập ngừng, ngại ngùng
ăn, ăn quân
sao chép
bài tập thể dục
đi bộ, cuốc bộ
mua, mua sắm, việc mua sắm, sự mua sắm
góc thứ ba
đột kích, cuộc đột kích, trận đột kích, vụ đột kích
tráng
ghép
sự chiến thắng, sự đánh bại, sự đánh thắng
sự cẩu thả, sự sơ suất, sự bất cẩn, sự vô ý, sự chểnh mảng, sự thiếu thận trọng
sự bán hàng phúc thiện, bán hàng phúc thiện, bán hàng từ thiện
sinh đẻ có kế hoạch, kế hoạch hoá gia đình, kiểm soát sinh đẻ, hạn chế sinh đẻ
hoạt động thương mại, kinh doanh thương mại, kinh doanh
điều khiển, kiểm soát
xuất kích, cuộc xuất kích, đợt ra đòn, cường kích
sự chuyên cần, sự cần cù, sự siêng năng, tính siêng năng
di chuyển nhanh, di chuyển mau lẹ
lượt chơi, phiên chơi, lần chơi
chiến trận
kết nối, sự kết nối, chắp nối, chắp nối, liên kết, sự liên kết
giai đoạn, biện pháp, bước
cầm tù, bỏ tù, tống giam
giao chiến, xung đột
bài tập
trận đấu, cuộc chiến đấu, trận chiến đấu, cuộc chiến đấu vũ trang
sự cắt, sự thái, sự chặt
sự nghiệp, công danh, công danh sự nghiệp
thanh nhạc
tống tiền
thắng lợi, thành công, sự đạt được, sự giành được, sự chiến thắng, sự thắng cuộc
kết giọng, kết tông, kết tone
giải thoát, giải phóng, phóng thích, trả tự do, sự giải thoát, sự giải phóng, sự phóng thích, sự trả tự do
sơn, sơn nhà, sơn nhà cửa, nghề sơn nhà, nghề quét sơn, nghề quét vôi
cược, cá, đặt cược, cá cược, đánh cược, cá độ
sự ấn tượng
nghề, nghiệp, nghề nghiệp
đùa ác, đùa độc địa, trò đùa tai quái, đùa giỡn ác độc
bẩn, ô nhiễm, gây ô nhiễm, gây ra ô nhiễm
cái nhìn, quan sát, nhìn ngắm, nhãn quan
tái khám, khám lại, kiểm tra lại
sự lượn
ngược đãi, bạc đãi, đối xử tồi tệ, đối xử tàn tệ
phi ném, việc phi ném
sự khảo sát tỉ mỉ
thanh lí
nghỉ, nghỉ ngơi, thư giãn, giải lao, sự nghỉ ngơi, thời gian nghỉ ngơi
nông nghiệp, đồng áng, canh tác, cày cấy, cấy cày, cầy cấy, cấy cầy
tham gia
giám sát, kiểm soát, quản thúc, theo dõi, kiểm tra, quản lí, quản lý
đi bằng đường thuỷ, đi bằng đường sông, đi bằng đường biển
biểu tượng hoá, tượng trưng hoá, biểu trưng hoá, sự biểu tượng hoá, sự tượng trưng hoá, sự biểu trưng hoá
thời gian nhàn rỗi, thời gian rảnh rỗi, thì giờ nhàn rỗi, thì giờ rảnh rỗi
sự phiêu lưu, cuộc phiêu lưu
vui chơi, vui chơi giải trí, vui đùa, nô đùa, đùa nghịch, sự vui chơi, sự vui đùa, sự nô đùa, sự đùa nghịch
việc thả xuống, việc thả rơi
cướp xe, vụ cướp xe
trò giải trí, trò tiêu khiển
chạy bộ, chạy thể dục, jog
làm kiệt, làm kiệt quệ, làm cạn kiệt, làm suy kiệt, làm suy giảm, làm suy yếu
sự kiểm tra cặn kẽ, sự kiểm tra tỉ mỉ, sự xem xét cặn kẽ, sự xem xét tỉ mỉ
đánh bóng
tình trạng không hoạt động, sự bất động
huyên náo, xôn xao, om sòm, om xòm, nhao nhao, sự huyên náo
đổi hướng, chuyển hướng, định hướng lại, sự đổi hướng, sự chuyển hướng, sự định hướng lại
sự phạm tội, sự có tội
sự kiểm tra, sự kiểm soát, sự kiểm lại
sự làm héo, sự làm rũ xuống, sự làm rủ xuống, sự làm suy yếu
phát điện, sự phát điện, sản xuất điện
cái nhìn, ánh nhìn, tia nhìn, việc nhìn
đột kích, đầu cơ khống, raid
bị thương, tổn thương, thương tổn, gây tổn thương
sự lấy lại được, sự tìm lại được
rê, quạt, sảy, sẩy, sy
vãi, rải, tãi, rãi, gieo, gieo vãi, gieo rãi, gieo rắc
sự tạm ngừng, sự tạm nghỉ, sự tạm ngưng
sản xuất, chế tạo, sự sản xuất, sự chế tạo
vai trò xã hội
câu lục
thiết kế
tuyển mộ, chiêu mộ, tuyển dụng
thẩm lí, thẩm lý, khai thẩm
sự cải tiến, sự cải thiện, sự tiến bộ, sự tiến triển, sự sửa sang, sự đổi mới, sự làm cho tốt hơn
sự hấp tấp, sự láng cháng, sự vội vã
tình báo, hoạt động tình báo
pha trộn, kết hợp, phối hợp, sự pha trộn, sự kết hợp, sự phối hợp
hội hè, liên hoan, hội hè đình đám, ăn chơi nhảy múa, vui chơi nhảy múa,
sự xây dựng, sự dựng xây, sự kiến tạo
ngư nghiệp, nghề cá, nghề khơi, nghề ra khơi, nghề chài lưới, nghề đánh cá, nghề đánh bắt cá
việc tử tế, hành động đẹp
việc làm đầu, việc làm tóc, việc chăm sóc tóc
bắn phá ồ ạt, bắn ồ ạt, bắn liên tiếp, bắn phá liên tiếp
cử động
phúc lợi xã hội
sự hộ tống, sự tháp tùng
cú với bóng
sự bãi miễn
xử lí, thanh lí, từ bỏ
hành vi xâm phạm
khách quen, khách ruột, khách hàng trung thành, khách hàng quen, khách hàng quen thuộc, khách hàng thân thuộc, VIP, khách VIP, khách hàng VIP, khách hàng ruột
mưu mẹo, thủ đoạn, mánh khoé
sự run, sự run sợ, sự run rẩy
sự điều chỉnh, sự điều tiết, sự biến đổi, sự thay đổi
mở
sự sờ soạng, sự quờ quạng, sự mò mẫm
hợp tác, phối hợp
đi thuyền buồm, lái thuyền buồm
rãnh xoắn nòng súng
sự bắt chước, sự noi gương, sự làm theo
chuyến đi, cuộc chu du
lần loại do ba cú đánh hỏng
đánh nhẹ, đánh khẽ, chạm nhẹ, chạm khẽ, cú đánh nhẹ, cú đánh khẽ, cú chạm nhẹ, cú chạm khẽ
lăng mạ, sỉ nhục, xúc phạm, lăng nhục, khinh miệt
chân sáo, nhảy chân sáo, nhảy nhót
lễ, lễ nghi, nghi lễ
công chức
đánh bài, chơi bài, trò đánh bài, trò chơi bài
sự cạo râu, sự cạo mặt
thủ thuật, sự nhanh tay
sự sản xuất, sự chế tạo, sự chế tác
cờ vua, trò cờ vua
sự tiết chế, sự kiềm chế, sự kìm nén, sự kìm toả
sự đánh giá, sự nhận định, việc đánh giá, việc nhận định, hành động đánh giá
lộn xộn, hỗn độn, rối loạn, hỗn loạn
sự đảo chiều, sự đảo lộn, sự đảo ngược, sự lật ngược, sự xáo trộn
xét xử, việc xét xử
dẫn độ, sự dẫn độ
phân phát, phân phối
cú phát bóng, phát bóng
lợp, lợp ngói, lợp mái
cãi vã, cãi lộn, cãi cọ, tranh cãi, cuộc cãi vã, cuộc cãi lộn, cuộc cãi cọ, cuộc tranh cãi
xuống, xuống xe, xuống xe xuống ngựa, xuống xe xuống cộ, việc xuống, việc xuống xe, việc xuống xe xuống ngựa, việc xuống xe xuống cộ
sự lợi dụng
sự khái niệm hoá
trò tiêu khiển, trò giải trí
truyền, việc truyền, tiêm truyền
thoả hiệp, dàn xếp, hoà giải
tiêm chủng, tiêm phòng, tiêm vacxin, tiêm vắc-xin
tái phân bổ
bảo vệ, bảo hộ, che chở, sự bảo vệ, sự bảo hộ, sự che chở
động viên, huy động, điều động, điều
thủ công mĩ nghệ, thủ công mỹ nghệ
cờ triệu phú, cờ độc quyền, , Cờ monopoly, Monopoly
thực hiện, sự thực hiện, hiện thực hoá
sự rèn luyện, sự tập luyện, sự luyện tập, sự tôi luyện
quăng ném, quăng liệng, ném vứt
làm, làm việc, lao động
tắm, tắm rửa, việc tắm, việc tắm rửa
sự phân li, sự chia cắt, sự ngăn cách, tình trạng bị phân li, tình trạng bị phân ly, tình trạng bị chia cắt, tình trạng bị ngăn cách
vi phạm nội quy, vi phạm điều lệ
uỷ quyền, uỷ thác, giao phó, sự uỷ quyền, sự uỷ thác, sự giao phó, việc uỷ quyền, việc uỷ thác, việc giao phó
đình, sự ngưng, họ
nông, nghề nông
thể thao dưới nước
phẫu thuật căng da mặt, phẫu thuật loại bỏ nếp nhăn, giải phẫu thẩm mĩ
xuyên tạc, bóp méo, nguỵ tạo, sự xuyên tạc, sự bóp méo, sự nguỵ tạo, sự làm sai lệch
thương mại, mậu dịch, thương nghiệp, sự buôn bán
chè chén say sưa, ăn uống say sưa
sự thụ thai, sự thụ tinh, sự có thai, sự có mang, sự có bầu, sự mang thai, sự mang bầu
khoan
nổ súng đồng loạt, đồng loạt nổ súng, nổ súng một loạt, nổ súng hàng loạt, bắn đồng loạt, đồng loạt bắn
đi bộ, cuốc bộ, tản bộ, rông bộ, sự bước, sự đi bộ
sự cho phép
đổi hướng, chuyển hướng, đổi phương hướng, chuyển phương hướng, việc đổi hướng, việc chuyển hướng, việc đổi phương hướng, việc chuyển phương hướng
quản lí, cai quản, điều tiết, chi phối
phiếu phủ quyết, lá phiếu phủ quyết
cú xoay nhẹ, phát xoay nhẹ, cú vặn nhẹ
tránh, lẩn tránh, lảng tránh, trốn tránh, sự tránh, sự lẩn tránh, sự trốn tránh, sự lảng tránh
lạm dụng
nghiêng cánh
sự bay lên
mặc, vận, mặc đồ, vận đồ, mặc quần áo, vận quần áo
trò nguy hiểm, trò biểu diễn nguy hiểm, trò diễn mạo hiểm, động tác nguy hiểm
sự cung cấp, sự cung ứng, sự tiếp tế
nghĩa vụ quân sự, nghĩa vụ, quân dịch
bổ nhào, bổ chửng, lao đầu, chao xuống, đâm bổ xuống, đâm nhào xuống, bổ nhào xuống, đâm đầu xuống, cú đâm bổ xuống, cú nhào xuống, cú bổ nhào xuống, cú đâm đầu xuống, sự đâm bổ xuống, sự đâm nhào xuống, sự bổ nhào xuống, sự đâm đầu xuống
điều trị, chữa trị, sự điều trị, sự chữa trị, phép trị bệnh
cầu cứu, khẩn cầu, cầu khẩn
hợp tác, sự hợp tác
giật mình, giật nảy mình, giật nẩy người
sự chia, sự phân chia
chỉ đạo, dẫn dắt, điều hành
đổi hướng, chuyển hướng
nơi tụ dòng, ngã ba sông, chỗ hợp dòng, tụ điểm
chuyến công tác, chuyến đi công tác
chĩa, nhắm, ngắm, hướng
sự thoát hiểm, sự tránh được, sự thoát được
