sự biểu hiện, sự biểu thị, sự biểu lộ
lí lẽ bề ngoài, lý lẽ bề ngoài
hồ sơ thân chủ
cơ quan thông tin, cơ quan dữ liệu
kịch, tác phẩm kịch, vở kịch
thông tin văn bản, thôn tin thành văn
văn bản thiêng liêng, tài liệu thiêng liêng
buộc tội, lời buộc tội
lịch, lịch công tác
sự để lộ, sự tiết lộ, sự làm lộ, sự để lộ bí mật, sự tiết lộ bí mật, sự làm lộ bí mật
âm
nguyên âm, chữ nguyên âm
luận điểm, luận điệu, ý kiến
đường link, sự liên kết, sự liên hệ, link
trả lời, hồi âm, hồi đáp, câu trả lời, lời hồi âm, lời hồi đáp
bài diển thuyết khoa trương
danh sách kí tự, danh sách ký tự
chỉ số
in phẳng, in planographic
bài hát có nhiều bè
biển, hiệu, biển hiệu
tài liệu, dữ liệu, tin tức
xác định từ, hạn định từ
vai ngữ nghĩa, vai tham thể
thẻ, thẻ cá nhân, thẻ thành viên
sự biểu hiện, sự thể hiện, biểu hiện, thể hiện
lời nói, tiếng nói
tư liệu, hồ sơ, cứ liệu
tuyên bố, công bố, lời tuyên bố, lời công bố
sự liên lạc thư từ, quan hệ thư từ, sự giao tiếp thư từ
khiếu nại, đơn kiện
buổi hoà nhạc
lời nói vô nghĩa, lời nói ngu ngốc
kết luận
pi
cờ hiệu, cờ lệnh
sự chào đón, sự tiếp đón, sự đón tiếp
phông chữ, kiểu chữ
bản dự toán, bảng kê giá, bảng khai giá
lời đồng ý
chữ, kí tự
toa thuốc, đơn thuốc
quãng ba
hộ chiếu
tiếng không, không
nhãn, nhãn mác
chữ khắc
siêu ngôn ngữ
kí hiệu, bộ kí hiệu, ngôn ngữ đánh dấu
sự đầu hàng, sự quy hàng, sự qui hàng, sự hàng phục
sự biểu hiện, biểu hiện
phim phụ
bài báo khoa học, bài báo
chữ, chữ viết
bưu phẩm, bưu kiện, thư, thư từ
lệnh, trát
bằng cử nhân, bằng tốt nghiệp đại học, bằng tốt nghiệp
cụm từ chủ-vị
phương trình
diễn ngôn
sự chất vấn, sự tra hỏi, sự hỏi
sự dung túng, sự đồng loã
chủ đề
biệt ngữ
danh từ chung
sự biện hộ, sự bào chữa, sự chứng minh
hát ru, bài hát ru
biệt danh, biệt hiệu, tên hiệu
chữ viết cẩu thả, chữ viết quệch quạc, chữ viết bôi bác lằng ngoằng
lệnh, giấy đòi, trát
nốt láy, nốt láy rền
sự khác biệt, sự cách biệt, sự khác nhau, khoảng cách
lí do, nguyên cớ, động cơ
lời nói dí dỏm, cách nói dí dỏm
kết cấu đoạn, ngữ, ngữ đoạn
sự hỏi dò, sự thẩm vấn, sự chất vấn
phụ âm vô thanh
lời cảm thông, lời chia buồn
phụ âm xát, âm xát
tiểu thuyết khoa học viễn tưởng, tiểu thuyết khoa học giả tưởng
lời nịnh hót, lời xu nịnh, lời tán tỉnh, lời dỗ ngọt
cơ sở dữ liệu ngôn ngữ, cơ sở dữ liệu từ vựng
thuật in đá, thuật in thạch bản in thạch bản
nhạc thịnh hành, nhạc đại chúng, nhạc bình dân
thư điện tử, e-mail, email
phách không nhấn, phách nhẹ, nhịp không nhấn mạnh
báo chí, thể văn báo chí, văn báo chí, thông tin báo chí
cột, mục
giai thoại
thư, thư từ, thư chuyển bằng đường bộ, thư chuyển bằng đường biển
sự buộc tội
tiếng rên rỉ, tiếng cằn nhằn
sự cằn nhằn, sự càu nhàu, sự làu bàu
trao đổi, thảo luận, tranh luận, bàn luận, luận bàn, cuộc trao đổi, cuộc thảo luận, cuộc bàn luận, cuộc luận bàn, cuộc tranh luận
ablaut nguyên âm, độ biến nguyên âm
bí mật, điều bí mật
bằng thạc sỹ về nghệ thuật và khoa học, AM
phụ lục
phim, phim ảnh
lời buộc tội, lời cáo buộc, lời kết tội
bản ghi chép, tài liệu ghi chép, nhật kí ghi chép, nhật kí công việc
điện tín, điện báo, bức điện, điện
chứng thư quyền sở hữu tài sản
lăng kính
cuốn, quyển, tập
tiếng Ba Lan, ngôn ngữ Ba Lan
cử chỉ, thủ ngữ, ngôn ngữ cơ thể
bồ câu, bồ câu trắng, chim bồ câu, chim bồ câu trắng
cuộn tài liệu, cuộn sách
tiếng nói lầm bầm
truyền hình
chương trình tạp kĩ
giấp phép
chuyện vô lí, chuyện vô lý, chuyện vớ vẩn, chuyện ngu ngốc, chuyện nhảm nhí
phần
sự quả quyết, sự quyết đoán, sự khẳng định, sự xác nhận
mã thư tín, mã bưu chính, mã bưu điện, chỉ số bưu điện
phạm trù ngữ pháp
phần lặp chủ đề
chương trình gây hại, chương trình có hại
phép cường điệu, phép nói quá, phép ngoa dụ
âm giáp chót, âm áp chót, âm giáp cuối
lời than thở, lời phàn nàn, lời than phiền
cột chỉ đường, biển chỉ đường, cột biển báo
phiên xét xử, phiên xử
bằng chứng ngoại phạm, chứng cớ ngoại phạm
bảng xếp hạng, bảng tổng sắp
mã lệnh, mã, mã máy tính
điểm chuẩn, điểm tham chiếu, điểm quy chiếu
chữ ghép
giấy biên nhận, biên lai
khiển trách
chuyên khảo
ý, nghĩa, ý nghĩa
dẫu mũi tên
biểu đồ
cụm từ, ngữ
sự cam đoan, sự dám chắc, sự bảo đảm, sự đảm bảo
bệnh sử
biểu diễn gây quỹ, biểu diễn từ thiện, chương trình từ thiện
xổ bộ nhớ
quyền trượng
tiếng cười
lời nói dối, lời giả dối
lời, ca từ
thư trả lời của Giáo Hoàng
ngôn điệu
tán gẫu, chat, nói chuyện phiếm, cuộc tán gẫu, chuyện phiếm, chát chít
kinh
sự bật hơi
cuộc hội đàm, cuộc hội kiến
lên lớp, tinh tướng, tính vi
kịch
trang
chính sách xã hội
lỗi in ấn, lỗi in
tiếng Ý, ngôn ngữ Ý
đoạn trích dẫn
bằng đại học loại ưu
chính sách kinh tế
màn ca múa nhạc, ca múa nhạc, màn ca vũ
bài chính tả
sự đùa cợt, sự chế nhạo, sự giễu cợt, sự nhạo báng, sự chế giễu, sự bỡn cợt, sự đùa bỡn
cọc, cột
nhạc tôn giáo, nhạc nhà thờ, âm nhạc tôn giáo
ether, aether, ete môi trường điện từ theo giả thiết
tiểu từ
lời nói vô nghĩa, lời nói không có ý nghĩa
lời nguyền, lời nguyền rủa
luật chơi
bằng chứng, minh chứng
giấy bảo đảm, giấy bảo hành
hài kịch, kịch vui
chủ nghĩa thuần tuý
ballad, khúc ba-lat, bản ba-lat
manh mối, đầu mối
tiếng rên rỉ, giọng rên rỉ
sự đánh vần
từ tục, từ bậy, từ bậy bạ, từ ngữ tục, từ ngữ bậy, từ ngữ bậy bạ, từ ngữ thô tục, từ ngữ tục tĩu, từ ngữ bẩn thỉu, lời lẽ thô tục, lời lẽ tục tĩu, lời lẽ bậy bạ
bảng kí hiệu, biểu kí hiệu, bảng chú thích kí hiệu, bảng kí hiệu viết tắt
số PIN, mã PIN, số thẻ nhận dạng, số nhận dạng cá nhân
tài liệu
sự khen, sự ca ngợi, sự ca tụng, lời khen, lời ca ngợi, lời ca tụng
Hiến pháp Mĩ, Hiến pháp Hoa Kì
trợ động từ
dạng nguyên
dấu ngoặc nhọn
hình vị, từ vị
tác phẩm văn học, tác phẩm văn chương, văn phẩm
tập, phần, đoạn
sự khẳng định, sự xác nhận, sự tuyên bố
giọng kéo dài
địa chỉ
tiêu đề giật gân, đầu đề giật gân, title giật gần, tít giật gân
bản chép tay, văn bản viết tay, văn bản chép tay, bản viết tay
dấu hai chấm, hai chấm
sự phản hồi, ý kiến phản hồi
bảng chọn, mơ-nuy, thực đơn, thực đơn máy tính
diễn đạt lại, sự diễn đạt lại
tiên đề
phỏng tác, bản phóng tác, tác phẩm phỏng theo, bản phỏng theo
tiếng lóng
dự luật, luật dự thảo
lời tóm tắt, bản tóm tắt, bản sơ lược
luật hình sự, bộ luật hình sự, hình pháp, hình luật
tiếng cười khùng khục
ngôn ngữ tự nhiên
sự định danh, sự phân định
nhãn, nhãn hiệu
truyện ngắn
hướng dẫn, chỉ dẫn
tiền án tiền sự, hồ sơ tội phạm, hồ sơ phạm tội, lí lịch tư pháp
câu hỏi, dấu chấm hỏi
âm răng, âm chân răng, âm ổ răng, phụ âm chân răng, phụ âm ổ răng
ô-pê-ra, ôpêra, opera
bản giao hưởng, bản nhạc giao hưởng
lỗ hổng của luật pháp, khe hở của luật pháp, kẽ hở của luật pháp
sự bất đồng, sự bất hoà, sự không đồng ý kiến
tiểu thuyết giả tưởng
sử thi, anh hùng ca, thiên anh hùng ca, bản anh hùng ca
quy tắc biến đổi, phép biến đổi, sự thay đổi, sự biến đổi
cờ tổ quốc, quốc kì, quốc kỳ
biên niên sử
điều biến, sự điều biến, sự biến đổi, điều chế tín hiệu, sự điều chế tín hiệu
bài hát tang
sự ồn ào, sự ầm ĩ, sự ồn ĩ, sự om sòm, sự huyên náo
nói đùa, giễu cợt
sâu máy tính
đề xuất mới
quãng bốn
sự hoan nghênh, sự tiếp đón ân cần, sự nhiệt liệt chào đón, sự nhiệt liệt đón chào, sự nhiệt liệt chào mừng
lịch sử bệnh, lịch sử bệnh án
truyện phiêu lưu, truyện mạo hiểm
lệnh triệu tập, lệnh tập trung
trích đoạn, đoạn trích, phần trích
danh bạ
lời diễn đạt, lời phát biểu
mệnh lệnh, chỉ thị
danh từ riêng, tên riêng
thông cáo, cáo thị
hợp đồng, hợp đồng cho thuê
nốt, phím, nốt nhạc, phím nhạc
giọng nhỏ nhẹ, giọng khẽ, giọng thấp
ngôn từ, lời nói
sự lộ, sự để lộ, sự tiết lộ, sự để lộ bí mật, sự rò rỉ thông tin, sự tiết lộ bí mật
truyện tình, truyền tình yêu, truyện ngôn tình
Đô, nốt Đô
quãng trưởng
cảnh, cảnh phim
logarit, loga, lôga, lô-ga, lô-ga-rít, lôgarit
giống
điểm chính, điểm trọng tâm, điểm cốt yếu, điểm trọng yếu, điểm cốt lõi
hợp đồng nhượng quyền, hợp đồng cấp quyền
lời nói láo xược, hành động láo xược
đường cong, đường đồ thị
bài dịch để quay cóp, bản dịch quay cóp
sự lạc giọng, sự mất giọng, sự mất tiếng, sự nghẹn lời
tiểu sử, lí lịch, tiểu truyện, lý lịch
tiếng Lap, ngôn ngữ Lap
tiếng Attic, tiếng Ionic, phương ngữ Ionic, phương ngữ Attic, tiếng Hi Lạp cổ điển
lời nói dối vô hại, lời nói dối nhỏ, lời nói đùa
biện pháp nghệ thuật
âm giai toàn cung
văn nói, ngôn ngữ nói, ngôn ngữ binh dân
tiếng vỗ tay, cái vỗ tay, tràng pháo tay, việc vỗ tay, sự vỗ tay, vỗ tay
sổ tay, phiếu ghi, phiếu ghi nhớ, sổ tay ghi nhớ
sự kiểm soát
Lệnh Ông
địa chỉ mạng, website
lời lăng mạ, lời nhục mạ, lời chửi rủa, lời sỉ nhục, lời sỉ vả, sự lăng mạ, sự sỉ nhục, sự chửi rửa, sự sỉ vả
sự tố cáo, sự tố giác, việc tố cáo, việc tố giác, tố cáo, tố giác
tin vắn, tin nhanh, bản tin, tin
đường gạch chân, đường gạch dưới
dòng đầu, dòng đầu tiên
sự dài dòng, sự dông dài, sự huyên thuyên, sự luyên thuyên, sự rườm rà, sự huyên thuyên xích đế, sự dài dòng văn tự
đề phụ, tiêu đề phụ, tiêu đề nhỏ
ngôn ngữ, tiếng, tiếng nói
dấu gạch chéo, dấu sượt phải
album, anbum, an-bum, anbom, đĩa, đĩa nhạc
sự khinh thường, sự coi khinh, sự khinh rẻ, sự khinh miệt
nhân hoá, nhân cách hoá
dân ca, dân gian, bài hát dân ca, bài hát dân gian
khó khăn, vấn đề khó, bài toán khó, bài toán khó khăn, bài toán phức tạp, bài toán nan giải, vấn đề phức tạp, vấn đề nan giải, vấn đề khó khăn
Gur, Voltaic, ngôn ngữ Gur, ngôn ngữ Vota
phương tiện truyền thông, phương tiện thông tin
sự lừa bịp, sự lừa gạt
lí lịch, lý lịch, lí lịch cá nhân, lý lịch cá nhân, sơ yếu lí lịch, sơ yếu lý lịch, CV
oang oang, nói oang oang, thùng rỗng, thùng rỗng kêu to
sự phô trương, sự khoe khoang, sự khoe khoang
sự khoa trương, sự tự cao tự đại
phát thanh truyền hình
từ nhấn mạnh
sự phản bác, sự bác bỏ, sự bắt bẻ
khen ngợi, sự khen ngợi, ca ngợi, sự ca ngợi, tán dương, sự tán dương, lời khen ngợi, lời ca ngợi, lời tán dương
khoá, điệu, khoá nhạc, âm điệu
sự phát biểu rõ ràng
xin xỏ, sự xin xỏ, nài xin, sự nài xin, vòi vĩnh, sự vòi vĩnh
từ chêm
công pháp công luật
luật chữ đỏ, luật chữ Đỏ, quy định chữ đỏ, qui định chữ đỏ, rubric
quãng sáu, âm sáu
liên từ, hệ từ, động từ nối
thuyết trình, diễn thuyết, hùng biện, sự thuyết trình, sự diễn thuyết
tư liệu
động từ
tuyển tập, hợp tuyển
N, n
hợp đồng, bản thoả thuận, bản giao ước, biên bản thoả thuận, biên bản giao ước, bản giao kèo
tem, tem thuế
dạng thức, dạng mẫu
chồng cảnh, mờ chồng, hiệu ứng chồng cảnh, hiệu ứng mờ chồng, dissolve
trọng âm, âm nhấn
cuộc nói chuyện, cuộc trò chuyện, cuộc chuyện trò, nói chuyện, trò chuyện, chuyện trò
lời dẫn truyện, lời nhắc vở, lời báo thoại
dấu hiệu
U, u, chữ u
sonata, xô-nát, xô nát, sô-nát, sô nát, bản sonata, bản xô-nát, bản xô nát, bản sô-nát, bản sô nát
tạp lục, hợp tuyển, tuyển tập
dấu luyến, dấu luyến âm
sự lè nhè, tiếng lè nhè
ấn phẩm, xuất bản phẩm, sách báo xuất bản
sự phát, sự truyền, sự chuyển giao
tước, tước vị, tước hiệu
đường đồng mức, đường bình độ
dự đoán, tiên đoán, tiên tri, dự báo, đoán trước, lời dự đoán, lời tiên tri, lời dự báo, lời tiên đoán
dấu chấm, điểm chấm
dấu thăng, nốt thăng
nhượng bộ, sự nhượng bộ, sự nhân nhượng
tài liệu tham khảo, danh mục tài liệu tham khảo
văn bản
từ gốc
dấu ngoặc kép, dấu nháy
sự phản đối, sự chống đối
tài liệu thương mại, văn thương mại
dòng, hàng, dòng chữ, hàng chữ
độc thoại, độc thoại nội tâm
tín hiệu điện tử
dấu mũ
bản thuyết minh kĩ thuật, bản chi tiết kĩ thuật
dạ khúc
tên, tên gọi
liến thoắng, rôm rả, sự liến thoắng, sự rôm rả
vận đơn
bản vá lỗi
dấu hiệu, vật báo hiệu
thực đơn, menu
dấu chân, dấu giày, vết chân, vết giày
tệp tin, tập tin, tệp, file
lời, tiếng
thứ tự, vị trí, thứ tự biểu diễn, vị trí biểu diễn
việc kêu gọi, sự quyên góp
thổ ngữ, tiếng địa phương
đại cương, tổng quan, trích yếu, khái lược, tóm lược, bản khái lược, bản tóm lược
biên tập, tinh chỉnh, sự biên tập, sự tinh chỉnh, sự viết lại
tân ngữ
tin quan trọng, tin tức quan trọng, tin nổi bật, tin tức nổi bật
bản phối, bản hoà âm, bản phối khí, bản hoà âm phối khí
cái nhún vai, nhún vai
nháy mắt, cái nháy mắt, nheo mắt, cái nheo mắt, đá lông nheo, cái đá lông nheo
gạch ngang, đường thẳng
đề mục, tựa đề, tiêu đề, title, tít
tuy-ô, nguồn tin, thông tin
sự nhăn nhó, nét nhăn nhó, vẻ nhăn nhó, nhăn nhó, sự cau có, nét cau có, vẻ cau có, cau có
từ đồng nghĩa
đường dóng
bản sao, bản copy, bản chép lại, bản ghi lại, văn bản sao chép
định đề
SALT, Đàm phán cắt giảm vũ khí chiến lược, Cuộc đàm phán cắt giảm vũ khí chiến lược
sự làm mất uy tín, sự làm mất thể diện, sự chê bai, sự gièm pha
đô, nốt đô
bản định giá, bản kê khai giá trị, bản nhận xét giá trị, bản đánh giá giá trị
dạng so sánh, cấp so sánh, mức độ so sánh
dấu cách
sự miêu tả, sự mô tả
đồ hình, đồ hình phân tích, hồ sơ, profile
từ loại
thẻ thư viện
dấu hoá, bộ khoá, hoá biểu
dấu giáng, nốt giáng
sự ba hoa, sự khoác lác, sự phét lác, sự khoe khoang, ba hoa, khoác lác, phét lác, khoe khoang
danh tính, danh tánh, sự nhận dạng, sự nhận diện, nhận dạng, nhận diện
tính từ
lời tán dương, lời tán tụng, lời ca tụng
Sách Khôn ngoan, Wisdom_of_Solomon, Wisdom
bằng tốt nghiệp hệ hai năm, văn bằng tốt nghiệp hệ hai năm
dấu chấm than, dấu chấm cảm
thông báo, thông tin, khai báo, sự thông báo, việc thông báo, việc thông tin, sự khai báo, việc khai báo, việc báo tin
tài liệu, tư liệu, văn kiện
dấu gạch ngang, dấu gạch nối, dấu nối
tác phẩm tiếng Phạn
lời nguyền, lời nguyền rủa
dấu
tham luận, bài tham luận
tiếng kêu, sự kêu
dạng, kiểu
ảnh minh hoạ, hình minh hoạ, hình ảnh minh hoạ
dấu, vết, dấu vết, dấu hằn, dấu lằn
tin ngắn, tin vắn, bản tin ngắn
giấy ghi độ, độ
tên gọi, danh hiệu, danh xưng
phép tắc, tôn chỉ, nguyên tắc đạo đức, phương châm xử thế
coupon, voucher, cu-pông, cu-pôn, cu-pon, phiếu mua hàng, vé mua hàng, vao-chơ, vao-trơ
tác phẩm văn học, tác phẩm văn chương
lời hoan hô, tiếng hoan hô, tiếng cổ vũ
sắc lệnh giáo hoàng, sắc lệnh Giáo hoàng, sắc lệnh của giáo hoàng, sắc lệnh của Giáo hoàng
dấu hiệu nghe nhìn
hàm ý
gáo nước lạnh
phần mở đầu, phần đầu
khúc nhạc đồng quê, bản nhạc đồng quê
kinh Thánh, Thánh kinh
catalô, ca-ta-lô
cương lĩnh, cương lĩnh chính trị
vốn từ vựng, vốn từ
phông chữ đậm, kiểu chữ in đậm
tiểu luận, luận văn
giao diện, giao diện người dùng
hình ảnh, ảnh
chữ i, I, i
sự báo động, sự báo nguy, lệnh báo động, lệnh báo nguy
tiếng Ý, ngôn ngữ Ý
công trình nghệ thuật, tác phẩm, vở, bản, bức, bài
hiến pháp, pháp luật cơ bản
sự diễn đạt mơ hồ, sự diễn đạt tối nghĩa, sự diễn đạt mờ nghĩa
ngôn ngữ Miến-Tạng
sự thỉnh cầu
lịch làm việc
giấy thông hành an toàn
sự chú dẫn
bài đưa tin, bài phóng sự
giới từ
công ước, hiệp định
chữ Ai Cập cổ phổ thông, chữ Ai Cập cổ thông tục
đoạn, mẩu, khúc, mảnh
trát đòi hầu toà
hình vị
mạo từ
ngôn ngữ nền
giấy tờ đất đai, giấy tờ nhà đất
phép chuyển nghĩa, phép tu từ
sự biểu đạt, sự biểu lộ
rap, nhạc rap, nhạc hip-hop
cấu trúc câu
sự đề nghị, sự đề xuất
sự thăm dò, sự tiếp xúc
tiếng còi, tiếng còi xe
vở diễn, tác phẩm
hiệp ước hoà bình, hoà ước
biểu thức, công thức
sự chiếu phim, việc chiếu phim
lời rao hàng
quân hàm, cấp bậc
bản kiến nghị, bản đề nghị
hợp đồng, hợp đồng bảo hiểm
mẫu đơn xin việc, đơn xin việc
bản nhạc
nhóm ngôn ngữ Ấn- Iran, ngôn ngữ Ấn- Iran
phương tiện truyền thông đại chúng, phương tiện thông tin đại chúng
liên từ, từ nối
chương trình đặc biệt
sách dẫn luận, giáo trình dẫn luận, sách nhập môn, giáo trình nhập môn
lối diễn đạt dài dòng, lối diễn đạt dông dài, lối diễn đạt rườm rà
tiếng bồi, tiếng lai
chữ l, L, l
áo, tấm áo, chiếc áo
sự chế nhạo, sự nhạo báng, cái nhìn chế nhạo, câu nói nhạo, cười nhạo, cười khẩy
tiếng Latinh, ngôn ngữ Latinh
tiếng kêu ê
lời đề nghị
âm schwa, âm shwa
hệ thập phân, hệ biểu diễn thập phân, hệ đếm cơ số mười, hệ thống số thập phân
rất không hài lòng
chuỗi
lời hứa, lời cam kết, lời thề nguyền
phó từ, trạng từ
khẩu hiệu, châm ngôn, phương châm, khẩu lệnh, biểu ngữ
đơn yêu cầu, đơn đề nghị
tin đồn nhảm, tin đồn, chuyện tầm phào
phép chính tả
máy in
chủ ngữ
biên tập, sự biên tập
phép dùng từ tượng thanh
chữ cái, con chữ, chữ, mẫu tự
chữ e, E, e
sự thừa nhận, sự công nhận
bản khai có tuyên thệ
ghi chú lưu cục
tiếng Fox, ngôn ngữ Fox
cọc đánh dấu
điều quái gỡ, điều kinh khủng, điều khủng khiếp
sự thờ phụng, sự thờ cúng
tiềng gầm thét, tiếng gầm gào
ý định, mục tiêu, mục đích
công cụ phát sinh, công cụ phái sinh, chứng khoán phái sinh
nốt chính, âm chủ, âm chủ trong âm giai
tiếng Anh, ngôn ngữ Anh, Anh ngữ
hình vẽ
thuật ngữ
chương trình nghị sự
nghề sân khấu
chủ đề
hành động cúi chào, sự cúi chào
tiền đặt cọc
phương pháp tốc kí, thuật tốc kí, phép tốc kí, phương pháp tốc ký, thuật tốc ký, phép tốc ký
tràng pháo tay, tràng vỗ tay
luật, bộ luật
phần mở đầu, lời nói đầu, lời giới thiệu, lời tựa
phim tài liệu, phim tư liệu
bi ca, sầu ca, tang ca, thơ bi, điếu văn, ai điếu, khúc bi thương, khúc bi ai, bài hát tang, bài hát truy điệu
thuật ngữ, từ chuyên môn, từ chuyên ngành
giả thuyết
bản ghi nhớ, bản nhắc nhớ
chế độ bảo vệ nền công nghiệp trong nước, bảo hộ mậu dịch
truyện trinh thám, phim trinh thám, tiểu thuyết trinh thám
điện não đồ, EEG
thương hiệu, tên thương mại, nhãn hiệu
hành động ngôn từ, hành vi ngôn từ, hành vi dùng lời, hành vi bằng lời
nhạc hiệu
mũ, số mũ, luỹ thừa
cho, để, để cho, sự cho, sự để, sự để cho
cảnh, phong cảnh, cảnh tượng, hình ảnh
hoán dụ
quy tắc ngôn ngữ
hành khúc
sự bắt tay, việc bắt tay
luật thơ, lối thơ, kiểu làm thơ, vận luật
phần nội dung, phần chính
Rê, nốt Rê
sự diễn giải, sự giải thích
tiếng hí hí, tiếng hi hí, tiếng cười hí hí, tiếng cười hi hí
di chúc, chúc thư, bản di chúc, bản chúc thư
giọng, sắc thái giọng
bài phê bình
chân lí, chân lý
dấu phụ
mệnh đề khẳng định toàn xưng
giao tiếp thính giác, thông tin thính giác, nghe ngóng
funk, nhạc funk
bổ đề, định đề
bài kiểm tra, bài thi
số, số báo, số tạp chí
sự phản đối, sự không tán thành
sóng phản xạ ra đa, sóng phản xạ sóng vô tuyến
sự không tán thành
sự khoe khoang, sự phô trương
tác phẩm văn học đồng quê, tác phẩm đồng quê
dấu hiệu, tín hiệu
tác phẩm hư cấu
cẩm nang, sổ tay hướng dẫn, sách bỏ túi
tiểu thuyết, truyện, truyện dài
bí danh, mật danh, biệt danh
sự miêu tả bằng lời, bức tranh ngôn từ
thông cáo, thông báo ngắn, bản tin ngắn, bản thông báo ngắn
giáo điều, tín điều, giáo lí, giáo lý
lệnh, trát, mệnh lệnh, chỉ thị, chỉ đạo, quyết định, văn bản chỉ dẫn
đèn giao thông, tín hiệu đèn giao thông
sự phát âm, sự phát âm ra
lời giới thiệu, thư giới thiệu, sự tiến cử
tên họ, họ
sự đoán, sự phỏng đoán, sự suy đoán, sự ước chừng
trạng từ, phó từ, phụ từ
ngữ hệ Sioux, hệ ngôn ngữ Sioux
kỉ yếu, kỷ yếu
tranh biếm hoạ, tranh đả kích
bi hài kịch, vở bi hài kịch
phần mềm nâng cấp, bản nâng cấp, phiên bản nâng cấp
tiếng Bắc Kinh, ngôn ngữ Bắc Kinh, tiếng Quan Thoại, ngôn ngữ Quan Thoại
âm át
đàm phán, cuộc đàm phán, thương thảo, cuộc thương thảo
hoá đơn, hoá đơn tính tiền
lời ghi chú, lời chú giải
điểm chính, điểm then chốt, trọng điểm
trò hề, trò cười, trò đùa, trò khôi hài, trò hài hước
ngụ ý, ẩn ý, hàm ý
nhạc không lời
việc chiếu phim, sự chiếu phim
cười nhếch mép, cười khinh bỉ, cười khẩy
luật, bộ luật
bài hát ca ngợi
sự quảng cáo
sol, nốt sol
vẻ, điệu, giọng, mùi
xin chào, chào
âm rung
khúc đò đưa, bài hát đò đưa, barcarolle
log
đẩy lùi, đánh lui, đánh lùi, sự đẩy lùi, sự đánh lùi, sự đánh lui
đề mục
biên bản
phiên họp, khoá họp, kỳ họp
chuẩn đánh giá
sự giả vờ, sự giả bộ, sự đóng kịch, sự ra vẻ
phương trình bậc bốn, phương trình trùng phương
bản nhạc hỗn hợp
bài chính, bài viết chính, bài nổi bật, bài đặc biệt
huy hiệu
hiệu lệnh rút quân
chương trình máy tính, chương trình
bưu điện, bưu chính
nhạc, âm nhạc
chương trình nhị phân
chiến lợi phẩm
phiếu bầu cử, lá phiếu, lá thăm
sự giới thiệu
phát thanh-truyền hình
tít, tiêu đề, đầu đề
phương tiện biểu hiện, phương tiện chuyển tải, phương tiện truyền bá
hệ thống viễn thông
điều khoản
tiếng chim hót, tiếng chim kêu
lối nói, cách nói, kiểu nói, phong cách nói
chương trình ứng dụng, phần mềm ứng dụng
tiếng kêu, tiếng la, tiếng hét, tiếng hò hét
sự đánh trống hạ cờ
kí hiệu, ký hiệu
thương lượng, thương thảo, dàn xếp, cuộc thương lượng, cuộc thương thảo, cuộc dàn xếp
bách khoa toàn thư, từ điển bách khoa thư, bộ bách khoa thư, bộ từ điển bách khoa, bộ từ điển bách khoa thư, bộ bách khoa toàn thư, bộ từ điển bách khoa toàn thư
chủ đề, chủ đề âm nhạc, chủ đề giai điệu
sách hướng dẫn du lịch
dấu hiệu, điềm báo, dấu hiệu biểu hiện
sắc lệnh Sa hoàng, sắc lệnh vua Nga, sắc lệnh của Sa hoàng, sắc lệnh của vua Nga
vé
cơ sở, khái niệm cơ sở, kiến thức cơ sở, kiến thức căn bẳn, kiến thức cơ bản
bảng Anh, pound Anh, đồng bảng Anh, đồng pound Anh
sự khăng khăng đòi, sự nhất định đòi, sự cố nài
dấu nối
trước tác, tuyển tập, các bài viết
dấu hỏi, dấu hỏi chấm, dấu chấm hỏi, hỏi chấm, chấm hỏi
chương trình, tờ chương trình, tờ chương trình biểu diễn
tuyển tập
vi rút, vi-rút, virus, vi rút máy tính, vi-rút máy tính
nhịp thơ
sự phô bày, sự trưng bày
tài liệu
văn, văn xuôi
sổ tay, bảng tính sẵn
dấu thập phân
lời nói uỷ mị, lời lẽ uỷ mị, lời nói sướt mướt, lời lẽ sướt mướt
giả thuyết, giả thiết, giả định
điều khẳng định, sự khẳng định
dấu bình, dấu hoàn
bài hát đạo, bài ca đạo, bài hát tôn giáo, bài ca tôn giáo
kì, kỳ, kì ra báo, kỳ ra báo, kì đăng báo, kỳ đăng báo
bằng danh dự hạng nhất
sự biện hộ, sự bào chữa, lời biện hộ, lời bào chữa
công cụ chuyển nhượng
phong cách biểu đạt, phong cách bộc lộ, phong cách
nét cong bay bướm
buổi biểu diễn công cộng, giải trí công cộng
hình chữ vạn, chữ vạn
khích lệ, khuyến khích, động viên, lời khích lệ, lời khuyến khích, lời động viên
tiếng bập bẹ, tiếng bi bô
hợp âm chuyển thuận tai, hợp âm chuyển thuận
ngữ hệ Algonquin, hệ ngôn ngữ Algonquin
âm tắc mút
luật, quy tắc, phép tắc
tiếng mẹ đẻ, ngôn ngữ mẹ đẻ, ngôn ngữ thứ nhất
lời chú giải, lời chú thích, lời dẫn giải
bi hài kịch
hội thảo
hoá đơn thanh toán, giấy tính tiền
sự mâu thuẫn, sự trái ngược, sự phủ định, sự phủ nhận
thư của mục sư, thư mục vụ
thuật ngữ
thơ, thi ca, thơ ca, nghệ thuật thơ
sự chào, sự chào hỏi, lời chào, lời chào hỏi
sự chỉ đạo, sự hướng dẫn, sự dìu dắt
tóm tắt lại, tóm lược lại, bản tóm tắt lại, bản tóm lược lại
bè đệm
lời cầu nguyện, lời nguyện cầu
báo ảnh, tạp chí ảnh
nhịp điệu
kịch ngắn
sự chế nhạo, lời chế nhạo
hiện vật, bằng chứng, bằng cứ, bằng cớ, chứng cứ, chứng cớ
nhạc cổ điển, âm nhạc cổ điển, nhạc truyền thống, âm nhạc truyền thống
chữ kí, chữ ký
âm trầm
đề nghị, sự đề nghị, lời đề nghị
bí quyết
ý chính, đại ý, ý chủ đạo, ý nghĩa chủ đạo
đọc cho viết, đọc chính tả, sự đọc chính tả, sự đọc cho viết
buổi biểu diễn kịch, buổi diễn kịch
sự thể hiện, sự biểu lộ, sự biểu hiện
bài đọc, bài luyện đọc
lời tán thành, lời đồng ý
thành tố, thành phần, thành phần ngữ pháp
diễn văn chào mừng, diễn văn chúc mừng
khúc dạo, nhịp dạo, khúc dạo đầu
giải thưởng, phần thưởng
hành động đạo đức giả
âm nền
kinh Cựu Ước
chào theo nghi thức, chào theo nghi thức quân đội
tiếng gào lên, tiếng rú lên
bản viết tay, bút tích
chữ viết tay, chữ viết, tự dạng
tin đồn, lời bàn tán, lời đồn đại, lời xì xào, lời xì xào bàn tán
mệnh đề toán học, định lí toán học, định lý toán học
sự giả vờ, sự dối trá, sự giả dối
sự đồng ý, sự đồng tình, sự thống nhất, sự nhất trí
giấy phép, môn bài
hàng rào thương mại, hàng rào quan thuế
lời giả dối, lời đạo đức giả, lời nói thớ lợ
phiên họp của toà án, phiên họp của cơ quan lập pháp
phép đặt vần luật
trang web, trang
lời hứa, bản cam kết
nhãn
phụ âm lưỡi
chương trình tiện ích, chương trình phục vụ
bộ dịch, chương trình dịch
trung tố
tiền ngữ, mệnh đề đứng trước
kí tự biểu ý, ký tự biểu ý, thành phần biểu ý
sự thách thức, sự thách đấu
trò chuyện, chuyện trò, cuộc trò chuyện, cuộc chuyện trò, nói chuyện, cuộc nói chuyện
giống cái
cột mốc, mốc ranh giới
phao hình nón
sự đồng ý
chuyện bí mật, , chuyện kín, chuyện riêng, chuyện riêng tư
nét chữ nguệch ngoạc, chữ viết nguệch ngoạc
lời cảnh báo, lời răn
quy ước
tiếng Thượng Hải, tiếng Ngô
yêu cầu
tiếng Hi Lạp cổ, ngôn ngữ Hi Lạp cổ
lí lẽ, lý lẽ, luận cứ
phần, phân đoạn, tiết đoạn
nhóm ngôn ngữ Slavo, nhóm ngôn ngữ Xla-vơ, ngôn ngữ Slavo, ngôn ngữ Xla-vơ
biên bản
lời hứa, lời cam kết
tiểu sử các thánh
hình thái từ, hình thái
mật khẩu, mật ngữ, mật lệnh, khẩu lệnh, pass, password
sự quảng cáo rùm beng
biến tấu
lời chửi rủa, lời lăng mạ, lời phỉ báng, lời xỉ vả, lời mắng nhiếc, lời chỉ trích chua cay
truyền thông điện tử
báo cáo, bản báo cáo, báo cáo nghiên cứu, bản báo cáo nghiên cứu
nét ngoáy sau
báo lá cải
khuông nhạc, hàng kẻ nhạc
hằng sai
chương trình soạn thảo
lối nói, cách nói
báo cáo tài chính, bản báo cáo tài chính
sự gạ gẫm, sự rủ rê, sự gạ
sách, cuốn sách, quyển sách
ngoặc, móc, dấu ngoặc, dấu móc
khoảng thụt đầu dòng, chỗ thụt đầu dòng
hợp đồng cộng tác, hợp đồng đối tác, cam kết, bản cam kết
BASIC, ngôn ngữ lập trình BASIC
nhóm ngôn ngữ Kamarupan, ngôn ngữ Kamarupan
đoạn giới thiệu phim, đoạn quảng cáo phim, trailer
điếu văn, bài điếu văn
công nghiệp phim ảnh, ngành công nghiệp phim ảnh
giao tiếp động vật, liên lạc động vật
bài phân tích
sự nhận, sự công nhận, sự thừa nhận
thông tin mới, tin tức mới
diễn đạt hoa mĩ, diễn đạt màu mè, diễn đạt cầu kì, diễn đạt văn vẻ
hoá đơn thanh toán
sự vô lễ, sự bất kính, sự thiếu tôn kính, sự thiếu tôn trọng, sự bất lễ
luật La Mã
tiếng cười thầm
âm thanh
giấy chứng nhận
điều lệ
lí lẽ, lý lẽ, sự kiện
phim thời sự
mệnh đề
lề
sự bắt chước, sự nhái lại
sự cam kết, sự cam đoan, sự đảm bảo, sự bảo đảm
diễn văn, bài diễn văn, bài diễn thuyết, bài thuyết trình
bằng cử nhân điều dưỡng, BAN
ngữ hệ Ấn - Âu, hệ ngôn ngữ Ấn - Âu
thư chuyển bằng đường bộ, thư chuyển bằng đường sắt, thư chuyển bằng đường biển, thư chuyển bằng đường hàng không
xuất bản phẩm, ấn phẩm
bảng kiểm kê, danh sách kiểm kê, bản kê hàng tồn kho
tiếng cười hố hố, tiếng cười ha hả
thông cáo báo chí
biển địa chỉ, biển số nhà
mẫu, form
lỗi
cảnh, cảnh tượng
đơn hàng nước ngoài, đơn hàng quốc tế
sách hướng dẫn, sách chỉ dẫn
ngoại động từ
thì, thời
chuỗi nốt lướt
nhãn đĩa, nhãn hiệu, hãng đĩa ghi âm
quy tắc ngữ pháp, quy tắc quy phạm
sự huyên thuyên, sự luyên thuyên, sự hiên thuyên, sự liên thuyên, sự huyên tha huyên thuyên, sự luyên tha luyên thuyên, lời nói xàm, lời nói nhảm, sự ba xàm, lời ba xàm, sự ba sàm, lời ba sàm, lời lảm nhảm, sự lảm nhảm
chuyện cười, chuyện hài, chuyện hài hước, chuyện khôi hài, chuyện buồn cười, chuyện tiếu lâm, chuyện tếu táo, chuyện mắc cười
nhắc vở, nhắc tuồng, lời nhắc, lời nhắc vở, lời nhắc tuồng, việc nhắc vở, việc nhắc tuồng
nốt xướng âm
sự vẫy tay, cái vẫy tay, vẫy tay
sự lây, sự lây lan
đường đẳng cự
vai nghĩa biểu thị thời gian
xoắn, đoạn xoắn, đường xoắn ngắn
xoè bài, hạ bài, lượt xoè bài, lượt hạ bài
tính nhọn, tính thuôn nhọn
tưởng niệm, tưởng nhớ, kỉ niệm, kỷ niệm, sự tưởng niệm, sự tưởng nhớ
thang âm
đề phụ, tiêu đề phụ
tem, tem thư, tem bưu điện
lối phân tách, kiểu phân tách
nhạc Mĩ-Phi, African-American_music
đoạn thuyết minh, lời chú thích, lời chú giải
bằng chứng, chứng cứ, bằng cớ, chứng cớ
ý kiến, quan điểm, quan niệm, cách nhìn
luân khúc, canon, ca-nông
nguyệt san
thông số kĩ thuật, đặc điểm kĩ thuật, chi tiết kĩ thuật
bài tập, bài luyện
lời bao biện, lời biện hộ, lời bào chữa, lời biện bạch
chứng minh thư, giấy chứng minh, thẻ căn cước
khoá cấp tốc, khoá học cấp tốc, chương trình cấp tốc
chương trình truyền hình, chương trình ti vi, chương trình vô tuyến
điện quốc tế, điện đường dài, bức điện quốc tế, bức điện đường dài
phép liên tưởng, phép so sánh liên tưởng
chế định li hôn, chế định ly hôn
lời đáp, lời đối đáp
nhạc swing, nhạc jive
lệnh giới nghiêm
thơ, bài thơ
chương trình thử nghiệm
thảo luận, bàn luận, tranh luận, cuộc thảo luận, cuộc bàn luận, cuộc tranh luận
cảm ơn, cám ơn
thơ trữ tình, bài thơ trữ tình
tiền lệ
chửi, mắng, chửi mắng
học vị thạc sĩ, bằng thạc sĩ
lời thề nguyền, lời thệ ước, lời thề, lời hứa, lời hứa hẹn
sự bày tỏ, sự biểu lộ
đòi hỏi, yêu cầu, sự đòi hỏi, sự yêu cầu, việc đòi hỏi, việc yêu cầu
chữ o, O, o
tranh luận, cuộc tranh luận, cuộc bàn cãi
thuật hùng biện, tài hùng biện, sự hùng biện
lệnh tịch biên, lệnh tịch thu
sự đơn điệu, sự đều đều
sự chửi rủa, sự nguyền rủa, lời nguyền rủa
quy tắc, phép tắc, nguyên tắc, quy tắc, điều lệ, luật lệ, quy luật, quy định
nguyên âm
lời nói đầu, lời mở đầu, lời tựa
phao côn, phao nón, phao hình nón
chủ nghĩa đế quốc, đế quốc chủ nghĩa
lời mời, giấy mời
sự chỉ trích, sự phê phán, sự phê bình
chữ viết, chữ
giấy tờ chuyển nhượng
nhật kí, nhật ký
hình vị hạn chế, hình vị ràng buộc, hình vị giới hạn, hình vị bị hạn chế, hình vị bị ràng buộc, hình vị giới hạn
truyền hình
kiểm tra chuyên sâu, bài kiểm tra chuyên sâu
lời vu khống, lời đặt điều, lời nói xấu, lời bôi nhọ
bàn bạc, họp bàn, hội đàm, cuộc bàn bạc, cuộc họp bàn, cuộc hội đàm
chức danh, tước hiệu, danh hiệu
tiêu đề
tiếng Trung Quốc, ngôn ngữ Trung Quốc, tiếng Trung, tiếng Hoa, Hoa ngữ, tiếng Hán, Hán ngữ
khói
lệnh, mệnh lệnh, lịnh
khe
đoạn đồng ca, đoạn điệp khúc, đoạn điệp
ngôi
chữ khắc trên bia mộ
sự thách thức, sự khiêu chiến
danh sách, bản kê tên, bản ghi tên
chủ từ
sự chỉ trích, lời chỉ trích
điều lệ, quy chế, quy định
nhóm ngôn ngữ Đông Mã Lai - Đa Đảo, ngôn ngữ Đông Mã Lai - Đa Đảo
nghệ danh
phần trên, phần trước
chương trình dịch, bộ chuyển đổi, bộ dịch
sự phủ nhận, sự phủ định
sự bôi nhọ, sự nói xấu, sự phỉ báng
sự cấu âm
nội dung, phần chính
phương ngữ, giọng địa phương, tiếng địa phương
sự cho phép, sự chấp nhận, sự chấp thuận, sự thuận theo, sự ưng ý
lối nói uốn giọng, lối uốn giọng, sự uốn giọng
mẫu
sự chỉ trích gay gắt, lời chỉ trích gay gắt, sự đả kích
nụ cười
sự truyền bá, sự phát tán, sự phổ biến, sự đề xướng
ngữ hệ Maya, hệ ngôn ngữ Maya
nguyên hàm
lời nói, tiếng nói
sự giải thích, sự diễn giải, sự thông ngôn, sự thông dịch
thư mục
sự phủ nhận, sự phủ định
hợp đồng, giao ước
kinh Coran, kinh Co-răng, sách thánh đạo Hồi
giấy mời, thư mời, thiệp mời, lời mời
lời vu khống, lời vu cáo
thông tin tình báo quân sự, tin tình báo quân sự
quãng bảy, âm bảy
sự in, in ấn
Phúc âm Mark, Tin lành Mark, Tin lành Mác, Phúc âm Máccô, sách Mác, sách Máccô, Phúc Âm Mark, Phúc Âm Mác, Phúc Âm Máccô
sự liên lạc
kể chuyện, thuật, kể, thuật lại, kể lại, sự thuật lại, sự kể lại
sự la ó
sự gọi tên, sự nêu tên, sự chỉ tên
nhan đề, đề mục, đầu đề, tiêu đề, dòng tít, tít
tên chế, tên chế giễu, tên chế nhạo
sự tố cáo, sự tố giác, sự vạch mặt, việc tố cáo, việc tố giác, việc vạch mặt
sự thúc đẩy, sự đẩy mạnh, sự xúc tiến, sự khuyến khích
giấy, giấy má
sự khinh thường, sự coi thường, sự xem thường
tin, tin tức
bản tam tấu, bản nhạc tam tấu
a hèm, e hèm, hèm hèm, hừ
giải vô địch, giải nhất
dấu phảy, dấu phẩy, phảy, phẩy
kinh cầu nguyện
nhóm ngôn ngữ Tây German, ngôn ngữ Tây German
sự chào đón, sự đón tiếp, sự tiếp đón
cấm, lệnh cấm, luật cấm
điều khoản bổ sung, điều khoản thêm vào
cantat, cantata
buổi học phụ đạo
lời ứng khẩu
quân hàm, lon
nhạc soul
bảng giá
sách tham khảo, tài liệu tham khảo
học vị tiến sĩ, học vị tiến sỹ, bằng tiến sĩ, bằng tiến sỹ
nhạc ba-lê, nhạc vũ kịch, nhạc kịch múa
note, bản ghi, bản ghi chép, bản ghi chú
vị trí, chỗ
đàm thoại, toạ đàm, đàm luận, cuộc đàm thoại, cuộc hội đàm, cuộc đàm luận
chữ x, X, x
sáng tác thơ, nghệ thuật sáng tác thơ, nghệ thuật làm thơ, sự làm thơ, sự sáng tác thơ
pháo hoa, pháo thăng thiên
thoả thuận, sự thoả thuận
đơn xin, đơn
nốt luyến âm, đoạn luyến âm
lời yêu cầu, lời đề nghị
bài viết, trước tác, trứ tác
mã số, số hiệu, mã
thông báo
loạt, seri, se-ri
sự bỏ thầu, bao thầu
bài, bài viết, bài báo
âm gió
nhóm ngôn ngữ German, ngôn ngữ German
sự bóc trần, sự phơi trần, sự vạch trần, sự vạch mặt, sự phơi bày, sự đưa ra ánh sáng
chính sách đối ngoại, đường lối ngoại giao, đường lối đối ngoại, chủ trương đối ngoại
lệnh xuất phát, hiệu lệnh xuất phát, dấu hiệu xuất phát
báo, tờ báo, báo viết, báo in, báo giấy
hồi, màn
sự thật, sự thực, lời nói thật
nốt móc đơn, móc đơn
truyện ngụ ngôn, ngụ ngôn
cột chỉ đường ngón tay
biến số, biến
lệnh cấm
sách hướng dẫn sử dụng, tài liệu hướng dẫn sử dụng, sách hướng dẫn, tài liệu hướng dẫn
điểm tập hợp, tụ điểm
đề từ
phim, phim được trình chiếu
lời chào tạm biệt, lời chào từ biệt
bói toán, sự bói toán, sự bói, sự tiên tri, sự dự cảm
khoản điều chỉnh
cơ sở dữ liệu máy tính, cơ sở dữ liệu điện tử
sự chia sẻ, sự sẻ chia, sự tâm sự
sự hiểu theo nghĩa đen
sự yêu sách, sự đòi hỏi, quyền đòi hỏi, quyền yêu sách
thi viết, bài thi viết, bài thi
yêu cầu, sự yêu cầu
đại từ
chuyện vớ vẩn, chuyện tầm phào
đánh mốc, đánh dấu
sọ, đầu lâu, xương sọ, hình sọ, hình đầu lâu, hình xương sọ
tờ rơi, tờ quảng cáo, tờ rơi quảng cáo
luận án, luận văn, chuyên luận, tiểu luận, bài luận
lí, lý, lí lẽ, lý lẽ, luận cứ
từ dài, từ có nhiều mẫu tự
sự miễn cưỡng đồng ý, sự miễn cưỡng bằng lòng
phụ từ
từ trái nghĩa
từ điển điện tử, MRD
lời, nhời, lời nói, nhời nói, lời lẽ, nhời nhẽ
tham số, tham biến, thông số
dấu chấm phẩy, chấm phẩy, chấm phảy
tin đồn, lời đồn, tiếng đồn
gốc từ, gốc, căn tố
phần kết, lời kết, lời bạt
bản phác thảo
sự phản đối chính thức, lời phản đối chính thức
giọng, tiếng
điện tâm đồ, biểu đồ điện tim, EKG, ECG
kết quả
phụ âm
đơn vị ngôn ngữ, đơn vị ngôn ngữ học
thư pháp, nghệ thuật viết chữ đẹp
tiền
đoạn nhạc, khúc nhạc
thông tin xác thực, tin xác thực, thông tin đáng tin cậy
lời nói đầu, đề tựa
tiếng Kuki-Chin, tiếng Kuki, ngôn ngữ Kuki
sự bật đèn xanh, bật đèn xanh
sự buộc tội, sự đổ lỗi, sự đổ trách nhiệm
lời cầu khẩn, lời khẩn cầu, lời cầu xin
phim, phim ảnh, điện ảnh, phim điện ảnh
bảng đáp án, đáp án
nói liến thoắng, nói liến thoáng, nói tía lia
thi vấn đáp, thi nói, cuộc thi vấn đáp, cuộc thi nói
thông tin toà soạn
hệ ngôn ngữ Nam Đảo, ngữ hệ Nam Đảo, họ ngôn ngữ Austronesian
kịch, vở kịch
kênh kênh truyền
phụ âm tắc, âm tắc
bổ ngữ
khoản, mục
vết bỏng
lời chỉ trích, lời trách mắng, lời khiển trách, lời phê bình
sự chứng minh, sự biện hộ, sự giải thích
bằng tiến sĩ về trị liệu xương, DO
tranh vui, truyện tranh cười, cột tranh vui, mục tranh vui, biếm hoạ, comic_strip, cartoon_strip, strip
chữ kí, chữ ký
pháo sáng
thơ, thơ ca, thi ca
vị từ
sự khuyến cáo
sổ, sổ ghi chép, sổ tay
tài liệu biên soạn, tài liệu sưu tập
khước từ, từ khước, sự khước từ, sự từ khước
D, d
sự phản đối, sự phản kháng, sự kháng nghị, lời phản đối, lời phản kháng, lời kháng nghị
số báo, số báo ra
Quốc tế ca
sự vinh danh
hàm, lon, quân hàm, phù hiệu quân hàm
xì căng đan, xì-căng-đan, scandal, chuyện tai tiếng, chuyện bê bối, chuyện gièm pha
báo, thông báo
sự lưu hành, việc lưu hành
Tư bản, Tư bản luận, bộ Tư bản, bộ Tư bản luận
divertimento, đi-vơ-ti-men-tô
sự lặp đi lặp lại
xướng bài, việc tố, việc xướng bài, tố
sự phát biểu, sự diễn thuyết, sự diễn thuyết trước công chúng
sự khoe khoang khoác lác
từ chối, từ bỏ, từ khước, chối từ, khước từ, sự từ chối, sự từ bỏ, sự từ khước, sự chối từ, sự khước từ
tái biên, việc viết lại, sự viết lại
visa
gợi ý, sự gợi ý, lời gợi ý, sự khơi gợi
giao tiếp thị giác, thông tin thị giác, nhìn ngắm
vé phạt, giấy phạt
hứa, hứa hẹn, thoả thuận
bài, bài hát, ca khúc
dấu sao, dấu hoa thị
trao nhượng, giao nhượng, sự từ bỏ, sự trao nhượng, sự giao nhượng
zeta, zê-ta
đọc lướt, việc đọc lướt, liếc qua, việc lướt qua
số ít, dạng số ít, hình thức số ít
vu khống, vu cáo, sự vu khống, sự vu cáo
sự khấu đầu, sự khấu đầu lạy tạ, sự cúi lạy sát đất, sự quỳ lạy
tiếng lóng, biệt ngữ
tập san thời sự
sự kháng biện, sự bác bỏ, sự phản đối
lời chúc, lời chúc mừng, sự chúc, sự chúc mừng
quyền vào thẳng, quyền vào trực tiếp, việc vào thẳng, việc vào trực tiếp
thiếp Valentine, thiệp Valentine, thiếp Va-len-tin, thiệp Va-len-tin, thiếp tình nhân, thiệp tình nhân
cuộc hội ý, sự hối ý
địa chỉ, nơi đến, nơi nhận, địa chỉ người nhận, địa chỉ nơi nhận
Job, sách Job, sách ông Job
dấu hiệu nổi bật
LISP, ngôn ngữ lập trình LISP, ngôn ngũ xử lí danh sách
tài liệu đáng tin cậy
khuyến mãi, sự khuyến mãi
tái bút, PS
sự miêu tả, cách miêu tả
vần, nhịp, vần điệu, nhịp điệu, vần nhịp
tên thân mật, tên gọi thân mật
dàn ý, dàn bài, sườn, đặc điểm chính, đề cương
ống gió
sự lí giải, sự giải nghĩa, sự giải thích
ẩn số, số chưa biết
sự làm giả
tác phẩm hội thoại, tác phẩm đối thoại
sự cắt bỏ, sự cắt bớt, sự biên tập, sự xoá đi, sự bỏ đi
tâm, tâm điểm, trung tâm, đích ngắm
đạo đức, nguyên tắc đạo đức, quy tắc đạo đức, chuẩn mực đạo đức, luân thường đạo lí, luân thường đạo lý
thoáng, nét, một thoáng, một nét
dấu in ấn
palindrome, thuận nghịch độc, cụm xuôi ngược, từ xuôi ngược, cụm xuôi ngược
sự đồng ý, sự chấp thuận, sự ưng thuận
đạo luật
từ đồng âm, từ đồng âm khác nghĩa, từ đồng âm dị nghĩa
từ khoá
nhạc van-xơ
tiếng nói, giọng nói
âm nước
đồ thị bức xạ, giản đồ bức xạ
thơ ca ngợi, thơ ca tụng, tụng ca
giai điệu, điệu nhạc
kí tự dưới, ký tự dưới, kí hiệu dưới, ký hiệu dưới, chỉ số dưới dòng
thư quảng cáo
châm ngôn, cách ngôn
hiệp định, hiệp ước
nghĩa, ý nghĩa, cái được biểu đạt
danh mục, mục lục, bảng liệt kê, danh mục liệt kê, ca ta lô
điều khoản mánh khoé
quãng, quãng âm
lời phàn nàn, lời than phiền
hệ thống kí hiệu, hệ thống ký hiệu bản đồ, hệ kí hiệu, hệ ký hiệu
chuyện khó tin, chuyện hoang đường
sự chế nhạo, sự chế giễu, sự giễu cợt, sự cười nhạo
lời cầu nguyện
nốt tròn
tiếng than khóc, tiếng rên khóc, tiếng rên rỉ
tiếng than phiền, tiếng kêu ca, tiếng kêu than
thì hiện tại, thời hiện tại
sự thừa nhận, sự xác nhận, sự công nhận, sự thú nhận
bản khai thu nhập cá nhân
ngữ điệu
danh sách ngăn xếp
nhịp, nhịp điệu
sự thông báo, sự đưa tin
trò đùa hài hước
sự dạm hỏi
áp phích, poster
phụ lục
nội dung, chủ đề, đề tài
bằng, chứng chỉ, văn bằng, bằng cấp
bằng chứng, chứng cứ, bằng cớ, chứng cớ
hồi kí, hồi ký, tự truyện
quãng năm
giấp phép thông hành, giấy thông hành, giấy đi đường
tang ca, bài điếu ca, bài hát truy điệu, bài hát tang
lệnh đình chỉ
nghị quyết
huy hiệu, phù hiệu
thông tri, yết thị, thông cáo
lịch trình, bảng giờ giấc, biểu thời gian
lời cầu khẩn, lời nài xin
hình vẽ minh hoạ, hình minh hoạ, hình
mồm chữ A, sự há hốc mồm
sự diễn thuyết, sự nói chuyện
lời nói khàn khàn
bài phê bình, bài phê bình văn học, phê bình văn học
bản in rời, bản in thêm, bản in riêng, bản in đính kèm
sự thưởng, sự thưởng công, sự đền ơn
sự đả kích, sự công kích
sự thuyết phục, sự làm cho tin
kí hiệu vị trí, ký hiệu vị trí, kí hiệu định vị, ký hiệu định vị
lời thoại
điện thoại, cuộc gọi, cú gọi, cú điện thoại, cuộc điện thoại
phụ đề
yêu cầu thanh toán, yêu cầu chi trả
đề tài để viết, đề tài viết
hành vi xúc phạm, hành vi coi thường, hành động bất kính, lời nói xúc phạm, lời nói coi thường, lời nói bất kính
sự bắn ra một tràng, sự xổ ra một tràng, sự tung ra một loạt  bắn ra một tràng, xổ ra một tràng, tung ra một tràng
tạp chí, tập san
hệ thống mã, hệ mã, hệ mã hoá
dấu nhắc
sự miêu tả trực quan, sự miêu tả
giọng nam cao
phim hoạt hình, phim hoạt hoạ
chữ in hoa, chữ hoa, chữ cái hoa, chữ viết hoa
phán quyết
điều khám phá ra, điều phát hiện ra, điều tìm ra
thuật in máy
phép lặp thừa, sự lặp thừa
lời đe doạ, lời hăm doạ
lời vô nghĩa, điều vô nghĩa
ứng đối, đối đáp, ứng đáp, sự ứng đối, sự đối đáp, sự ứng đáp
bài tiểu luận, tiểu luận
lời khuyên, lời mách nước
sự tranh cãi, sự tranh luận, sự đấu tranh
sách Phúc Âm
công-xéc-tô, concerto
nhật báo, nhật trình
cớ, lí do
giấy khai hải quan, giấy kê khai hải quan
lối chơi chữ, trò chơi chữ
ghi chú, ghi chú cuối trang, chú cuối trang
sách trắng, bạch thư
hình ảnh minh hoạ, ảnh minh hoạ, hình minh hoạ
âm tiết
sự phủ nhận, lời phủ nhận
hạn ngạch nhập khẩu, hạn mức nhập khẩu
hệ thống số, hệ số
nghệ thuật hùng biện
đoạn thơ kết, khổ thơ kết
lời nhận xét, lời đánh giá
hội nghị bàn tròn
ngữ danh từ, danh ngữ, cụm danh từ
đề mục, chuyên mục
tiếng Iran, ngôn ngữ Iran, tiếng I-ran, ngôn ngữ I-ran
nội động
lời phê bình sâu sắc, lời nhận xét sắc sảo
phần kết thúc, phần cuối, phần kết
pháp luật, pháp luật
minh hoạ, sự minh hoạ
từ thuộc, từ phân
ấn phẩm định kì, ấn phẩm định kỳ, tạp chí định kì, tạp chí định kỳ, xuất bản phẩm định kì, xuất bản phẩm định kỳ
liên lạc, sự liên lạc, mối liên lạc
chuẩn, tiêu chuẩn
phụ ngữ, trạng ngữ
tóm tắt, trích yếu, toát yếu, bản tóm tắt, bản tóm tắt ý chính, bản tóm lược ý chính
sự kể lại, sự thuật lại, sự kể chuyện, sự tường thuật
sắc lệnh
thiếp, thiệp
sở hữu, cách sở hữu
thần giao cách cảm
sự phê bình, sự chỉ trích, sự khiển trách
sự liên lạc với nhau
uyển ngữ
thông tin tình báo, tin tình báo, tin tức tình báo
nốt chơi bật, đoạn nhạc chơi bật
nói chuyện, trò chuyện, đàm đạo, tâm sự, cuộc nói chuyện, cuộc trò chuyện, cuộc đàm đạo
sự chia rẽ
tiếng hò reo, tiếng cổ vũ, tiếng hoan hô
giọng nam trung
nhóm ngôn ngữ Ural-Altai, nhóm ngôn ngữ U-ran - An-tai, ngôn ngữ Ural-Altai, ngôn ngữ U-ran - An-tai
dữ liệu, tài liệu, tập dữ liệu, hồ sơ
công thức, cách thức, cách làm
phụ âm
ngữ cảnh, văn cảnh
giọng nam trầm, âm nam trầm
lời chào tạm biệt, lời chúc tạm biệt
nhãn dính, nhãn dán
vết nhơ, vết dơ
lời đề tặng
hệ điều hành, OS
chứng từ chuyển nhượng, giấy chuyển nhượng
hiệp định liên minh, hiệp định đồng minh, hiệp ước liên minh, hiệp ước đồng minh
nguồn tin
sách kỉ lục, sách kỉ lục, quyển sách kỉ lục, quyển sách kỉ lục
khúc hành quân, khúc quân hành
vị trí
nốt đen
chữ p, P, p
cãi nhau, cãi cọ, cuộc cãi nhau, cuộc cãi cọ
ngữ hệ Niger-Kordofanian, hệ ngôn ngữ Niger-Kordofanian
lời thề tin theo
lời chứng, lời khai
đồng ý, tán thành, bằng lòng, đồng tình, tán đồng, sự đồng ý, sự tán thành, sự bằng lòng, sự đồng tình, sự tán đồng
trình đệ trình, sự trình, sự đệ trình
giấy biên nhận, giấy biên lai, biên nhận, biên lai
nhóm ngôn ngữ Mã Lai - Đa Đảo, ngôn ngữ Mã Lai - Đa Đảo
sh
siêu liên kết
bài đọc
đề xuất, đề nghị, gợi ý, sự đề xuất, sự đề nghị, sự gợi ý
lệnh cấm, sự cấm đoán
kí hiệu, ký hiệu, biểu tượng, vật tượng trưng
giấy phong hàm
đoạn thơ, khổ thơ
việc, vụ, vụ việc, vụ kiện, vụ tố tụng, việc kiện, việc tố tụng
phụ san
danh từ
sự quảng cáo, bài quảng cáo
tín hiệu rađiô
giấy cấp bằng sáng chế
hợp đồng
cột cây số, cột ki-lô-mét
phần đính kèm, phần phụ đính
tiếng hú
thông tin nội bộ, tin nội bộ, nội tình
bằng sáng chế, bằng phát minh
nhạc dân tộc, nhạc dân gian, nhạc dân ca
kí hiệu toán học, ký hiệu toán học
trang đối
luận văn, luận án
sự đa cảm, tính đa cảm
công báo
denta, đen-ta
đơn hàng, đơn đặt hàng,
nhạc kịch
tiếng cười nhạo, tiếng cười khẩy, tiếng cười nhạo báng
bài học, lời răn dạy
độc tấu, độc diễn, đơn diễn, đơn ca, diễn đơn
căn tố, từ nguyên, gốc từ, từ gốc
biển, biển hiệu, biển hiệu đường phố, biển tên đường, biển tên phố
dạng in, dạng bản in, ấn bản, bản in
đồ thị, sơ đồ, biểu đồ, sơ đồ biểu diễn
cụ thể hoá, cụ tượng hoá
nói hỗn, nói xấc, nói láo, lời nói hỗn, lời nói xấc, lời nói láo, lời xấc xược, lời hỗn láo, lời xấc láo, sự hỗn hào, sự hỗn láo, sự xấc xược, sự láo xược
dấu, dấu hiệu
bản tuyên thệ, lời chứng
H, h
tên, tên chính
thời gian biểu
chuyện ba hoa, chuyện huyên thuyên, chuyện huyên thiên, chuyện huyên thuyên xích đế, chuyện luyên thuyên
tối hậu thư, thư cuối
đèn phanh xe, đèn sau xe, đèn đuôi xe, đèn stop
âm liên tục, phụ âm liên tục
cái O.K., cái OK, cái Okay, cái Ok, cái Okie, cái ok, cái okie, cái ôkê, O.K., OK, Okay, Ok, Okie, ok, okie, ôkê
động từ
tin nhắn
văn phong, lối viết, cách viết, phong cách, phong cách viết, phong cách viết văn
nịnh hót, sự nịnh hót, nịnh bợ, sự nịnh bợ, tâng bốc, sự tâng bốc, xu nịnh, sự xu nịnh, bợ đỡ, sự bợ đỡ
lệnh, lịnh, mệnh lệnh, mịnh lịnh
hằng đúng, luôn đúng, mệnh đề hằng đúng, mệnh đề luôn đúng,
nói tù mù, ăn nói tù mù, nói khó hiểu, ăn nói khó hiểu, nói tối nghĩa, ăn nói tối nghĩa
cười khẩy, tiếng cười khẩy, cười nhếch mép
từ nguyên, nguồn gốc của từ
Mixa, Mi-xa, Misa, , Mi-sa, mixa, misa, lễ Mixa, lễ Mi-xa, lễ Misa, lễ Mi-sa, lễ mixa, lễ misa, Mass
đèn xanh
sự phản kháng, sự phản đối
vé chuyển phương tiện vận chuyển, vé thay phương tiện vận chuyển
dấu móc
lặng, dấu lặng
tài liệu lưu trữ, hồ sơ lưu trữ
hậu tố
pháo sáng tín hiệu, pháo sáng Very
tiếng Etperantô, ngôn ngữ Esperanto, ngôn ngữ Ét-pê-ran-tô, Quốc tế ngữ, Esperanto
bản in, trang in
lời phụ xướng
phần đệm ứng tác, phần đệm ngẫu hứng
dự báo thời tiết, dự đoán thời tiết, khí tượng học
sự bất đồng, sự bất hoà, mối bất hoà, sự xích mích
tranh luận, tranh cãi, cãi vã, cuộc tranh luận, cuộc tranh cãi, sự cãi vã
sự tránh, sự lảng tránh, sự lẩn tránh, sự tránh lé, sự thoái thác, sự mập mờ, sự lập lờ, sự nói nước đôi, lời nói nước đôi, lời nói hai nghĩa, lời nói mập mờ, lời nói lập lờ, sự ăn nói mập mờ, sự ăn nói lập lờ
chỗ trống, khoảng trống
kinh
lời, lời nói
báo khổ nhỏ, báo cỡ nhỏ
thông thái rởm
đoạn, khúc
quà tặng, tặng phẩm, tặng vật
chữ tượng hình, chữ viết tượng hình
truyện li kì, truyện ly kì, truyện phiêu lưu, phim li kì, phim ly kì, phim phiêu lưu, kịch li kì, kịch ly kì, kịch phiêu lưu, thể loại li kì, thể loại ly kì, thể loại phiêu lưu
tin mật, tin nội bộ, thông tin mật, thông tin nội bộ
mật mã
chủ đề, đề tài
phần nối tiếp, đoạn tiếp, cuốn tiếp theo
thông tin bí mật, thông tin mật, tin bí mật, tin mật
bài toán
quốc ca
kịch bản
sự ra hiệu
sự phô diễn, sự hoa mĩ, sự văn vẻ
sự thể hiện, sự diễn đạt, sự biểu đạt
phù hiệu taxi, huy hiệu đăng kí taxi
phao, phao cứu hộ, phao cứu sinh, phao cứu đắm
cúi người, cúi mình, cúi đầu, cúi chào, sự cúi người, sự cúi mình, sự cúi đầu, sự cúi chào
bằng, bằng tốt nghiệp
giá đặc biệt, giá khuyến mại
ngôn ngữ lập trình
truyện
công thức
tiết mục
đặt tiền tố, sự đặt tiền tố, sự thêm tiền tố, việc đặt tiền tố, việc thêm tiền tố
giao thức
lời cảm ơn, lời cám ơn, sự cảm ơn, sự cám ơn
round
phỏng vấn, cuộc phỏng vấn, bài phỏng vấn
vẻ cau mày, vẻ chau mày, vẻ nhăn mặt, vẻ nhăn mặt
tiếng Anh Trung cổ
dấu, con dấu,
sự đàm phán, sự thương lượng, sự thương thuyết, sự đàm phán ngoại giao
lời nhận xét, lời bình luận
thông báo thanh toán
chương trình con
lệnh của toà án
hệ đếm thập phân
lời kêu gọi, khẩu hiệu kêu gọi
lời hứa, điều hứa, điều hẹn ước, sự hứa hẹn
nhạc kịch, phim ca nhạc
say sưa, say sưa về, nói say sưa, say sưa nói
tin tức, tin, tin thời sự
văn đạo, văn chép, văn cóp, văn ăn cắp, văn sao chép, bài văn đạo, bài văn chép, bài văn cóp, bài văn ăn cắp, bài văn sao chép
bản nhạc, tổng phổ, bản tổng phổ, bản dàn bè
lời lẽ coi thường, lời lẽ khinh thường, lời lẽ khinh bỉ, lời lẽ dè bỉu, lời lẽ coi khinh, lời lẽ khó nghe, lời lẽ thô thiển, lời lẽ bốp chát
sự vô lí, sự vớ vẩn, sự ba lăng nhăng
sự từ chối, sự chối từ, sự khước từ, sự từ khước
lời mắng, lời chửi, lời mắng chửi, lời chửi mắng, lời mắng mỏ, lời mắng nhiếc, lời chỉ trích
tên giả, tên tạm thời
chuyên san, cơ quan ngôn luận
lời vô thức
phần mềm, chương trình phần mềm, phần mềm máy tính, hệ thống phần mềm, bộ phần mềm
tập tin văn bản, tệp tin văn bản, tập văn bản, tệp văn bản
tài liệu đính kèm, tài liệu đi kèm
tiêu đề, nhan đề, đầu đề
mong muốn, ước mong, mong mỏi, ước ao, ao ước, sự mong muốn, sự ước mong, sự mong mỏi, sự ước ao, sự ao ước
vần luật, vận luật, luật thơ, niêm luật, phép làm thơ
tài liệu sửa lại
dấu trọng âm, dấu nhấn mạnh, dấu nhấn
sự làm toáng lên, sự bù lu bù loa
Opera, trình duyệt Opera
tiếng thầm thì, tiếng thì thầm, tiếng thầm thĩ, tiếng thì thào, thầm thì, thì thầm, thầm thĩ, thì thào
sổ, sổ ghi chép, sổ sách
sổ ghi điểm, phiếu ghi điểm, thẻ ghi điểm, sổ tính điểm, phiếu tính điểm
chữ Ai Cập cổ đại, chữ tượng hình Ai Cập, chữ viết tượng hình Ai Cập
tuần báo, báo hàng tuần
gật, gật đầu, cúi đầu
thiệp chúc mừng, tấm thiệp chúc mừng
sắc lệnh vua ban
blip
dấu ba chấm, dấu chấm chấm, dấu chấm lửng, ba chấm, chấm lửng
chế phẩm giễu nhại, chế phẩm nhại lại, sản phẩm giễu nhại, sản phẩm nhại lại, chế phẩm châm biếm, sản phẩm châm biếm
sự phê chuẩn, sự chấp nhận
thể thức, cách chức
dấu
bản quyền, tác quyền, quyền tác giả
thánh ca, bài thánh ca
vè, bài vè
dấu sắc, thanh sắc
tin nóng, tin sốt dẻo, tin hot
chữ số, con số, số
sự nhăn nhó, nét nhăn nhó, vẻ nhăn nhó, nhăn nhó, sự rúm ró, rúm ró
vật ám chỉ, vật nói đến
đường dẫn, cookie
thiệp chào, bưu thiếp ghé thăm
vũ khí đối thoại
nợ, công nợ, nợ nần, khoản nợ, món nợ
radio, ra đi ô, ra-đi-ô, vô tuyến, vô tuyến điện
thời gian biểu, thời khoá biểu, kế hoạch làm việc
giấy ra vào, giấy phép ra vào, giấy thông hành
bàn luận, luận bàn, sự bàn luận, sự luận bàn
đãi bôi, sự đãi bôi, khen đãi bôi, lời khen đãi bôi
từ mượn, từ vay mượn, từ ngoại lai
âm chặn, âm ồn, phụ âm chặn, phụ âm ồn
thông báo, thông báo chính thức
vé mời
dấu của nhà xuất bản
dấu huyền, thanh huyền
cẩm nang, sách bỏ túi, sổ tay hướng dẫn
vạch chia độ
phương tiện, công cụ, phương tiện truyền thông, công cụ truyền thông
dấu tích, dấu kiểm tra
sự khiển trách, sự quở trách
từ mới, từ ngữ mới
tin đồn, tin truyền miệng, tin hành lang
trượng, quyền trượng, cây trượng, cây quyền, cây chuỳ, cây gậy
tử ngữ, ngôn ngữ chết
từ trung tâm, trung tâm ngữ, thành phần trung tâm
việc kí tên
nhượng bộ, điểm nhượng bộ, điểm nhân nhượng
dấu ngoặc nhọn, dấu móc câu, dấu ngoặc ôm
tuyển tập, tổng tập, toàn tập, tuyển, ấn phẩm tuyển chọn
lệnh gọi đến dự một phiên toà, trát đòi hầu toà
bản thảo
truyền thông tâm lí
nhạc nhà thờ
kì thi cuối, kì thi cuối kì, kì thi cuối học kì, kì thi hết kì, cuộc thi hết kì, kì kiểm tra cuối kì, kì kiểm tra hết kì
lời khuyên, lời chỉ bảo
mã Móc-xơ, mã Morse
tiền tố, tiếp đầu ngữ
sự biểu quyết
phách đầu
lệnh, câu lệnh, dòng lệnh
tiếng Quiche, ngôn ngữ Quiche
phần quảng cáo, mục quảng cáo
danh sách, bản danh sách, bảng danh sách, danh sách dữ liệu, bản danh sách dữ liệu, bảng danh sách dữ liệu
rock n roll, rock, nhạc rock n roll, nhạc rock, rock and roll
bằng chứng, vật chứng, chứng cứ, chứng cớ, vật cứ, vật cớ
ngôn ngữ đa chiều, ngôn ngữ nhiều chiều
kênh, đường, nguồn
giới điện ảnh
đơn yêu cầu, đơn khiếu nại, đơn kiến nghị
nhóm ngôn ngữ Balto-Slavo, ngôn ngữ Balto-Slavo
lời nói chua cay, lời nói xúc phạm, lời nói cay nghiệt, lời nói chua chát, lời nói nhẫn tâm
sự ăn mày, sự ăn xin, cảnh ăn mày, cảnh ăn xin
thư chuyển phát nhanh, thư hoả tốc, thư tốc hành
nhạc vũ quay
bản thảo, bản dự thảo, bản phác thảo
bưu thiếp
gamma, gam-ma
sách giáo khoa, sách giáo trình, giáo trình, sách
vẻ mặt, nét mặt, điệu bộ khuôn mặt, biểu hiện khuôn mặt, biểu cảm khuôn mặt
sự dự báo, sự dự đoán
tranh minh hoạ, hình minh hoạ, ảnh minh hoạ, hình vẽ minh họa, hình ảnh minh hoạ
cam, vấu
phần dẫn chuyện, phần giới thiệu
tiếng thét
đoạn chuyển tiếp, đoạn nối
khiêu vũ, múa, nhảy múa, nhảy
tâm sự, cuộc tâm sự, lời tâm sự, buổi tâm sự, dốc bầu tâm sự
diễn văn đề cử, bài diễn văn đề cử
phụ tố
ngoại cảm, E.S.P., ESP
nét bút, nét
danh sách đánh bóng, đội hình ra sân
sự chứng minh, phép chứng minh
luật, điều luật, đạo luật
nguyên tắc đạo đức
lời nói phi chuẩn, lời nói thông tục
nhóm ngôn ngữ La tinh, ngôn ngữ La tinh
bài xã luận, bài bình luận
chương
truyện cổ tích, truyền thuyết, huyền thoại
họp báo, cuộc họp báo, buổi họp báo
phần trình bày
tràng pháo tay, tràng vỗ tay
cảnh báo, lời cảnh báo
chào, cúi chào, sự cúi chào
sự giải thích
cãi vã, cãi lộn, cãi cọ, tranh cãi, cãi lẫy, cuộc cãi vã, cuộc cãi lộn, cuộc cãi cọ, cuộc tranh cãi, cuộc cãi lẫy
báo, bài báo, tờ báo
lời đính ước, lời hứa hôn, lời hẹn ước
sự diễn kịch
lời lẽ nhạo báng, lời lẽ chế nhạo
sự gợi ý, sự ám chỉ
tiết nhạc, đoản khúc
quy tắc vàng
phạm trù số, số
âm vị
giọng nói, giọng
nguồn phong phú
kẻ vô danh tiểu tốt
phần chính, đoạn chính
thư cá nhân, thư riêng
bản in
nước mắt cá sấu
sách tham khảo, tài liệu tham khảo, công trình tham khảo
đoạn
diễn biến, cốt truyện
khía cạnh, quan điểm, mặt
mã, ám số, ám tự
giọng bực bội, giọng bực tức, giọng khó chịu, giọng tức tối
sự bất bình, sự bất công
chương trình
phần giới thiệu, màn giới thiệu, lời giới thiệu, lời mở đầu
chuỗi từ, loạt từ
khoa trương, điệu bộ khoa trương, cử chỉ khoa trương
thạc sĩ giảng day, thạc sỹ giảng dạy, MAT
hợp đồng thuê tàu, hợp đồng chuyên chở
đoạn hát nói
nhật kí chuyến đi, nhật ký chuyến đi, nhật kí hành trình, nhật ký hành trình
lệnh, mệnh lệnh
nhạc pop
quảng cáo, quảng cáo thương mại
phản đề
đại bàng, chim đại bàng, Đại bàng
danh từ
tiếng Phúc Kiến Đài Loan
sách nhỏ, cuốn sách nhỏ, quyển sách nhỏ
thoại, lời thoại, hội thoại, đối thoại, cuộc đối thoại, lời đối thoại, mẩu đối thoại
chữ run
sự bép xép, sự hớt lẻo
nhạc Thánh lễ, Thánh nhạc
ngữ hệ Hán Tạng, hệ ngôn ngữ Hán Tạng, ngữ hệ Hán - Tạng, hệ ngôn ngữ Hán - Tạng
mã vạch, mã sản phẩm
cao trào, đỉnh điểm, kịch tính
tiếng thở dài, sự thở dài
đe doạ, hăm doạ, sự đe doạ, sự hăm doạ, mối đe doạ
quy tắc, phép tắc, luật
lối nói, cách nói
tiểu thuyết lãng mạn, tiểu thuyết hư cấu
nhạc khiêu vũ, nhạc nhảy, nhạc dance
kí âm, ký âm
bài luận, báo cáo, tiểu luận, bài tiểu luận
thì quá khứ, thời quá khứ
cốt truyện, nội dung
tiếng thét, tiếng ré
cuộc đối thoại, cuộc hội thoại
hợp đồng, khế ước, thoả ước, giao kèo, hiệp ước, hiệp định
nụ cười, cười
phim viễn Tây, phim cao bồi
truyền hình cáp
ánh sáng, ánh đèn
sự thu hồi
sự nói dối, sự nói láo, sự nói điêu, sự dối trá, sự lừa dối, sự lừa gạt
giao ước
la, nốt la
lời dụ dỗ
phép xã giao, nghi thức, quy ước
mệnh lệnh, chỉ thị, lệnh
phụ âm yết hầu, âm yết hầu
sử, lịch sử, sử sách, sử kí
vị ngữ, ngữ động từ, cụm động từ
chữ a, A, a
gam
phần kết, đoạn kết
phông chữ hiện đại, phông chữ Bô-nô-đi
đặc ngữ, thành ngữ, đoản ngữ, quán ngữ
phong cách cổ, phong cách cổ điển, phong cách cổ xưa
bi kịch
thông tin, tin tức, tin
kiểm tra nhanh, kiểm tra ngắn
danh từ
trang chủ
loại nhạc, thể loại nhạc, phong cách nhạc
quy tắc ngôn ngữ phổ dụng
lệnh kèn
ô nhịp, khuông nhịp
sự dâng trào, sự tuôn trào
lưu lượng
sự đồng loã, sự bao che, sự đồng mưu
quyền trượng, gậy quyền
lời mở đầu, lời nói đầu, lời giới thiệu, lời tựa, đoạn mở đầu
tiếng Ba Tư, ngôn ngữ Ba Tư
bản nhạc dạo
chú giải, chú thích, ghi chú
sự bảo đảm, sự đảm bảo
tiếng Hi Lạp, ngôn ngữ Hi Lạp
chất giọng
kịch bản, cốt truyện
biểu tượng
nhãn, nhãn hiệu
luận điểm, luận đề, chính đề
ông
cầu hôn, sự cầu hôn
thư ngỏ
quan hệ công chúng, PR
bài hát cầu kinh, bài hát thánh ca
buổi biểu diễn, buổi trình diễn, cuộc trình diễn
thông cáo, cáo thị
châm ngôn, cách ngôn, phương ngôn
chứng từ
đoạn chuyển điệu
sự đồng tình, sự thống nhất, sự đồng ý, sự nhất trí, sự tán thành, sự tán đồng
chữ c, C, c
sự tru, sự hú, sự rít, sự rú, sự gào thét, sự la hét
mã truy cập, mã đăng nhập, mã truy nhập
thơ tứ tuyệt, thơ bốn câu
punk, nhạc punk
chính sách, chủ trương
đề xuất, đề nghị, sự đề xuất, sự đề nghị, lời đề xuất, lời đề nghị
xin chào, chào
tổ khúc
sự giảng, sự giảng giải
sự phản đối
dấu chấm câu, dấu chấm, chấm câu, chấm
tác phẩm âm nhạc, tác phẩm nhạc, nhạc phẩm, sáng tác
sự mập mờ, mập mờ, đánh lận con đen
từ
lời cảm thán, lời thốt lên, lời kêu lên
tin mới nhất, tin tức mới nhất, thông tin mới nhất, tin gần đây nhất, tin tức gần đây nhất, thông tin gần đây nhất
từ điển, tự điển
khoa trương, khoác lác, phét lác, sự khoa trương, sự khoác lác, sự phét lác, ba hoa chích choè, sự ba hoa chích choè, sự nói láo
phương tiện truyền thông, sóng truyền thông, phương tiện phát thanh - truyền hình
cổ đại, lịch sử cổ đại, lịch sử cổ xưa, thời kì cổ đại, thời kỳ cổ đại
dấu chữ thập, dấu ghi chú
tín hiệu đầu ra, tín hiệu ra
võ sĩ đạo
củng cố, sự củng cố, minh hoạ, sự minh hoạ
sự biện hộ, sự bào chữa
sự lên án, sự chỉ trích
văn bản pháp lí, văn bản pháp lý, văn bản quy phạm pháp lí, văn bản quy phạm pháp lý
tình ca, bản tình ca, tình khúc, ca khúc tình yêu, bài hát tình yêu
dải tần số, dải tần, băng tần
tiểu sử, sơ yếu, sơ yếu lí lịch, hồ sơ lí lịch, bản tóm tắt tiểu sử, bản sơ lược tiểu sử
tóm lược, khái lược, bản tóm lược, bản khái lược
vua, nhà vua, ngôi vua, ngai vàng
số nhiều, dạng số nhiều, hình thức số nhiều
đường thẳng
chuyện nhảm, chuyện phiếm, chuyện nhảm nhí
tín hiệu điện báo
torah, Ngũ thư Do Thái, Năm sách Môise
từ điển, từ điển giải nghĩa, sách từ vựng
khoá, khoá học
dấu câu
lời tụng niệm, lời khấn, lời cầu nguyện
đảo đề, mệnh đề đảo
thiết bị báo động, tín hiệu báo động, tín hiệu cảnh báo
giấy, giấy in, folio
bản viết lại, bản sáng tác lại, bản làm lại
bức thư ngắn, bức thư cá nhân ngắn
tuyên ngôn, bản tuyên ngôn, bản tuyên bố, bản tuyên cáo
lời trêu chọc, lời đùa cợt, lời chồng ghẹo, lời chế giễu
sắc lệnh, thánh chỉ, chỉ dụ, ngọc chỉ, chiếu chỉ
dấu, vết, dấu vết, bóng dáng, dấu hiệu, dáu tích, vết tích
sự khuyến khích
số điện thoại
bè
sự lảng tránh, sự né tránh, sự lẩn tránh, sự tránh
iota, i
tự truyện
kí hiệu viết, ký hiệu viết, kí hiệu in, ký hiệu in
bản dịch, bài dịch
bản bát tấu, bản hoà tấu, bản hợp tấu, bản nhạc bát tấu, bản nhạc hoà tấu, bản nhạc bát tấu
ngôn ngữ lập trình C, ngôn ngữ C, C
jazz, ja, nhạc ja, nhạc jazz
lời phản kháng, lời phản đối
kinh
nhịp, nhịp thơ
chữ in
biểu đồ dòng chảy
chữ khắc, chữ tạc
giấy xin phép
phông chữ tỉ lệ, phông cân xứng
tiếng làu bàu, tiếng cằn nhằn
fa, nốt fa, pha, nốt pha
ngữ hệ Niger-Congo, hệ ngôn ngữ Niger-Congo
sự hoà giải, sự dàn xếp
nhạc thính phòng
điệu
sự khẳng định, sự quả quyết, sự quyết đoán, sự xác nhận
sự bĩu môi, cái bĩu môi
thì tương lai, thời tương lai
tiếng Crow, ngôn ngữ Crow, tiếng Cờ-rao, ngôn ngữ Cờ-rao
đoạn cắt
mũi
bán nguyên âm, bán phụ âm
đề cập, sự đề cập, sự kể ra, sự nói đến
lời độc thoại, lời tự thoại
lời nói xấu, lời vu khống, lời vu cáo
khổ thơ, đoạn thơ, khổ, đoạn
kịch bản phim
cơ sở lập luận
phó từ, có tính chất phó từ
tiếng Anh miền Bắc
bản in
tin tốt, tin có lợi
sự giao thiệp, sự giao tiếp, sự giao dịch, sự giao du, sự tiếp xúc
dấu
trường hợp, hoàn cảnh, cảnh ngộ, tình thế
tên tục
định nghĩa, lời định nghĩa, sự định nghĩa
sổ liên lạc, phiếu thành tích, phiếu kết quả
thanh nhạc
thực từ
định lí, định lý
kết, đoạn kết, phần kết, hồi kết, kết thúc
CAD, đồ hoạ CAD, phần mềm CAD
chỉ mục, mục lục, bản chỉ mục, bản mục lục, bản liệt kê
tục ngữ
hiện tượng tâm linh, hiện tượng cận tâm lí, hiện tượng cận tâm lý, hiện tượng ngoại tâm lí, hiện tượng ngoại tâm lý, psi
từ phái sinh
lấy cung, lấy lời khai, việc lấy cung, việc lấy lời khai, thu thập bằng chứng, thu thập lời khai
bản sao, bản sao chép, bản copy
từ chối, từ khước, chối từ, khước từ, sự từ chối, sự từ khước, sự chối từ, sự khước từ
hư từ, từ chức năng
sự lừa gạt, sự lừa dối, sự lừa đảo
phương tiện truyền đạt
tính từ
dấu, vết, dấu vết, vết tích
chiếu ra mắt, chiếu duyệt, buổi chiếu ra mắt, buổi chiếu duyệt, preview
sắc lệnh, nghị định, quy định, qui định
sự lẩn tránh, sự thoái thác
nhân chứng, lời chứng
thoả hiệp, sự thoả hiệp, dàn xếp, sự dàn xếp
đoạn trích kinh thánh
sự loại bỏ, sự bác bỏ
lệnh, khẩu hiệu
tiền đề
tiếng Lap, tiếng Sami, tiếng Sa-mi, ngôn ngữ Lap, ngôn ngữ Sami, ngôn ngữ Sa-mi
điếu văn
ngữ hệ Ural, ngôn ngữ Ural
lệnh, mệnh lệnh
thư, bức thư, lá thư, phong thư
sự cầu phúc, sự chúc phúc, sự cầu chúc
thông tin tuyên truyền, thông tin cổ động
sự đối đầu, sự đối chọi, sự bất đồng, sự bất hoà, cuộc đối đầu
chữ b, B, b
loại từ chính, thành phần ngữ pháp chính
kĩ thuật điện báo, kỹ thuật điện báo
lời nói đùa, câu nói đùa
ngôn ngữ nhân tạo
huân chương, huy chương
hợp âm
điều khoản, hạng mục
sự thương lượng, sự mặc cả, sự thoả thuận, sự đàm phán, sự thương thuyết
luật quốc hội
chữ cái đầu tiên, chữ viết tắt
lệnh ân xá, giấy ân xá
bản khái quát, bản tổng quan, bản tóm tắt
tiếng Đức, ngôn ngữ Đức, ngôn ngữ Thượng Giéc-manh, tiếng Thượng Giéc-manh, ngôn ngữ Thượng Giécmanh, tiếng Thượng Giécmanh, tiếng Thượng Giecmanh, ngôn ngữ Thượng Giecmanh, ngôn ngữ Thượng German, tiếng Thượng German, các ngôn ngữ Thượng Đức
lời cảnh cáo, bài học
thời sự, tin tức thời sự, chương trình thời sự, bản tin thời sự, tin tức
luật tiền lệ, tiền lệ pháp, án lệ
bảng thuật ngữ, bảng thuật ngữ khoa học, bảng thống kê thuật ngữ, bảng thống kê thuật ngữ khoa học, bảng chú giải thuật ngữ, bảng chú giải thuật ngữ khoa học
bản in thử
sự nguỵ biện, lí sự cùn, lý sự cùn
hậu tố, tiếp vị ngữ
