thể, thức, thể thức, hệ thống giác quan, hệ giác quan
kích thích tích cực, sự kích thích tích cực
tỉnh, tỉnh táo, sự tỉnh táo
giá trị, giá trị thang đo
sự sắp xếp trước, sự chuẩn bị trước, sự thu xếp trước
việc thiên định, việc trời định, việc tiền định, việc định trước
giải thích, lí giải
cảm giác cơ thể, cảm giác của cơ thể
đánh giá
ảnh hưởng, tác động
sự thiếu độc đáo, sự thiếu sáng tạo
sếp, đặt, tổ chức, bố trí, sắp xếp
chỗ đặt trước
phương sai
dự tính, dự trù, trù tính, lo liệu, định liệu
sản, khoa sản, phụ sản, khoa phụ sản, sản khoa
công nhận, thừa nhận, sự công nhận, sự thừa nhận
đoán, dự, ước đoán, dự đoán, tiên đoán, đoán trước, sự đoán, sự ước đoán, sự dự đoán, sự tiên đoán, sự đoán trước
ảo tưởng
đánh giá, sự đánh giá
ảo tưởng, ảo vọng, hoang tưởng
quá trình vô thức, vô thức
phép gọi hồn, phép cầu hồn, phép cầu vong
kĩ năng giải quyết vấn đề, kỹ năng giải quyết vấn đề
nguyên lí pháp luật, nguyên tắc pháp lí, nguyên lý pháp luật, nguyên tắc pháp lý
trân trọng, sự trân trọng, quý trọng, sự quý trọng, ý thức giá trị, sự ý thức giá trị
đề xuất, đề nghị, gợi ý, đề đạt
dữ liệu tri giác của thị giác
thuốc, ngành thuốc
ngẫm nghĩ, cân nhắc, suy xét, nghĩ ngợi
đặc tính, đặc thù, đặc điểm, tính đặc thù, tính chuyên biệt, nét đặc thù
cái không thể lường được
tầm nhìn, sức nhìn, khả năng nhìn
sự chú ý, sự tập trung, sự để ý
mơ mộng, mộng mơ, ảo tưởng, viễn tưởng
đánh giá kĩ lưỡng, đánh giá phê bình
quá trình đại diện, quá trình thay mặt
hình, ảnh, hình ảnh, ảnh tượng
đổi ý, sự đổi ý, sự thay đổi ý định
sự nhìn thấu, sự hiểu thấu, sự nhìn thấu đáo, sự hiểu thấu đáo, sự thấu đáo
sự sờ, sự mó, sự đụng, sự chạm, sự sờ mó, sự đụng chạm, sự tiếp xúc
cảm giác
cân nhắc, suy tính, suy xét
phản chứng
khái quát, chung chung, tổng quát
ước tính, ước lượng, dự tính, dự tính
nơi tưởng tượng, nơi hoang đường, nơi hư cấu
soi, soi xét, thanh tra, kiểm định, kiểm nghiệm, nghiệm thu, sự soi, sự soi xét, sự thanh tra, sự kiểm định, sự kiểm nghiệm, sự nghiệm thu
nhân tố kích thích tiêu cực, sự kích thích tiêu cực
ý niệm trừu tượng, ý niệm trừu xuất
thói quen, thói, tục, thói tục
thoả thuận, sắp xếp
cơ học chất lỏng
quyền lựa chọn, quyền chọn, cơ hội lựa chọn
hoá học
mốt, xu hướng, thời trang
đích, mục đích
quá trình nhận định, quá trình đánh giá
nhớ, trí nhớ, kí ức
hiện thân, sự hình dạng hoá
kinh tế gia đình, quản lí kinh tế gia đình
sự thành thạo, sự thành thục, sự thuần thục, sự thông thạo, sự tinh thông
đặc tính, đặc trưng, đặc điểm, điểm đặc biệt
toạ độ Đề các, toạ độ Descartes
lãnh đạm, trung lập
cận cảnh
lựa chọn
điều kiện thử nghiệm
khuynh hướng chính trị, ý thức hệ, tư tưởng chính trị, hệ tư tưởng
kĩ năng, kỹ năng, kĩ nghệ, kỹ nghệ, kĩ thuật, kỹ thuật
sự chểnh mảng
khả năng, năng lực, tố chất, tư chất, chất
hải dương học
y học
điều huyền bí, điều kì bí, điều kỳ bí, điều thần bí
kế hoạch, chương trình
chi tiết vụn vặt, chi tiết không quan trọng
bằng chứng, cơ sở, chứng cứ, chứng cớ, bằng cứ, bằng cớ
kiểu cắt
biến độc lập
chủ nghĩa thực chứng, chủ nghĩa thực chứng logic
kiến thức, tri thức, hiểu biết, vốn hiểu biết
ngữ nghĩa
sự bận tâm, mối bận tâm, mối lo lắng, mối ưu tư, sự bận tâm, sự lo lắng, sự ưu tư
khoáng vật học
yếu tố cần cân nhắc, điều cần cân nhắc
tiếng lồng
nỗi sợ, nỗi kinh hoàng, nỗi ác mộng, nỗi kinh hoàng
tiếng nhạc
vẻ ngoài, bề ngoài
chương trình
kế, chước, mưu, âm mưu, thủ đoạn, mưu kế
giá trị trung bình, số trung bình
ý niệm tuyệt đối
bùa phép, bùa chú, bùa
chuộng, ưa chuộng, ưa thích, ham chuộng, sở thích, sự ưa chuộng, sự ưa thích, sự ham chuộng
gánh nặng, gánh
quá trình
nội dung, nội dung nhận thức
hệ thống thờ cúng tôn giáo
năng lực trí tuệ
vị mặn
nỗi buồn, nỗi sầu, nỗi phiền lòng, nỗi phiền muộn
quá trình tri nhận bậc cao
liên kết dạng sao, liên kết hình sao
kiến tạo học
điểm chung, điểm tương đồng
phụ khoa
mẫu mực, hình mẫu, mẫu, mẫu gương, kiểu mẫu, bản mẫu
bố cục, cơ cấu, hệ thống, cách sắp xếp
hướng
chủ nghĩa dân tộc
chủ nghĩa bảo thủ
đích, mục đích, mục tiêu
truyền thống, nếp
phân phối mẫu
khoa học quân sự, quân sự
mạch tư duy, mạch suy nghĩ, dòng, mạch
quan tâm chú ý, để tâm, sự quan tâm, mối quan tâm, sự chú ý, sự để tâm
quy tắc, nguyên tắc, luật lệ, quy định
xã hội học
liên tưởng, sự liên tưởng
sinh học phân tử
ma trơi
khoa học tự nhiên
sự sáng suốt, sự đúng đắn, sự chí lí, sự chí lý, sự anh minh
thuyết hữu thần
hình học phẳng
tiêu hoá, sự tiêu hoá
ẩn ý, ngụ ý, hệ quả, hàm ý, ý, ý, nghĩa, ý nghĩa
vectơ, vec tơ, vec-tơ, véctơ, véc tơ, véc-tơ, vector
tưởng tượng, hình dung, mường tượng
tài xoay xở, sự tháo vát, tính tháo vát, tài vặt
giải phẫu, giải phẫu học, giải phẫu học tổng quát
địa chấn học, ngành địa chấn, ngành địa chấn học
thế phẩm
dư ảnh
ngu, dốt, vô minh, ngu dốt, dốt nát, ngu xi, ngu muội, mu muội, thiếu kiến thức, sự vô minh, sự ngu dốt, sự ngu xi, sự ngu muội, sự mu muội, sự dốt nát, sự tối tăm, sự tăm tối, sự thiếu kiến thức
đối sách luận, thuyết trò chơi, lí thuyết trò chơi
trắc địa học, ngành trắc địa, trắc địa
chuẩn, tiêu chuẩn
thể tương liên, yếu tố tương liên
sự hình thành phản xạ có điều kiện
thông tin cơ bản, thông tin nền
đời, đời sống, cuộc đời
biểu tượng
hàng loại, đồ bỏ, đối tượng bị loại
giá trị, trị số
phân bố thống kê
khoa phôi thai, phôi học, phôi thai học
kí hiệu học, ký hiệu học
lo ngại, mối lo ngại, vấn đề, nỗi đau đầu, nỗi phiền muộn
điểm
siêu hình, siêu hình học
huyền bí học
mẫn cảm
điều ngáng trở, điều trở ngại, cái ngáng trở
mẹo, chiêu, bí quyết
sự giao nhau, sự gặp nhau
cổ tự học, môn cổ tự học
kiểu
lề thói hàng ngày
mặt, phần, phương diện, lĩnh vực
giải tích, vi tích phân
đặc trưng, đặc thù
khái niệm
ánh sáng, sự sáng
khuynh hướng, chiều hướng, xu hướng
cú pháp
điểm, mặt, chỗ
mưu, âm mưu, mưu đồ, mưu chước, chước
logic, lô-gíc
nguyên tắc đa số
kĩ thuật điện máy, kỹ thuật điện máy, công nghệ điện máy
kiếm thuật, thuật đấu kiếm, thuật đánh kiếm, tài đánh kiếm, tài múa kiếm
điều bất khả thi, điều không thể, chuyện bất khả thi
sinh thiết
hương vị chanh
ý liên tưởng
phép loại suy
hoạ âm
phạm trù
thiên đường, thiên đàng
logic, lô-gíc, lí, lẽ
địa ngục, hoả ngục, kiếp trầm luân
tự tin, sự tự tin, lòng tự tin
lí thuyết hoá, lý thuyết hoá
tâm thế
sự nhiệt tình, sự hăng hái,
vật nhân tạo, đồ nhân tạo
Tin Lành, đạo Tin Lành, Tin lành, đạo Tin lành, Tin Lành giáo, Tin lành giáo
lí thuyết khoa học, lý thuyết khoa học
thế gian, dương trần, dương gian, trần gian, trần thế
định luật
kiến thức, học thức, học vấn, tri thức, vốn học, sở học
thế giới bên kia, cõi âm, âm
thử nghiệm, thí nghiệm, cuộc thử nghiệm, cuộc thí nghiệm
vật thế, chân thế, cái thay thế, chân thay thế, vật thay thế, đối tượng thay thế
từ học
định lí, định lý
ẩn ý, ngụ ý, hàm ý, ý, nghĩa, ý nghĩa
đạo Hindu, đạo Hin đu, đạo Hinđu, đạo Hin-đu, Hindu giáo, Hin đu giáo, Hinđu giáo, Hin-đu giáo, Ấn Độ giáo
rào cản, chướng ngại, vật cản, trở ngại, chướng ngại vật, rào chắn
tín ngưỡng
thiên văn học, thiên văn, ngành thiên văn
kì tài
số cử tri, số lượng cử tri
nhân khẩu học
thế giới tâm linh, thế giới thuộc linh
tưởng tượng, trí tưởng tượng sự tưởng tượng
thuyết tương đối
sự phân biệt, sự khu biệt
tâm lí học thực nghiệm
loại, thể loại
người kế vị, vật thay thế, người nối nghiệp, người nối ngôi, người thừa tự
vật lí hạt nhân
sự thiên vị, sự thiên lệch, sự phiến diện
Công giáo La Mã, Công giáo Rôma, Công giáo Rô-ma, Nhà thờ La Mã, Nhà thờ Rô-ma, Công giáo, Thiên Chúa giáo, Thiên chúa giáo
không sáng tạo, sự không sáng tạo
sự nhạy cảm
vô minh, sự vô minh, sự hiểu nông, sự nông cạn, sự lớt phớt, sự hời hợt, sự hiểu bề mặt, sự cưỡi ngựa xem hoa
tục, lệ, tập tục, tập quán, tục lệ, phong tục
ba phải, hai phải, quan điểm nước đôi
dư vị
lập trường, quan điểm, thái độ, góc nhìn, cách nhìn, cách nhìn nhận
văn hoá
địa hoá học
thứ thay thế xoàng xĩnh, cái tồi, vật tồi
mối quan tâm, mối bận tâm, mối trăn trở, mối bận lòng
ví dụ, thí dụ
tung độ, đường tung
nhân khẩu học
tính tọc mạch, tính thọc mạch, tính thóc mách, tính hay tò mò
ngu, dốt, tối, vô minh, tối tăm, tăm tối, ngu muội, ngu xi, mu muội, sự vô minh, sự tối tăm, sự tăm tối, sự ngu muội, sự ngu xi, sự mu muội
đạo hàm
tiên tri, lời tiên tri, lời đoán trước
tâm, trung tâm, tâm điểm, trọng tâm
tinh thần chung, chiều hướng chung, ý nghĩa chung, ý chính, nội dung chính
nhạt, vị nhạt
đau, đau đớn, sự đau, sự đau đớn
xây dựng dân dụng, xây dựng cầu đường, ngành xây dựng dân dụng, ngành xây dựng cầu đường
Công giáo, Thiên Chúa giáo, đạo Công giáo, đạo Thiên Chúa
trực tràng học
thính lực, khả năng nghe
tập trung, sự tập trung
lập luận, lí lẽ, lý lẽ, lí luận, lý luận
thiên đàng, thiên đường
từ nguyên học, ngành từ nguyên học
động vật học
tâm thần học
tâm sinh lí học, khoa học tâm sinh
tác nhân, sự ảnh hưởng
sự lẫn lộn, sự nhầm lẫn
sở trưởng, ưu điểm, điểm mạnh, điểm tốt, điểm hơn, điểm tích cực, điểm trội, điểm vượt trội
số học
thứ nhỏ nhặt nhất, thứ nhỏ nhất, thứ nhỏ nhặt, chuyện nhỏ, chuyện vặt
ẩn ý, hàm ý, ngụ ý
sự tín ngưỡng, sự tu hành
chủ nghĩa không can thiệp, chủ nghĩa bất can thiệp
tập con, tập hợp con
vấn đề
thần học
Đạo giáo, đạo Lão, Lão giáo, Đạo gia, đạo Hoàng Lão
thầy, người thầy, thầy giáo, giáo viên, người giáo viên
sự tính, sự tính toán
đại lượng
thuyết chiêu hồn, thuyết kiêu hồn, thuyết gọi hồn, thuyết nhập hồn, thuyết ngoại cảm
thực vật học
tham số
động lực học
tổng
nhột, buồn, tê, nhột nhoạt, cảm giác kiến bò
tục, lệ, tục lệ
cực, phía
điện hoá học, điện hoá
nhi khoa, khoa nhi
mốt, xu hướng
kích thích khu biệt
giá trị
mẫu mực, hình mẫu, kiểu mẫu, điển hình, mẫu, bản mẫu
chính phủ
phần, bộ phận
hiểu biết
ác mộng, cơn ác mộng, giấc mơ kinh hoàng
thông tin, tri thức
qui tắc cơ bản, quy tắc cơ bản, nguyên tắc cơ bản
thái độ, quan điểm
triết lí sống, triết lí, cách xử thế, cách đối nhân xử thế
định kiến, thành kiến, thiên kiến, sự định kiến, sự thành kiến, sự thiên kiến
sự thoái bộ, sự thoái lui
mĩ thuật, mỹ thuật, nghệ thuật tạo hình
năng lực vượt trội, khả năng vượt trội
công thức, quy tắc
cấu trúc
chủ nghĩa dân tuý
mô hình thu nhỏ
sự soi dẫn thiên thượng, sự hà hơi của Chúa
dịch tự động, dịch máy
giải pháp, cách giải quyết
mồi, bẫy, cạm, cạm bẫy, mồi nhử
ý niệm
kiến trúc học, ngành kiến trúc, ngành kiến trúc học, thuật kiến trúc
kế hoạch sơ bộ, đề cương,
niềm tin, đức tin, sự tin tưởng, tin tưởng, sự trông cậy
hợp thể, tổng thể
tiền giả định, mặc định
phái Tiểu thừa
toạ độ
chủ nghĩa đế quốc, đế quốc chủ nghĩa
chế độ điều trị, chế độ trị liệu, chế độ ăn uống, chế độ dinh dưỡng
cơ sở, nền tảng, nền móng, nền
quan niệm sai, nhận thức sai
sinh thái học
kĩ thuật, kỹ thuật
vết mờ, vệt mờ, thoáng qua, thoáng mờ
nha khoa
hiểu biết, tầm hiểu biết
hình thái học
cơn đau nhói, cơn nhức nhối, sự đau nhói, sự nhức nhối
thuỷ động lực học, thuỷ động học, động lực học chất nước
sự thận trọng, sự cẩn thận
thuật bói đất, môn bói đất
chủ nghĩa dân tộc, dân tộc chủ nghĩa
thuật bói, thuật tiên đoán, thuật tiên tri, thuật bói toán
biến số, biến, đại lượng biến thiên
phản ứng
đích, mục đích
loại, kiểu, loại hình, thứ, giống
áp suất, sức ép
thuật toán, ăng-go-rít
kế hoạch hành động
niềm tin độc thần, chủ nghĩa độc thần
khoa tướng sọ, não tướng học
khoa phẫu thuật, ngành phẫu thuật, phẫu thuật, ngoại khoa
thuỷ tĩnh học
kiến thức phổ thông, kiến thức thưởng thức, kiến thức đại chúng, kiến thức bàn trà, tri thức phổ thông, tri thức thưởng thức, tri thức đại chúng
phép ngoại suy
danh tiếng, tiếng, danh
vị ngon, hương vị ngon, mùi vị ngon, mùi ngon
quan niệm, ý kiến, tư tưởng, ý tưởng, ý nghĩ
xúc giác
cục diện
kế hoạch, chương trình, kế hoạch làm việc, chương trình nghị sự
vốn, kho, khả năng
vườn Eden, vườn địa đàng
mớ bòng bong, mớ hỗn độn
Tiểu thừa, Phật giáo Tiểu thừa, phái Tiểu thừa, phái Thê-va-đa, Tiểu Thừa, Phật giáo Tiểu Thừa, phái Tiểu Thừa, Theravada, phái Theravada
địa lí tự nhiên, địa lý tự nhiên
trở ngại bất ngờ
sự kính trọng, sự kính vì, sự tôn kính, sự kính nể, sự nể trọng
dạng, hình thức, mô hình
hệ số tương quan
gương, tấm gương, hiện thân, gương sáng, gương điển hình, gương tiêu biểu, tấm gương điển hình, tấm gương tiêu biểu, ví dụ điển hình, ví dụ tiêu biểu
đỉnh
mô hình, mẫu, kiểu
thành kiến, định kiến
kiểu, loại, thứ, giống
linh tính, linh cảm
nghệ thuật
hình học xạ ảnh
mốt, mode, giá trị mode
quan điểm chính trị, thái độ chính trị, khuynh hướng chính trị
chủ nghĩa trực giác, thuyết trực giác, chủ nghĩa duy tâm cực đoan
chí, ý chí, chí hướng
trí nhớ, trí tưởng
kiến trúc, ngành kiến trúc
mẫu
Sion, Zion, Utopia, thiên đàng, nước Trời, thiên đường
chủ nghĩa nhân văn, chủ nghĩa nhân bản, nhân bản luận
thiên kiến, thành kiến
điều tra, thanh tra, khảo hạch, cuộc điều tra, việc thanh tra, cuộc khảo hạch
ranh giới, lằn ranh
ý, lối, cách
dịch tễ học
cổ sinh vật học
ngữ pháp
mẫu, mẫu vật, tiêu bản
trí thông minh, trí khôn, trí óc, trí lực, trí năng
bản chất
quan niệm, phương diện, trạng thái
não, đầu, óc, đầu óc
chủ nghĩa sinh tồn dân tộc, chủ nghĩa hiện sinh, hiện sinh chủ nghĩa, triết học hiện sinh
điện tử học, ngành điện tử
sự sờ mó
tiền lệ
phép tính toán, thuật toán, thuật toán số, giải thuật số
điện từ học
nhận thức, nhận biết
sự khôn ngoan, khôn ngoan, sự minh triết, tính minh triết, sự khôn sáng, trí khôn
thống kê, ngành thống kê, khoa học thống kê
trí nhớ, trí tưởng
vị giác
thị giác
lời dạy, lời răn, điều răn, huấn lệnh, lời giáo huấn, bài học
ảo tưởng, ảo mộng, mộng ảo, mộng tưởng, ảo vọng, viển vông, hão huyền, điều hão huyền, điều viển vông
cơ học, cơ
việc học, sự học hỏi, sự thụ đắc, sự tiếp thu, sự thu nhận, sự chiếm lĩnh, sự thu nạp
sự tự vấn lương tâm, tự vấn lương tâm, tra xét lương tâm, xét mình
đối tượng tri giác
lịch, kế hoạch, lịch làm việc, bản kế hoạch làm việc
lương thức, hiểu biết thông thường, hiểu biết cơ bản, cảm thức lẽ thường, cảm thức thông thường
tương nhiệm, bản sao, người tương nhiệm, vật tương ứng
dược học, ngành dược
nhận thức thính giác, tri giác thính giác, nhận thức âm thanh, tri giác âm thanh
nghi ngờ, nghi ngại, nghi vấn, ngờ vực
thân nhiệt, nhiệt độ, nhiệt độ cơ thể
nội quan, nội soi, sự tự nhìn nhận, sự tự soi xét, sự tự tra xét
phương pháp luận, phương pháp học
hạn chế, giới hạn
cách hiểu, sự hiểu
khẳng định thêm, xác minh, xác thực
phân tích, phân chia, sự phân tích, sự phân chia
giá trị trung bình
ảo ảnh bóng, bóng ma, cái bóng
khuynh hướng thiên về, xu hướng thiên về
khả năng phản ứng nhanh, sự phản ứng nhanh, sự nhạy bén, sự nhậy bén
việc cảm nhận âm nhạc, việc thẩm thấu âm nhạc
ý thức, nhận thức, hiểu biết, sự ý thức, sự nhận thức, sự hiểu biết
tổng hợp sự kiện, liên kết sự kiện, kết hợp sự kiện
chuyển giao, áp dụng, ứng dụng, sự áp dụng, sự ứng dụng
lượng đẳng trị, vật đẳng trị, giá trị tương đương, cái tương thích, cái tương đương
tác nhân khuyến khích, tác nhân kích thích
phát minh, sáng tạo, nghĩ ra, nảy ra, sự sáng tạo, sự nghĩ ra, sự nảy ra
chủ nghĩa diều hâu
óc suy xét, óc phán xét
kĩ xảo, kỹ xảo, sự điêu luyện, sự khéo léo
khuynh hướng, xu hướng, thiên hướng, chiều hướng
ủng hộ, sự ủng hộ
tháp ngà
chủ nghĩa vô thần, thuyết vô thần, vô thần luận
hằng số
truy tìm, săn lùng, truy lùng, tìm kiếm, cuộc truy tìm, cuộc săn lùng, cuộc truy lùng, cuộc tìm kiếm
mô men, mômen, mô-men
hệ thống động lực, hệ động lực
di truyền học, khoa học di truyền
quan hệ tương quan
cảnh, quang cảnh, khung cảnh
công nghệ sinh học, ngành công nghệ sinh học, biotech
phong bế thần kinh, cú phong bế thần kinh
chiều
chứng hay quên, tính hay quên, bệnh đãng trí
lí thuyết, lí luận
trí tuệ nhân tạo, ngành trí tuệ nhân tạo
nguỵ khoa học, giả khoa học
ma thuật, pháp thuật, phép thuật, yêu thuật, quỷ thuật, bí thuật
cơ sở, nguyên lí
mẫu, điển hình, hình mẫu, cái điển hình, cái tiêu biểu
phương pháp mới, ngón, mánh, chiêu
phân tách
nhiệt hoá học
giả thuyết
khoa học, ngành, ngành khoa học
thuyết cơ giới, chủ nghĩa máy móc
ý niệm hoá, sự ý niệm hoá
khung tham chiếu, khung
thống kê thông số
mô típ, đề tài, chủ đề
sự bất dung
đặc điểm, đường nét
kiến trúc Gothic, kiến trúc Gô - tích
chủ nghĩa vô thần, sự vô thần, chủ trương vô thần
lí thuyết thông tin
mẫu mực, tuyệt phẩm, sự tuyệt hảo
điểm, hạng, điểm số
phương án mặc định
ngứa, cảm giác ngứa
âm vị học
cảm hứng, nguồn cảm hứng
âm bội
giống, loại, thứ
cơ học chất khí, cơ động lực học
chủ nghĩa hành vi, tâm lí học hành vi
ý nghĩa, nghĩa
sự thiếu năng lực, tình trạng thiếu năng lực, tình trạng thiếu khả năng
khoa học trái đất, khoa học về trái đất
nguồn vui, cây hài
chuyên mục, đề mục, đầu đề
trí khôn, trí thông minh, thần tính, thần trí
khả năng ngôn ngữ, năng lực ngôn ngữ, năng lực tiếng
chuẩn, mẫu mực, chuẩn mực, khuôn vàng thước ngọc
chuỗi
trách nhiệm, sứ mạng, sứ mệnh
tri giác
bệnh học, bệnh lí, bệnh lý, bệnh lí học, bệnh lý học
phần tử dữ liệu, mẩu dữ liệu
biến ngẫu nhiên
sự dám chắc, sự chắc chắn
ý kiến, suy nghĩ, quan điểm, cảm tưởng
tháp bài, bong bóng
sự tài giỏi, sự thành thạo, sự thành thục, sự thuần thục, sự nhuần nhuyễn, sự thông thạo
khảo cổ học
hình thức nghệ thuật, loại hình nghệ thuật
âm học
hệ luận
loại
chủ nghĩa chủ quan, chủ quan chủ nghĩa
chủ nghĩa siêu tự nhiên
tích phân
tổng thể, cái tổng quát
định luật, quy tắc, nguyên tắc, nguyên lí, nguyên lý
thứ, loại, hạng
sự khái quát hoá, sự suy rộng
đạo đức học
chiều, hướng, khuynh hướng, xu hướng, chiều hướng
tâm lí học tri nhận
lí do, lý do, căn cứ, cơ sở
đối số
chủ nghĩa lãng mạn, lãng mạn chủ nghĩa, trào lưu lãng mạn, lãng mạn luận
phần, thành phần, phần hợp thành, nhân tố, yếu tố
lí thuyết tập hợp, thuyết tập hợp
gai, dằm, cái gai, cái dằm
kế hoạch, dự án, đề án
lập luận, cách lập luận
năng khiếu, tài năng thiên phú, năng lực thiên phú, tài thiên bẩm, năng lực trời cho
ngành, môn, lĩnh vực, lãnh vực
chủ nghĩa duy tâm, duy tâm luận
chủ đích, chủ định, mục đích, ý định
ngẫu hứng, tuỳ biến giải quyết
ngã tư đường, ngã ba đường
nội khoa, khoa nội
mẹ
bóng ma, u hồn
vị ngọt
chuyện, việc, thứ
hồi ức, kí ức, kỉ niệm
xứ sở thần tiên, tiên cảnh, tiên giới, chốn thần tiên, chốn tiên thiên
vị đắng
quy kết, kết luận
cấu hình mạng, đồ hình mạng
khía cạnh, phương diện, góc cạnh
điều kiện đối chứng
toán ứng dụng, toán học ứng dụng
kiến trúc Gothic Anh, kiến trúc Gô-tích Anh
phía, phần
ngữ nghĩa học
mục đích cuối cùng, mục tiêu tối thượng, mục đích tối thượng
hoá học hữu cơ, hoá hữu cơ
năng lực nhận thức, khả năng nhận thức
hiểu biết, tầm hiểu biết, tầm nhận thức, phạm vi hiểu biết
hình ảnh trong tâm trí, hình dung trong tâm trí, ấn tượng, hình ảnh, hình dung
bội số, bội
cộng sản, chủ nghĩa cộng sản
rắc rối, vấn đề
quy chuẩn, chuẩn mực, chuẩn, chuẩn tắc
trào lưu, mốt, xu hướng
toán, toán học
chướng ngại, thử thách, thách thức
nông học, khoa học nông nghiệp
triết học luật pháp
mưu, âm mưu, mưu đồ, mưu mô, mưu tính
kĩ thuật xây đắp thành luỹ, thuật xây đắp thành luỹ, kĩ thuật xây thành đắp luỹ, thuật xây thành đắp luỹ, kĩ thuật xây công sự, thuật xây dựng công sự, sự xây công sự
nhận ra, nhận biết
ma thuật, quỷ thuật, quỉ thuật, tà đạo, phép phù thuỷ, trò phù phép, trò ma thuật
phép tính vi phân
ý tưởng, suy nghĩ
lĩnh vực, lãnh vực, phạm vi
ánh sáng, công luận
sự đồng ý, sự đồng tình, sự nhất trí
ác cảm, phản đối, phủ nhận
ngữ văn, Ngữ văn học, ngành Ngữ văn, ngành Ngữ văn học
sự câu kết, sự thông đồng
phác hoạ, phác hoạ chân dung
lĩnh vực, chuyên môn
thần học, hệ thần học
tiếng kêu gọi, lời kêu gọi
kí ức, kỉ niệm
số lượng
tương phản, sự tương phản, đối lập, sự đối lập, đối nghịch, sự đối nghịch
sự không tin, sự không tin tưởng
tầng, lớp
trí tuệ, trí óc, đầu óc, óc
dương
sự bao dung, sự khoan dung, sự tha thứ, lòng khoan dung, lòng vị tha
khiếu, năng khiếu bẩm sinh, tài năng bẩm sinh
phần giữa, đoạn giữa, trung
luân lí, luân lý
phép biện chứng, phương pháp biện chứng, biện chứng pháp, biện chứng
côn trùng học
ảo tưởng, mơ tưởng, mộng tưởng, sự ảo tưởng, sự mơ tưởng, sự mộng tưởng
sự do dự, sự lưỡng lự, sự phân vân
sự sáo mòn, sự nhạt nhẽo, sự tẻ nhạt, sự nhàm chán
biểu trưng tinh thần
sinh lí học, sinh lí
mơ ước hão huyền, hi vọng hão huyền, hy vọng hão huyền, mơ ước hão
thư, bức thư, lá thư
hệ thống, hệ quy tắc
hoạt cảnh
kĩ thuật sinh học, kỹ thuật sinh học, sinh kĩ thuật, sinh kỹ thuật
sự chú ý, sự theo dõi
ý định, ý đồ
quy tắc ứng xử, quy tắc đạo đức, bộ quy tắc ứng xử
quan điểm, con mắt, mắt
hiện tượng luận, hiện tượng học
cẩm nang, nguyên tắc chỉ đạo, điều tin tưởng
chủ nghĩa vị kỉ, chủ nghĩa vị kỷ, thuyết vị kỉ, thuyết vị kỷ
cảm thức ngôn ngữ, ngữ cảm
sự giả thiết, sự giả định, điều được giả định
mánh khoé, mánh lới, mưu mẹo, ngón lừa đảo, ngón xảo quyệt
kiểu, dáng, loại, mốt, mô đen
yếu tố quyết định, nhân tố quy định
sự toàn tâm toàn ý, sự bận trí
kiểu người, loại người, thứ, đồ, giống, hạng, nhà
vị trí tiên phong, vị trí dẫn đầu, vị trí đứng đầu
Bát chính đạo, thiền, zen
tư tưởng không chính thống, thuyết không chính thống, dị giáo
địa lí, địa lý, địa lí học, địa lý học, ngành địa lí, ngành địa lí, khoa địa lí, khoa địa lý, môn địa lí, môn địa lý
trạng thái tỉnh táo
tài, điệu nghệ, điêu luyện
sự xét mình, sự tra xét lương tâm, sự truy vấn lương tâm
sự sắc sảo, sự sắc bén, óc sắc sảo, óc sắc bén
việc, điều, mục tiêu, vấn đề, sự việc, công việc
thuyết huyền bí, khoa huyền bí
chí hướng, hướng suy nghĩ, hướng tư duy
bản năng
sự lưu loát, sự trôi chảy
bề mặt, bề ngoài, bề nổi, bên ngoài
người, cái
sự thật
chủ nghĩa hình thức
nguồn cảm hứng
nhân chủng học, nhân loại học
giáo điều
thăm dò dư luận, cuộc thăm dò dư luận, điều tra dư luận, cuộc điều tra dư luận, khảo sát xã hội, thăm dò xã hội, điều tra xã hội
nền, cảnh, hậu cảnh
cú pháp, cấu trúc câu
học tập, việc học, sự học
niềm tin
ngơ, ngất, ngơ ngơ, bất tỉnh, mê man, sự ngơ ngơ, sự bất tỉnh, sự mê man
tam đoạn luận
tầm nhìn, tầm mắt
đọc, đọc hiểu, việc đọc
chứng minh, biện luận, việc chứng minh, việc biện luận
văn, văn học, ngành văn, ngành văn học
tập hợp
từ vựng học, ngành từ vựng
cách, mẹo, cách thức, phương pháp, bí quyết, phương thức
đường hướng, đường lối, chủ trương
xú-vơ-nia, vật kỉ niệm, đồ kỉ niệm, đồ lưu niệm, vật lưu niệm, souvenir
trải nghiệm, kinh nghiệm, sự trải nghiệm
khả năng thiên phú, khả năng thiên bẩm, khả năng phi thường, khả năng phi phàm, khả năng trí tuệ thiên phú, khả năng trí tuệ thiên bẩm, khả năng trí tuệ phi thường, khả năng trí tuệ phi phàm
thẩm định, giám định, đánh giá
sự nghiền, sự ngẫm, sự suy, sự nghiền ngẫm, sự suy ngẫm
trục toạ độ, trục
thử nghiệm, sự thử nghiệm, phép thử
đạo Hồi, Hồi giáo, đạo I-xlam, đạo của Mô-ha-mét
lí, vật lí, vật lí học, ngành vật lí
lĩnh vực kiến thức, lãnh vực kiến thức, phạm vi kiến thức
đánh giá, nhận xét
đạo Phật, Phật giáo, Phật pháp, giáo lí nhà Phật
tâm lí học
văn, Văn học, ngành Văn, ngành Văn học,
tư tưởng
tinh chất, tinh tuý, tinh hoa, cốt
tiềm năng, khả năng tiềm ẩn, năng lực tiềm ẩn
thuyết nhị nguyên
vấn nạn
viễn thông
vô thức
không, 0, số không, độ không
vị chua, chua
thế giới, hiện thực
phép, phép tắc, luật, luật của tự nhiên
thị lực, nhãn lực, sức nhìn, khả năng nhìn, thị năng
kĩ thuật điều khiến máy bay, kỹ thuật điều khiển máy bay, kĩ thuật lái máy bay, kỹ thuật lái máy bay
cái đẹp, cái hay
ý, ý muốn
sự công nhận, sự thừa nhận
nhị thức
sự sai lầm, ý kiến sai lầm
kiến thức dân gian, tri thức dân gian
mẫu, mẫu thử, mẫu thử nghiệm
hương trầm, nhang, hương, trầm
quan điểm, góc nhìn
sự ưa chuộng, sự ưa thích, sự yêu thích, sự sủng ái
sự chú ý, sự để ý
hồi quy
kĩ năng, kỹ năng tài
phiên bản, biến thiên
yếu tố không đổi
bằng chứng, bằng cứ, bằng cớ, chứng cứ, chứng cớ
phân tích mt mã, giải mã học
đoạn, khoảng
chủ nghĩa dân chủ, khuynh hướng dân chủ
phương kế, kế, chiến lược
nhận thức luận
sự ràng buộc, ràng buộc
thể, khối, chỉnh thể, thể thống nhất, khối thống nhất
nghệ thuật trình diễn, nghệ thuật biểu diễn
trí óc, đầu óc, trí tuệ, trí não, năng lực trí tuệ, trí thông minh,
phương pháp, biện pháp
du hành vũ trụ học
chủ nghĩa nhân đạo, nhân đạo chủ nghĩa
niềm tin đa thần, thuyết đa thần
nền
huyền học, đạo thần bí
điều thần kì, điều phi thường
giao điểm, điểm giao
thuỷ văn học
nghĩa sở chỉ, nghĩa biểu vật, nghĩa sự vật, ý nghĩa sở chỉ, ý nghĩa biểu vật, ý nghĩa sự vật
ngành địa chất, địa chất học, địa chất
suy luận, phép suy luận
mẫu, gương, gương mẫu, mẫu gương
đam mê, niềm đam mê, niềm yêu thích
năng khiếu, thiên tư, thiên bẩm, thiên tính
ngôn ngữ học, ngành ngôn ngữ học
chủ đề, vấn đề
chủ nghĩa hoài nghi, thuyết bất khả tri
lịch sử, sử, sử sách
phút loé sáng, thông minh đột xuất
sách lược, chiến lược
trí óc, trí tuệ, trí não, đầu óc, tâm trí, tâm não, tâm tưởng
lúng túng, sự lúng túng, bối rối, sự bối rối
thoả thuận
bối cảnh
viễn cảnh, kì vọng, dự kiến, dự báo
Qui Tắc Vàng, bài giảng trên núi
dư luận, dân ý, miệng lưỡi thế gian
trường nhìn, tầm nhìn, tầm mắt
sự phân biệt, phân biệt
giáo lí, giáo lý, giáo điều, tín điều, học thuyết thần học, giáo lí thần học
mộng, giấc mơ, giấc mộng, ảo mộng, điều mơ tưởng, điều mơ ước
ảo tưởng, ảo mộng, mộng ảo, mộng tưởng
hiệu lực
sự lắng nghe
đối tượng
kiến thức chung, kiến thức phổ thông, kiến thức phổ cập, kiến thức cơ bản, kiến thức căn bản, kiến thức bách khoa
ước muốn, mong muốn, mong ước, ước nguyện
đạo hàm riêng
ảo ảnh, ảo tượng, ảo vọng, ảo mộng, mộng ảo, mộng tưởng
tìm, tìm kiếm, kiếm tìm, tìm tòi
sự uyên bác, sự uyên thâm, sự tinh thông, kiến thức uyên bác, học vấn uyên bác, sự thần thông quảng đại
dữ kiện, thông tin, bằng chứng
thuyết tiến hoá
kinh tế học, ngành kinh kinh tế học
nét nổi bật, figure
phép ngoại suy
khó khăn, trở ngại, sự cản trở
mô hình nhiều màu sắc biến ảo
mặt
mùi, hương, mùi hương, xạ, hơi, mùi hơi
sự chọn, sự được chọn, sự lựa chọn, sự chọn lựa
hương vani, vani
chủ nghĩa duy thực
hình học giải tích
sự thờ ơ, sự dửng dưng, sự hờ hững, sự hững hờ, sự thiếu quan tâm, sự lãnh đạm
nguyên tắc tổ chức Gestalt, nguyên lí tổ chức Gestalt
lí tính
ngành luyện kim
vốn từ, vốn từ vựng, lượng từ vựng
quá trình tri nhận cơ bản
điển mẫu, kiểu mẫu, hình ảnh thu nhỏ, hình ảnh
lí tưởng
nhạc, tiếng nhạc
nền tảng, nền móng, căn bản
lĩnh vực, lãnh vực
sự cám dỗ, sự lôi cuốn, sự quyến rũ
quần thể
tập trung, sự tập trung, khả năng tập trung, năng lực tập trung
kĩ thuật, ngành kĩ thuật, khoa học kĩ thuật, khoa học ứng dụng, ngành khoa học kĩ thuật, ngành khoa học ứng dụng
giác quan
hoành độ
ngóc ngách, ngõ ngách
hồi ức, kí ức
binh lược, binh pháp, chiến lược, chiến lược quân sự
biểu hiện, dấu hiệu
mùi, hương, mùi hương
cảm giác da
bậc nhất
nhận thức
cảm thức, cảm thụ, thụ cảm
sự quấy rày, sự quầy rầy, sự làm phiền
phép phù thuỷ, ma thuật
nhiệt động lực học
sự thật, lẽ phải, chân lí, chân lý
lượng tử, quantum
ngành tài chính, tài chính học
phả hệ học
óc thẩm mĩ, khiếu thẩm mĩ, óc thẩm mỹ, khiếu thẩm mỹ
chủ nghĩa động vật
nghi thức, lễ nghi, nghi lễ, lễ nghĩa
quy tắc sống, nguyên tắc sống, quy tắc cư xử, nguyên tắc cư xử
khoa mắt, ngành mắt, nhãn khoa
chủ nghĩa nhất nguyên, thuyết nhất nguyên, nhất nguyên luận, chủ nghĩa đơn nguyên
tội phạm học
Thành Thánh, Thành Đức Chúa Trời, Jerusalem Mới, Giê-ru-sa-lem mới, Thành Si-ôn, Thành Zion
tim, trái tim, con tim, lòng
trải nghiệm, sự trải nghiệm
giản đồ, sơ đồ, lược đồ
đại số, đại số học
dân tộc kí, dân tộc ký
việc, chuyện, vấn đề, trách nhiệm, phận sự
thuyết tất định
thị giác, cảm nhận thị giác
địa lí kinh tế, địa lý kinh tế
chủ nghĩa xã hội, xã hội chủ nghĩa
mặt, bên, phía, cạnh, phương diện, khía cạnh
địa hình học, phép đo vẽ địa hình
hoá lí, ngành hoá lí, hoá lý, ngành hoá lý
óc sáng tạo, sức sáng tạo, năng lực sáng tạo, tư duy sáng tạo
công nghệ sinh học, công thái học, sinh lí lao động, ergonomics
lối, nếp, thói, tục, lề thói, phong tục, tập quán, tập tục, văn hoá
thi học
chủ nghĩa khoái lạc khoái lạc chủ nghĩa
kinh thánh, thánh kinh, tín ngôn
tham số
chủ nghĩa duy vật, duy vật chủ nghĩa, physicalism
thần thoại học, khoa thần thoại
định kiến, thành kiến
chân lí, chân lý
chủ nghĩa thực dụng, chủ nghĩa hành động
trường phái kiến trúc, phong cách kiến trúc, kiểu kiến trúc
thực trạng
chiến lược, chính sách
sự cản trở, sự ngăn trở, sự ngăn cản, sự cản ngăn
suy luận diễn dịch
sự sắc sảo, sự tinh khôn, sự giảo hoạt, tính giảo hoạt
quan điểm, cách nhìn, cách nhìn nhận, não trạng
cảm giác nhột, cảm giác buồn, cảm giác nhồn nhột, cảm giác buồn buồn
phép nguỵ biện, lời nguỵ biện, nguỵ biện
phương pháp giảng dạy, phương pháp dạy học, sư phạm, phương pháp sư phạm
lâm sinh học, ngành lâm sinh
sự ấu trĩ, sự giáo điều
học thuyết, thuyết, giáo lí, niềm tin
phương pháp thống kê
mĩ học, thẩm mĩ học, mỹ học, thẩm mỹ học
thuộc tính, tính, tính chất
Cơ Đốc giáo, Kitô giáo
chủ nghĩa bành trướng
phong trào Tin Lành
ý thức
quang học
điều kiện tối cần thiết, điều kiện tiên quyết, điều kiện nhất thiết phải có
hình thái học
nhân chủng học xã hội
bậc
ngoại hình, vẻ ngoài, vẻ bề ngoài
ý tưởng hoang đường, suy nghĩ kì cục, ý tưởng điên rồ
xét nghiệm chẩn đoán
sự nhạy cảm, tính nhạy cảm
tái thẩm định, tái định giá, việc đánh giá lại, việc thẩm định lại, việc tái định giá, việc tái thẩm định
sự thể hiện cụ thể
phần cốt lõi, phần cốt yếu, phần chính yếu, phần trọng yếu, cốt lõi, nòng cốt
trạng thái tri nhận, não trạng
sự đoán, sự phỏng đoán, sự suy đoán, sự đoán định
trục tung
văn hoá, thị hiếu
không hay, không biết, không hay biết, sự không hay biết, sự bất tri nhận, bất tri nhận
dư vị
lí thuyết, lý thuyết
tích, tích số
voodoo, lễ Voodoo
trọng tâm, mục đích phấn đấu, định hướng
trung vị, số trung vị, giá trị trung vị, mê-đi-an, giá trị mê-đi-an, median
sức, khả năng, trình
sự phân biệt vùng miền, chủ nghĩa phân biệt vùng miền, chủ nghĩa địa phương
ảo tưởng, ảo mộng, mộng ảo, mộng tưởng
dấu, vết, dấu vết, vết tích
chủ nghĩa tự do, tự do chủ nghĩa
sự sâu sắc, sự thâm thuý
thế giới thần tiên, bồng lai, tiên giới, cung tiên, chốn thần tiên, chốn thiên tiên, đào nguyên, thế giới tưởng tượng, chốn bồng lai, chốn bồng lai tiên cảnh
nghiên cứu, tìm hiểu, tìm tòi, tra cứu
kỉ luật, kỷ luật, khuôn phép
tục lệ, tập tục
trở ngại, chướng ngại, trở lực, chướng ngại vật, vật chướng ngại
vector tổng
thuyết đa nguyên, đa nguyên luận
thế giới quan, nhân sinh quan
chủ nghĩa tôn vật, chủ nghĩa bái vật, chủ nghĩa thờ vật, đạo thờ vật
Elysium, đồng Elysium, cánh đồng Elysium
tổng thể, toàn thể
thuyết cứu cánh, thuyết mục đích, mục đích luận
địa tầng học
tin học, khoa học máy tính, khoa học điện toán
tập hợp, tập kết, tụ họp
thuyết duy cảm
dị giáo, tà thuyết, tín ngưỡng không chính thống
thuật chiêm tinh, chiêm tinh học
thuyết duy thực, thuyết duy thực thuần phác, chủ nghĩa duy thực thuần phác, duy thực thuần phác, chủ nghĩa duy thực
khứu giác
vị
phép tắc, quy tắc, nguyên tắc
nguyên lí, nguyên tắc
năng lực bẩm sinh, khả năng thiên bẩm
chỗ, nơi, chốn, góc
huyết học
khoa sọ
chìa khoá
chuyên ngành
mạng, giàn
âm, tiếng, âm thanh, tiếng động
nhận thức
sự chú ý, sự để ý
triết thuyết, học thuyết triết học
kích thích, sự kích thích
chủ nghĩa quân phiệt
nghịch cảnh, tình huống éo le
lập trường, quan điểm, thái độ
lão khoa
nhắc nhở, điều nhắc nhở
di sản
lâm nghiệp
giải tích, toán giải tích
quyết định, kết luận
mơ màng, lãng đãng, sự mơ màng, sự lãng đãng
sự thiếu chú ý, mất tập trung
kinh nghiệm chủ nghĩa, chủ nghĩa kinh nghiệm
loại
triết học
hương thơm, mùi thơm
ngôn ngữ, năng lực ngôn ngữ
hướng đi, hướng phát triển, khuynh hướng phát triển, xu hướng phát triển
khí hậu học
lượng giác, lượng giác học
phương sách, sách lược, chiến thuật, binh pháp
sinh học, khoa học về sự sống
lượng tử
tiếng ồn, tiếng ồn ào
khuynh hướng tôn giáo
sự canh chừng, sự theo dõi, sự quan sát
phương pháp luận
nguyên lí
mẫu
kế toán
số liệu, con số thống kê
phương trình trùng phương, phương thức bậc bốn, phương thức bậc bốn trùng phương
suy ngẫm, nghiền ngẫm, suy xét
ý định cầu hôn, mục đích cầu hôn
sự cân nhắc, sự suy xét
mùi khó ngửi, mùi thối, mùi hôi, mùi hôi thối, mùi nồng nặc, uế khí
mộng tinh, giấc mơ ướt, đêm mơ thấy thác đổ, bắn máy bay ban đêm
kết hợp, dạng lai, hỗn hợp
công nghệ thông tin, IT
phần bổ sung, cái bù trừ
bản gốc, bản chính
bắt đầu, sự bắt đầu, phần đầu, mở đầu, phần mở đầu
phạm vi, mức, tầm
ngôn ngữ học miêu tả, ngành ngôn ngữ học miêu tả
logic, lô-gíc, logic học, lô-gíc học
toán học thuần tuý
khoa học xã hội
mơ, giấc mơ, mộng, giấc mộng
lưu tâm, chú ý, lưu ý, để ý, sự lưu ý, sự lưu tâm, sự chú ý
phân loại học, phân loại sinh vật
sự chú ý, sự để ý, sự nhận biết
hang động học
thuật hùng biện, kĩ năng hùng biện, hùng biện
thuyết tương đồng, thuyết analogy, analogy
lĩnh vực, lãnh vực, phạm vi
khả năng
vị quắc, vị quark, hạt quắc, hạt quac, quark
nhớ, hồi tưởng
sự am hiểu, sự hiểu biết, sự thông thạo, hiểu biết tường tận
niềm tôn trọng, niềm kính trọng, sự tôn trọng, sự kính trọng
kích thích, sự kích thích, yếu tố kích thích, yếu tố kích động
hồi tưởng, sự hồi tưởng
khả năng thưởng thức, khả năng phán đoán
sự học, việc học, sự học tập, việc học tập, sự nghiên cứu, việc nghiên cứu
công nghệ thông tin, khoa học thông tin, IP
phép biện chứng, biện chứng, biện chứng pháp
triển vọng, hứa hẹn
tiếng gọi
kinh tế lượng
lựa chọn, phương án
đặc điểm nhận dạng, đặc điểm nhận biết, đặc điểm nhận diện
suy nghĩ thần bí
sinh học
óc sáng tạo, tư duy sáng tạo, năng lực sáng tạo
hình học, hình
diện mạo, vẻ ngoài, dáng vẻ, hình dáng, bề ngoài, dáng vẻ bề ngoài, hình dáng bên ngoài
kĩ năng, kỹ năng, kĩ nghệ, kỹ nghệ, tài nghệ, chuyên nghiệp
lối, thói, lệ, tục lệ
kiểu, dáng, kiểu dáng
rường cột, cơ sở, trụ cột
đa thức
khiếu
chủ nghĩa cá nhân, cá nhân chủ nghĩa
phân loại học
hệ thống
Đạo giáo
sự thiên kiến, sự thiên vị
yếu tố tri nhận, yếu tố nhận thức
hoá học vô cơ, hoá vô cơ
đĩa bay, vật thể bay không xác định, UFO
dấu ấn
trục hoành
thuyết duy ngã
tổ hợp
âm phủ, địa ngục, âm ti, âm ty, nơi chín suối
địa vật lí, địa vật lý
đạo Khổng, đạo Nho, Khổng giáo, Nho giáo
sự thiếu kinh nghiệm, sự thiếu hiểu biết
màu tính, mầu tính
thị giác
vật lí hạt
trục
công bằng, công minh, công tâm, sự công bằng, sự công chính, sự công minh, sự trung trực, sự chính trực, công minh chính trực
tinh thể học
ấn tượng, cảm giác, cảm tưởng, cảm nhận, cảm nghĩ, suy nghĩ, ý kiến
thẩm mĩ, thẩm mỹ, mĩ học, mỹ học
sự phạm trù hoá, sự phân loại
đại ý, ý chính, ý lớn, ý khái quát, ý bao quát, nội dung chính
trụ cột, chỗ dựa, nơi nương tựa
mộng hão, mơ hão, giấc mộng viển vông, mơ ước hão, ý nghĩ viển vông, mơ mộng hão huyền
sự tin cậy, sự tin tưởng, sự tín nhiệm
sự phiêu diêu, sự bay bổng
sự hỗn độn, sự hỗn loạn, sự lộn xộn
phương án bất khả thi
tông, cạ, hợp tông, hợp cạ, cái xứng nhau, cái hợp nhau
tính công bằng, tính vô tư, tính không thiên vị
âm đều
mũi, khứu giác
dinh dưỡng học, khoa học dinh dưỡng, ngành dinh dưỡng học
nước thiên đàng, thiên đàng, nước Đức Chúa Trời, nước Chúa, thiên quốc, vương quốc Chúa, thiên đường, Ba-ra-đi
ngưỡng
phân tích, tư duy phân tích
chính trị, chính trị học, khoa học chính trị
lưới ô vuông
trung bình, mức trung bình
bẫy, cạm, cái bẫy, cái cạm, cạm bẫy, bẫy rập
lịch sử, môn lịch sử, ngành lịch sử
đoạn, phần
lưu tâm, bận tâm, bận lòng, nhọc lòng
điều khiển học
vai chính, nhân vật chính
số ghi, số đo
thức ăn tinh thần, kích thích tinh thần
diễn giải, giải thích, giảng giải, giảng, giải, làm cho hiểu
thuyết duy linh
trực giác
điểm, chi tiết, tiểu tiết
thuyết duy danh
vô cùng bé, vcb
tay nghề
tính hiệu quả
nhận định, đánh giá, ý kiến, nhận xét
gốc toạ độ
địa mạo học
thạch học
nghi ngờ, hồ nghi, nghi vấn, ngờ vực, nghi hoặc, nghi ngại, sự nghi ngờ, sự hồ nghi, sự nghi vấn, sự ngờ vực, sự nghi hoặc, sự nghi ngại
tĩnh học
khuynh hướng, xu hướng, thiên hướng
dân tộc học
vai, vai diễn
trái đắng, thuốc đắng
suy nghĩ, việc suy nghĩ, suy ngẫm, việc suy ngẫm
ý chí
hình học không gian
sự phản động
xạ hương
múa rối
nỗi phiền toái, cái gai trong mắt
phép, phép tắc, nguyên tắc, giềng mối, kỉ cương
hạng, kiểu
khí tượng học
ý thức
chủ nghĩa phát xít
cú hích, sự khuyến khích
