máy ghi hình, máy thu hình, máy quay phim
ca, cốc có quai, li có quai
kính thiên văn, kính viễn vọng
bản vẽ cấu trúc, bản vẽ kĩ thuật, bản thiết kế, thiết kế
dụng cụ đo lường
cơ chế truyền động
đàn cla-ri-nét, đàn clarinet
phần thềm vào, phần bổ sung, việc bổ sung
dụng cụ trắc địa, dụng cụ khảo sát trắc địa
trang sức, đồ trang sức
bộ lưu trữ không cố định
dụng  cụ ghi, thiết bị ghi, máy ghi
thuốc lá, thuốc từ thảo dược
gậy, gậy golf, gậy gôn, gậy đánh gôn, gậy đánh golf
cổng, cổng máy tính
bãi tập bắn, bãi tập
dụng cụ nhọn, đồ dùng nhọn, dụng cụ sắc nhọn, đồ dùng sắc nhọn
đồ trang trí, vật trang trí
máy trộn, đồ trộn, máy trộn thức ăn, đồ trộn thức ăn
kim chỉ, đồ khâu vá, đồ lặt vặt
xích
đồ trang bị
khăn trùm đầu, khăn bao đầu
gậy, cái gậy, cây gậy
ván, pa-nô, bảng, panen
thuyền buồm, thuyền một cột buồm
thiết bị giảm âm, thiết bị giảm âm lượng
bộ đồ thuỷ tinh, bộ đồ ăn thuỷ tinh, đồ ăn bằng thuỷ tinh
dây nói, dây điện thoại, đường dây điện thoại
tác phẩm điêu khắc, công trình điêu khắc
cửa hàng, đại lí, đại lý, đại lí bán lẻ, đại lý bán lẻ, cửa hàng bán lẻ
vi mạch, vi mạch xử lí, vi mạch xử lý, chíp, chíp điện tử, chip điện tử, chíp, chip
vành mũ
vật hãm, vật cản
dụng cụ phẫu thuật, dụng cụ giải phẫu
chướng ngại, trở lực, trở ngại, vật cản trở, chướng ngại vật, vật chướng ngại
thiết bị ép
thiết bị ổn định, thiết bị điều hoà, máy bình ổn, máy điều hoà
dụng cụ quang học
thuốc giãn nở
cánh tà, cánh flap
thuyền, xuồng, ghe, nôộc
lược, cái lược, cây lược, cái chải, cây chải
đầu, đoạn đầu, phần đầu
bóng điện tử, đèn điện tử, đèn điện tử chân không
hệ thống viễn thông
lớp lót, lớp vải lót
đồ trắng, trang phục trắng
đồ cắt, đồ cắt thái, dụng cụ cắt, dụng cụ cắt thái
giường tàu, giường
mặt trên cùng
giá treo cổ
gấu
chén, cốc, cốc chén, chén cốc, li chén, ly chén
đồ lanh, đồ linen
hệ thống lái
còng, cái còng, cùm, cái cùm, xích, cái xích, dây trói
thùng, két, thùng chứa
thùng, chum, vại
đồ gốm, gốm sứ, đồ gốm sứ
máy chơi bạc
đạn cát-tút
băng, băng đô
bánh xe, bánh xe ô tô
bàn giấy, bàn viết, bàn làm việc
đá lát
nơi ẩn nấp, nơi trú ẩn
phần nhô hình tròn
khối lập phương, khối vuông, lập phương
kính hiển vi quang học
thấu kính, kính
mặt, toòng teng
phụ kiện, phụ tùng, phần bổ sung, phần hỗ trợ, công cụ bổ sung, công cụ hỗ trợ, add-on
khu nhà giam, khu giam giữ
thuốc theo đơn, thuốc kê đơn, thuốc chỉ định, thuốc theo chỉ định
lỗ, lỗ thủng, lỗ châm, lỗ chích, lỗ chọc, lỗ đâm
giàn, khung, giàn leo, khung leo, giàn dây leo, khung dây leo
chỗ giao, nút giao, chỗ giao nhau, chỗ gặp nhau, nút giao nhau, nút gặp nhau, đầu mối, đầu nối
thiết bị bán dẫn
thuốc phá thai, thuốc phá hỏng thai, thuốc làm hư thai, chất phá thai, chất phá hỏng thai, chất làm hư thai
phụ tùng
bi
cắm hoa, sắp xếp hoa, bài trí hoa
hộp bộ đồ, hộp đồ nghề
máy điều tốc, bộ điều tốc
nhạc cụ hơi bằng gỗ, bộ hơi gỗ
vật trang trí
cánh, cánh quạt
đồ điện gia dụng trắng
đường, lối, đường ra vào, lối ra vào
quần áo dạ hội, trang phục dạ hội
đồ cải trang, quần áo cải trang
hộp bìa cứng
hố đào, hố
cực âm, ca-tốt
đường nước, đường ống nước, đường dẫn nước, ống nước
máy sao chép, máy photocopy
các cơ sở y tế ở thành phố đang quá tải]  cơ sở y tế, cơ sở khám chữa bệnh
đồ khắc nổi, hình khắc nổi
dải trang trí, dải phụ kiện
dao phẫu thuật
đồ cắt, dụng cụ cắt
Thánh giá, Thập tự, Thập tự giá, cây Thánh giá, cây Thập tự, cây Thập tự giá, Cross
tủ hồ sơ, tủ tài liệu, ô đựng hồ sơ, ô đựng tài liệu
tấm phủ giường, tấm trải giường, ga phủ, ga trải, drap phủ, drap trải
bộ thăng bằng, bộ phận thăng bằng hình vây cá
chảo rán, cái chảo rán
gậy hình mái chèo
dây nối tắt
thiết bị ngoại vi
thiết bị truyền tín hiệu
xe trượt tuyết, xe trượt
dây kẽm, dây thép, thép gai, dây thép gai, dây kẽm gai
quán bar, quán rượu, bar, pub
mặt trung gian, mặt tiếp xúc, bề mặt trung gian, bề mặt tiếp xúc
thiết bị điện
phần nhô ra, phần lồi ra
tàu cá, tầu cá, tàu đánh cá, thuyền  đánh cá, tầu đánh cá
ga gối, đồ ga gối, chăn ga gối đệm, đồ chăn ga gối đệm, chăn đệm
đồ nịt
bộ chia điện áp
khoá nước, vòi nước
đàn cla-vơ-xanh, đàn clavico
thiết bị có bánh răng
nơi lưu trữ, nơi cất giữ
phòng giải trí
mép, rìa, viền, gờ, cạnh
thang kéo trượt tuyết, thang kéo xki
lò nung, lò
lót giày, lót giầy, lớp lót giày, lớp lót giầy
vệ tinh, vệ tinh nhân tạo
áp suất kế, máy đo áp suất, máy đo áp lực, máy đo sức ép
lớp lót chống ẩm, lót chống ẩm, lớp lót chống thấm, lót chống thấm
đĩa, đĩa từ, đĩa vi tính
xưởng đúc, lò đúc
tên lửa tầm nhiệt, hoả tiễn tầm nhiệt
máy in kí tự, máy in từng kí tự, máy in ký tự, máy in từng ký tự
tủ bảo quản, tủ để thức ăn, tủ bảo quản thức ăn
ví, bóp, túi, túi xách, túi xách tay
ống khói
thấu kính hội tụ, thấu kính lồi
không gian chứa, diện tích chứa, không gian lưu trữ, diện tích lưu trữ
mảnh vải, miếng vải
khu nhà đất của tôn giáo, viện, tu viện, nhà tu
móc, then, ngoắc, chốt, móc cửa, then cửa, ngoắc cửa, chốt cửa
động cơ điện
thành, luỹ, thành luỹ, thành trì, chiến luỹ, pháo đài, công sự
thuốc an thần nhẹ
vải bông kẻ sọc
ụ súng
dao chạm, dao trổ, đục
hộp an toàn, két an toàn, tủ bảo hiểm
bộ cảm biến điệu âm, bộ cảm biến điệu thanh
mũi khâu vắt, mũi vắt
hệ thống truyền thông, hệ thống truyền tin, hệ thống liên lạc, hệ thống giao tiếp
đài quan sát, tháp quan sát, trạm quan sát
xe tự hành, xe tự động
bậc, bậc thang, chiếu nghỉ, chiếu tới, chiếu nghỉ cầu thang, chiếu tới cầu thang
thiết bị chiếu sáng, nguồn chiếu sáng
đồ ăn bằng bạc, bộ đồ ăn bằng bạc
tàu bay, tầu bay
miếng chèn, miếng chèn bằng kim loại, quad
giỏ, giỏ có nắp, hòm mây, cái giỏ, cái giỏ có nắp, cái hòm mây
thuốc tê, thuốc mê, thuốc gây tê, thuốc gây mê
complet, comple, comlê, com lê, vét, bộ vét
mũ lông thú
đồ may vá
kính viễn vọng khúc xạ
trụ sở, trụ sở chính
bánh răng
ghế dài, ghế băng
dụng cụ thể thao, đồ dùng thể thao
hãng tàu hơi nước
mâm cặp, bàn cặp, ngàm
gậy đánh bóng, gậy
vỏ, vỏ bọc, vỏ bảo vệ
đường ống chính, ống dẫn chính
đầu máy, đầu tàu, phương tiện gắn máy, máy
thanh, que, gậy
lưới nhiễu xạ
khối vật liệu xây dựng
máy bơm không khí
choker, vòng đeo sát cổ, phụ kiện thời trang
sứ cao cấp, đồ sứ cao cấp
cạnh, mép
trại, trại cải huấn
tên lửa đạn đạo
ổ vui chơi, hộp đêm
kẹp, cặp, ghim, mỏ kẹp, mỏ cặp, ê tô
xu, xèng, đồng xu, đồng xèng
sự tắc nghẽn, vật gây tắc
khí áp kế
màng chắn, diaphragm
súng ngắn bán tự động
tàu hàng, tầu hàng, tàu vận tải, tầu vận tải, tàu chở hàng, tầu chở hàng
nhạc cụ có lưỡi gà, nhạc khí có lưỡi gà
điện thoại không dây, điện thoại vô tuyến
thú nhún
kính viễn vọng phản xạ
thiết bị chiếu sáng, thiết bị ánh sáng
bản in khắc
thuốc gây mê toàn thân
cáp, dây cáp
cuộn
đồ may vá, đồ may vá thêu thùa
khu ở quân sự, chỗ ở quân sự, khu nhà ở quân sự, chỗ đóng quân, doanh trại
cửa hầm, cửa lên xuống tàu
tác phẩm nghệ thuật, tác phẩm
máy hát
khu giải trí, cơ sở giải trí
phòng khám, phòng khám ngoại trú, clinic
thiết bị lọc, dụng cụ lọc
tín hiệu ghi
nhà tu, tu viện, tu viện nữ, nữ tu viện
bộ phận đốt nóng, bộ phận làm nóng, bộ phận đốt, thiết bị đốt
hàng giặt là, tiệm giặt là, cửa tiệm giặt là
chỗ tụng niệm
gian, ngăn
băng đô, dải buộc đầu, dải quấn đầu, dây buộc đầu, dây quấn đầu, băng buộc đầu, băng quấn đầu, dải dây buộc đầu, dải dây quấn đầu, dải băng buộc đầu, dải băng quấn đầu
thuyền đua, ghe đua
ống tiết kiệm, hộp tiết kiệm, lợn đất, lợn
tạp hoá, cửa hàng tạp hoá
máy móc, máy cơ khí, thiết bị cơ khí
huy hiệu, huy hiệu quý tộc
mũi khoan, đầu mũi khoan, mũi
miếng lót thảm
nĩa, dĩa, thìa nĩa, thìa dĩa
băng, ván, băng chuyền, mặt chuyền, ván trượt
khu, khu bệnh viện
thiết bị điện tử
nhà vệ sinh, phòng vệ sinh, toilet, nhà tắm, nhà cầu, WC, công trình phụ
dùi trống, dùi
song, khung song, khung lưới
bộ đồ ăn bằng sứ, cốc chén sứ, đồ ăn men sứ
ghim cài, kim gút, vật cài để trang điểm
nhà máy, xí nghiệp, xưởng, nhà máy sản xuất, xí nghiệp sản xuất, xưởng sản xuất
nhà kính
máy ép, máy nén
vật trang trí thừa
góc, góc đường, góc phố, chỗ rẽ, ngã tư, chỗ cắt
buồm, cánh buồm
xưởng sửa chữa, cửa hàng sửa chữa
sân băng, sân trượt băng
người trọc đầu, người đầu trọc, người không có tóc
áo choàng, áo bành tô, áo bành-tô, áo măng tô, áo măng-too
đèn hàn xì
đồ phủ giường
màng
máng trượt, ván trượt, đường trượt, cầu trượt
dụng cụ chơi bowling, dụng cụ chơi bô-ling
phần ráp vào
thuốc làm se, chất làm se
tủ lạnh điện, tủ lạnh chạy điện
trang bị cơ sở
xe lội nước
nồi niêu
đồ đóng bì, đồ đóng gói, đồ đóng vỏ, đồ làm bao bì, vật liệu bao bì
đường đua thẳng, phần đua thẳng, stretch
máy vòng
quân bài có hình người, lá bài có hình người
lều bạt, lều vải, lều vải bạt
ống thông gió
giá ba chân, kiềng ba chân
lá, miếng
cực, điện cực, cực điện
vật đỡ, vật chống đỡ, cấu trúc hỗ trợ
gờ hình trứng
công cụ đẩy, dụng cụ đẩy
cầu thang
máy cưa, cưa máy, cưa
máy đánh bạc, máy đút xu, máy bỏ xu, máy đút tiền
nhà phụ, công trình phụ
ống ruột gà, ống xoắn ruột gà, ống xoáy trôn ốc
tranh thánh
mặt sau
cờ đuôi nheo
phim ảnh, phim
chuỗi, xâu, chuỗi hạt, xâu hạt
mạng, mặt nạ, mạng che mặt
binder, máy binder, máy gặt buộc lúa
dao phay
dao quắm
bàn gia công, bàn thợ
gạc
thuốc đặc hiệu, thuốc đặc trị
mạng máy tính cục bộ, mạng cục bộ, mạng LAN, LAN
ê-ke, êke, ê ke, thước ê-ke, thước êke, thước ê ke, thước vuông
răng giả
điện thế kế, chiết áp, phân thế
giày bệt, giầy bệt
rãnh, mương, hào, hầm
két, rương
đồ khảm, đồ dát
cào, cái cào
hố cát
sân chơi thể thao
mẫu, vật mẫu
đai yên
biểu tượng
áo mưa, áo đi mưa
cửa
ống nước máy, đường nước máy
chảo gang
mái hắt, ô văng
khoá, cái khoá, chiếc khoá, ổ khoá
huy chương Bạc
phím enter, phím trở về đầu dòng
máy tính, máy tính điện tử, máy điện toán, máy vi tính, com-pu-tơ, máy com-pu-tơ
bình sữa
bản ghi âm, bản thu âm
tháp hỗ trợ
ô tô điện, xe điện
điểm không, trứng ngỗng
cam
trang phục dạ hội, quần áo dạ hội, váy dạ hội
máy cắt
xe ngựa, xe ngựa kéo
hầm, đường hầm
bom bay
chéo go, vải chéo go, vải bông chéo
lãnh sự quán, toà lãnh sự
máy lọc, máy làm sạch, máy tinh chế
mã tấu, đoản đao
thuốc lá bột, thuốc lá ngửi, thuốc lá hít
nhạc cụ gõ
dụng cụ chơi bóng vồ
bụi, tuyết, bộ, C
jacket, áo jacket
chất tẩy, chất rửa, chất tẩy rửa, chất làm sạch
bom hạt nhân, bom nguyên tử
nồi hơi, nồi supde, nồi súp-de
bầu, bầu đựng nước, hồ lô
quà lưu niệm, quà kỉ niệm
mẫu, mô hình
sân khấu
chân nhái, chân vịt, chân vịt bơi
xe ngựa, xe ngựa kéo
chuôi, cán
đai da
mô-tơ, mô tơ, môtơ
bảng điều khiển điện, bảng điều khiển thiết bị điện
mạng lưới, hệ thống
phòng hội đồng, phòng hội đồng quản trị
cánh máy bay
jắc cắm
đe, cái đe
ngư trường
xe rùa, xe cút cít
lò, lò đốt
chuồng, chuồng trại
lưỡi
lò mổ
thuốc hồi sức, thuốc tăng sức
nút, nút điều chỉnh, núm điều chỉnh
roi da
khuê phòng, buồng khuê
ngăn kéo
ô, dù, cái ô, cái dù
vỏ gối, bao gối, áo gối
hậu trường
vị trí, khu vực, chỗ
lưới nhiễu xạ
bệ phóng
nhà xác
bút mực, cây bút mực, cái bút mực, chiếc bút mực, bút máy, cây bút máy, cái bút máy, chiếc bút máy
đồ đựng
mìn
cầu thang, thang gác, thang lầu
trang phục, y phục, quần áo, áo quần
công sự
giếng thăm dò
ná, ná thun, ná cao su, súng cao su
kí túc xá, ký túc xá
bì, bì đối trọng
gàu ngoạm, gầu ngoạm, gàu bốc, gầu bốc
thuốc hạ sốt, thuốc giải nhiệt, thuốc hạ nhiệt, thuốc sốt
dụng cụ đánh
bùa hộ mệnh, bùa hộ mạng
điện thoại, máy điện thoại
móc, cái móc
vấu lồi, vấu, mấu
lăng mộ
dinh, phủ, dinh phủ, dinh thự
thuốc ngủ, thuốc gây ngủ, thuốc gây buồn ngủ
khung cửi
đai đỡ, bộ đai đỡ, dụng cụ lao động, trang bị lao động
nhà vệ sinh công cộng
khoan tay, cái khoan tay
phễu
đồ trang điểm, son phấn, phấn son
bút lông, bàn chải, cọ, chổi
bóng bay
ghế thôi miên
chất phụ gia
mĩ phẩm, đồ mĩ phẩm, mỹ phẩm, đồ mỹ phẩm
xe, con xe, quân xe
thường phục, trang phục bình thường, quần áo bình thường
ống, lõi, suốt
phim tia X, phim chụp tia X, phim X quang, phim chụp X quang
kho, kho thóc, kho lúa
răng giả
hầm bộ, đường hầm bộ
máy biến thế, máy biến áp, bộ biến thế, bộ biến áp
bộ vi sai, bộ truyền động vi sai,
nhà chứa, lầu xanh, thanh lâu, ổ mại dâm, ổ điếm, nhà thổ
diều, cái diều, con diều, cánh diều
chì, bút chì, cây bút chì, cái bút chì, chiếc bút chì
mũi tên, tên
hoa tai, khuyên tai
phương tiện có bánh, xe có bánh
áo lưới giáp sát
mô cấy
chướng ngại vật, vật chướng ngại
căn hộ, phòng, căn phòng
mũ cối, mũ cát
thuốc bổ trợ, chất bổ trợ
tiểu thuyết, cuốn tiểu thuyết
kim, cây kim, cái kim
máy phát, bộ phát
lược, cái lược, chiếc lược
chậu, thau, cái chậu, chiếc chậu
rìu, cái rìu, chiếc rìu
máy điều nhiệt, bổ ổn nhiệt, bộ điều nhiệt, bộ điều chỉnh nhiệt
phòng tiếp khách, phòng tiếp đón, phòng đón tiếp, phòng tiếp đãi
xe đẩy
khăn, khăn choàng
mỏ đá
chất đối kháng, thuốc đối kháng
hộp thiếc
kính xích đạo, viễn vọng xích đạo, kiếng xích đạo, kiếng viễn vọng xích đạo
thùng, cái thùng
sân chơi
phông cảnh
cuộn, cuộn dây
nền
toà nhà ngoại giao
quân át, quân xì, quân một, quân 1
gian, quầy, gian hàng, quầy hàng
trỏ, con trỏ
máy tạo sóng
máy tính để bàn, máy tính bàn, máy tính văn phòng
nhà tế bần, trại tế bần, trại cứu tế
nòng súng
tháp, toà tháp
cửa chớp, mành
cơ sở hạ tầng, hạ tầng cơ sở
mồi câu, mồi bắt cá, mồi câu hình côn trùng
yên, yên xe, yên xe đạp
lưới sắt
đồ đội gắn đá, mão gắn đá
thòng lọng, dây thòng lọng
móng ngựa
màn che phủ, lớp che phủ
xe bà già, xế bà già, xe cũ, xế cũ, xe cà tàng, xe ọp ẹp, xế bãi rác
pin Volta, pin Vôn-ta
nút vòi, chốt vòi, đầu vòi
dấu, con dấu, nhãn hiệu, dấu đảm bảo
đai, băng
bộ đồ lò
ghệt
nơi đặt súng, vị trí đặt súng, ụ súng
ống thông gió, ống thông hơi
pin, quả pin, cục pin
bộ điều chỉnh
phím khởi động
xe tứ mã, xe bốn ngựa
quạt kéo
mũi giáo, đầu giáo
cờ, màu cờ, mầu cờ
mũ lông hải li, mũ lông hải ly
máy điện báo, máy điện tín
thùng, cái thùng
lưỡi cày
điện não đồ
hiên, hè, thềm
dây leo
tóc giả
khoá, chìa, chìa khoá
toa trần
bản đồ quy hoạch, bản đồ, lược đồ
phòng thu, phòng tập
thiết bị nối đất, thiết bị nối đất
đập tràn
thuỷ phi cơ
thuyền nhỏ ga-lê, thuyền nhỏ galê, thuyền nhỏ gale
đèn lồng, đèn sách tay
đường mòn, lối mòn
sứ quán, toà đại sứ, đại sứ quán
dùi cui, cái dùi cui
đồ may đo, đồ đặt may, quần áo may đo, quần áo đặt may
đèn điện
nội thất, đồ nội thất, đồ đạc, đồ gia đình, nội thất gia đình
nội thất phòng ngủ, đồ phòng ngủ, đồ đạc phòng ngủ
súng ngắn, súng lục
trần, trần nhà
sản lượng, thành quả, kết quả
gậy gôn gỗ, gạy gôn gỗ, gậy gôn làm bằng gỗ
vai, vai áo
mái, mái che, mái vòm
dây câu
đồ giả, hàng giả, đồ dỏm, hàng dỏm, đồ fake, hàng fake
vật tổ
vương miện
két, két sắt, két an toàn
tay vịn
bề mặt, mặt
vật trang sức
bom mảnh, bom bi
kênh, kinh, kênh đào, kinh đào
ống quần, ống, chân
tampon, băng vệ sinh hình que, băng vệ sinh dạng que
tường, bức tường
lô
khung cửa
chuồng ong, tổ ong
ngưỡng cửa
siêu thị
cũi, cũi trẻ em, cũi trẻ con
màn che, màn chắn, tấm chắn, màn lưới
latin, lati, mèn, thanh gỗ mỏng
khuyết, khuyết áo
phần cứng
hái, lưỡi hái
nhà vườn
mạng diện rộng, mạng WAN, WAN, mạng toàn cục
nhà tù, nhà lao, nhà giam, nhà đá, nhà pha
xắc cốt, xà cột
mũ ni, mũ trùm đầu
hành lang
đồ lót, quần áo lót, đồ trong, đồ mặc trong, quần áo mặc trong, đồ vệ sinh
phần ứng
gác-đờ-bu, cái chắn bùn, chắn bùn
bồn, bồn tắm
nẹp, cái nẹp
khuôn, khuôn bê tông, cái khuôn, cái khuôn bê tông
khuôn, cái khuôn
cà-vạt, cà vạt, ca-vát, ca vát, ca-ra-vát, caravat, caravát
cột, cột nhà
lề đường, vệ đường, bờ đường
phòng tắm hơi, buồng tắm hơi
điện, miếu, đền, thánh thất, thánh đường
công trình
ăng-ten, ăngten, ăng ten
màu cờ sắc áo, mầu cờ sắc áo
máy dệt
cột thiêu, cọc thiêu
nhà phụ, kiến trúc phụ
cực dương, dương cực
bàn xoa, bàn xoay
đồ phục chế, vật phục chế, đồ chế tác lại, vật chế tác lại, vật tái chế lại
máy tước xơ
ghim cài
băng ghi âm, băng từ, băng
khoá nòng, khoá nòng súng
sân bóng, sân bóng chày, sân chơi bóng chày
máy in, máy in công nghiệp, máy in khổ lớn
lớp lót
cờ trắng, cờ hàng
chụp đèn, chao đèn
lỗ
bộ giảm thanh
hình xăm
búa, búa gõ
bản in khắc, ảnh in khắc
nôi, cái nôi
cốc đo thể tích, bình đo thể tích, cốc chia độ, bình chia độ
nhà, nhà ở
xà phòng, xà bông
biệt dược
thước, cái thước, thước đo
quân chín, con chín, chín
quần áo tu hành, quần áo thầy tu
lưỡi trai
giày, giầy, đôi giày, đôi giầy
xe ủi, máy ủi, xe san gạt
móng, nền móng
sà lan
lều, túp lều
thanh trượt
hình, bức hình, ảnh, bức ảnh
giá, khung
thuốc mê, thuốc gây mê
sáo dọc, sáo thiếc, pennywhistle, tin whistle
thảm đỏ
dụng cụ đấm bốc, dungj cuj boxing
băng, băng gạc, đồ băng bó
đồng phục
tủ kính, tủ kính trưng bày
đường cụt
ụ, gò, mô
đĩa
đường thông, ống thông
tổng hành dinh, đại bản doanh
tấm, phiến
tác phẩm, sản phẩm, sản phẩm sáng tạo
trại tập trung
kim tự tháp, kim tự tháp Ai Cập
bia, bia đá
tinh thể
gọng kính, gọng
gậy chọc, gậy thúc, gạy chọc, gạy thúc
thuyền đua
am, thất
đòn bẩy, cái đòn bẩy
đầm dạ hội, đầm dạ tiệc, váy dạ tiệc, váy dạ hội
động cơ đẩy phản ứng
dây cằm
ụ, ụ súng
đèn chiếu, đèn pha
chùa, chùa chiền
taxi, xe taxi, tắc-xi, xe tắc-xi
mũi, đỉnh, mũi giáo, lưỡi giáo, đầu ngọn giáo, đỉnh cây giáo, đầu thanh giáo, đỉnh thanh giáo
băng, băng vải
bản thiết kế, bản phác thảo
tạc đạn, lựu đạn
trống phanh, trống thắng
ghế cao trọng
nguyên liệu, vật liệu, chất liệu, nguyên vật liệu, tư liệu
đài phát thanh
lâu đài, toà thành, thành trì, thành quách
đĩa
vải thun
tàu lặn
thẻ
khẩu súng, súng cầm tay, khẩu súng cầm tay
đĩa, đĩa nhạc
túi du lịch, túi đồ lề
tủ đông, tủ đá, tủ đông lạnh, tủ bảo ôn
vòi sen, vòi hoa sen
còng chữ U, cùm
tượng, bức tượng, pho tượng, tượng đài
biến thể, bản biến thể, bản cách điệu
đò
vật đỡ
thiết bị dẫn, thiết bị truyền, thiết bị truyền dẫn
súng lục, súng lục ổ quay, súng lục ổ xoay
trục, trục quay
kính lúp
mặt, bề mặt, mặt đứng
ống dẫn, ống dẫn khí
dây da, dải da
vải bố, vải bạt
tủ
khoá số, khoá
đồ gỗ, đồ bằng gỗ
súng tự động, súng máy, súng cầm tay tự động
tăm
gấu
luỹ, thành luỹ, pháo đài
viền, diềm, đường viền, đường diềm
đồ chơi
vành, vành xe
áo tu, áo thầy tu
vật nổi, vật nổi trên nước
ảnh X-quang, ảnh chụp X-quang, ảnh tia X, phim rơnghen
đồ lao động, đồ mặc lao động, quần áo lao động, áo quần lao động
trại giáo huấn, trại cải tạo
đòn gánh
bạt, vải bạt
tượng khoả thân, tượng loã thể
đệm, nệm, tấm đệm, tấm nệm
tốt, con tốt, quân tốt
dây chuyền, dây chuyền sản xuất, dây chuyền lắp ráp
đèn xếp, đèn lồng Trung Quốc
máy tự động, thiết bị tự động, người máy, rô-bốt, robot
dùi cui, cái dùi cui
dây chuyền, vòng cổ, kiềng, chuỗi hạt
viên nhộng, viên nang, viên con nhộng, viên giả thuốc, viên thuốc giả, thuốc viên giả
rèm, mành, rèm che, mành che, màn che
phòng, bốt,
thiết bị máy
thiết bị quang học
tâm lò
bục, bệ
tẩy, cục tẩy, tẩy bút chì, tẩy cao su
ủng cao su, giày cao su, ủng chống nước, giày chống nước, giầy cao su, giầy chống nước
phác thảo, phác hoạ, bản phác hoạ, bản phác thảo, bức phác hoạ, bản vẽ phác, bức vẽ phác, sơ đồ,
thiết bị gia dụng, máy gia dụng, máy móc gia dụng, đồ gia dụng
căm, đũa, tăm, nan hoa
vải chống nước, vải áo mưa, vải chống thấm nước, vải không thấm nước
dây ăngten, dây ăng-ten
trượng, gậy
thiết bị nâng
đê, cái đê
sản phẩm
đèn hàn
tàu điện ngầm, tầu điện ngầm
dây thòng lọng
bogy, máy bay không xác định, máy bay bí ẩn
tập, tập phim
sơn lót, lớp sơn lót
đại lộ
đệm, nệm, cái đệm, cái nệm
dao cạo, dao cạo râu
dụng cụ y tế
tàu dầu, tầu dầu, tàu chở dầu, tầu chở dầu
tàu cướp biển, tàu hải tặc, tầu cướp biển, tầu hải tặc
bộ điều chỉnh, máy điều chỉnh, bộ điều tiết, máy điều tiết, cái điều chỉnh
đoản mạch
gậy bóng, gạy bóng, gậy đánh bóng, gạy đánh bóng
tàu, tầu
đường, lối, đạo, đường đi, lối đi
sản phẩm, sản vật, vật phẩm, chế phẩm, tác phẩm
tàu hoả, tầu hoả, xe lửa, hoả xa
áo bọc, giáp bảo hộ, giáp bảo vệ, đồ bảo hộ, đồ bảo vệ, đồ che chắn, áo, vỏ, vỏ bọc, lớp phủ
salon, salon tóc
thỏi, nén
cú đá, cú sút
chân váy, váy, xiêm
dây
tên lửa, động cơ tên lửa
đầu từ đọc/ghi
di tích, di tích cổ, di tích cổ xưa
dây buộc, dây cột, dây xỏ, dây
dây, dải
bàn, bàn chơi, bàn chơi game
văn khố, kho lưu trữ
dép quai hậu, sandal, xăng-đan
tàu khu trục, tàu trục hạm, tầu khu trục, tầu trục hạm
tượng đúc
cột, trụ đứng
bánh lái, tay bánh lái, vô lăng tàu
trạm xăng dầu và bảo dưỡng xe, nơi bảo quản sửa chữa ô tô, nơi rửa ô tô
kim, kim đồng hồ
dọi, vật treo, quả dọi, quả lắc
vật chứa, đồ chứa
tên lửa Minuteman, Minuteman
viên tránh thai, thuốc tránh thai, viên ngừa thai, thuốc ngừa thai, viên thuốc tránh thai, viên thuốc ngừa thai
đá mài
đàn tam thập lục
ống, đường ống, ống dẫn, đường ống dẫn
quốc lộ, xa lộ, đường cao tốc, đường lớn
giáp, tấm giáp
dây chằng, dây ràng buộc
tờ in đá, in thạch đá
dây cương
túi nhỏ, bao nhỏ
tã, tã quấn, tã sơ sinh
phương tiện kết nối, vật kết nối, công cụ kết nối
động cơ nhiệt
toa, toa tàu, toa tầu, toa xe lửa, toa tàu hoả, toa tầu hoả
bàn phím, phím đàn, Klavier, nhạc cụ bàn phím, nhạc cụ phím đàn
tủ khoá, tủ có khoá
thuyền gale
đuốc, ngọn đuốc
tuyệt phẩm, kiệt tác, viên ngọc quý
tấm lót, miếng lót
bệ, đế, chân, bệ đỡ, đế đỡ, chân đỡ
đèn
khải hoàn môn, vòm khải hoàn
yếm
ti vi, vô tuyến, máy thu hình
đàn xếp, phong cầm, đàn gió, đàn phong cầm, đàn ắc-cóc, đàn ăccoc, accordeon, đàn ắc-coóc-đê-ông
thiết bị vào ra; thiết bị đầu cuối
đồ ngủ, quần áo ngủ
ngân hàng, quỹ tín dụng, chi nhánh ngân hàng, trụ sở ngân hàng, phòng giao dịch ngân hàng
tấm kính
địa cầu, quả cầu, quả địa cầu
áo ngoài, áo choàng, áo khoác, áo trùm, đồ ngoài, đồ mặc ngoài,
thành phẩm, sản phẩm sau cùng, sản phẩm cuối cùng, sản phẩm chung cuộc, sản phẩm sau hết
câu liêm, móc, cái móc
vòng hoa, tràng hoa
đầu nổ, đầu đạn
thiết bị giám sát, bộ giám sát
quần áo bảo hộ, quần áo bảo vệ, đồ bảo hộ, đồ bảo vệ
nắp vòi, khoá nước, vặn nước, nắp vòi nước, tay cầm vòi, tay vặn nước, tay cầm vòi nước, tay vặn vòi nước
sọt, cái sọt
ống, máng, ống dẫn, máng dẫn, ống nước, máng nước
van
giá, thanh đỡ
tay áo, ống tay áo
tàu buồm, tầu buồm, thuyền buồm
túi khí, túi khí khí cầu
phụ phẩm
đường mòn, lối mòn
đài thiên văn, thiên văn đài
thiết bị chỉ hướng gió
tai nghe
đầu hồi
giá, kệ, nền, sàn, vật chống, vật đỡ, vật chống đỡ
đèn huỳnh quang, đèn neon, đèn nê-ông
bản sao
gờ, gờ cong, sườn tăng cường, gân kiểu gôtic
viền giày
tấm, bản, thẻ, phiến
thảm, tấm thảm
tác phẩm nghệ thuật đồ hoạ
tai nghe
dây chuyền, sợi dây chuyền, vòng cổ
đệm, nệm, cái đệm, cái nệm
cây đèn, cây đèn trang trí
đèn huỳnh quang
đạn, viên đạn
tổ ong rơm, tổ ong rơm bện, đõ ong rơm, đõ ong bằng rơm
trung tâm điều dưỡng, trại điều dưỡng
vật chèn vào, vật chêm vào, vật xen vào, vật cài vào
trụ sở, trụ sở cơ quan
súng, khẩu súng
ván nhún, ván nhảy, ván nhẩy, ván nhảy cầu, ván nhẩy cầu, bục ván nhảy, bục ván nhẩy, bục ván nhảy cầu, bục ván nhẩy cầu
tổng đài điện thoại, tổng đài dây nói
sơn, màu nhuộm, thuốc màu, vôi màu, lớp sơn
ta lông, talông
máy rung
búa hơi, đục hơi, búa khí nén, búa khoan
MDMA, methylenedioxymethamphetamine
màn hình, màn hình CRT, CRT_screen
đá mài
tay lái, bánh lái
đòn bẩy, cái đòn bẩy
dụng cụ chữa bệnh
khoá, cái khoá, chiếc khoá, ổ khoá
xiên, cái xiên, cây xiên
khoan xương sợ, khoan sọ, khoan sọ não
cùm
mạch cầu
hiên, hè, mái hiên, hành lang
bộ đồ ăn dẹt, flatware
bệnh viện quân đội, bệnh viện quân y
nơi ở
áo chùng, áo chùng thâm, áo thầy tu, áo dòng
phần thêm vào, cái thêm vào
cực nam châm
ga, ga giường, ga trải giường, ga phủ giường
cờ hiệu
mốt, xu hướng
nắm tay
hệ thống truyền thông, trang thiết bị truyền thông
kết cấu
gương, cái gương, chiếc gương, tấm gương, kính, tấm kính, kiếng, tấm kiếng
kho trung tâm, tổng kho
bánh lái
đinh bẹt, đinh đầu bẹt
khoeo giày
cửa sổ
dao nhíp
dao dĩa, đồ dao dĩa
ổ, ổ đĩa, drive
phòng kho, buồng kho
đường, lòng đường
dầu hoắc hương, dầu thơm hoắc hương
bộ đàm, điện thoại cầm tay nội bộ, di động nội bộ
juýp, mini juýp
lưới
cần trục, cần cẩu
cột
liềm, cái liềm, chiếc liềm, lưỡi liềm, hái, lưỡi hái
bếp lửa
cờ hiệu, quốc kì
áo, áo nữ
ma túy đá, hàng đá, methamphetamin, methamphetamin hydroclorua, Methedrine
buồng thang máy
cup, cúp
ghệt, bao bắp chân
chốt néo, cái chốt néo
cổ áo, cổ
nhà
xưởng, nhà xưởng, phân xưởng, nhà máy, nhà máy chế biến
tù, ngục, nhà đá, nhà ngục, nhà tù
bẫy, cạm, cái bẫy, cái cạm
lăng, lăng mộ
ma tuý làm từ cây gai dầu
khoá rập ngoài
nhà kho, nhà chứa đồ
dây buộc đầu ngựa, dây cột đầu ngựa
mũ lưỡi trai, mũ, mũ vải
ô, dù, lọng, cái ô, cái dù, cái lọng
dụng cụ, công cụ
máng, máng nước, máng nước xối, ống máng, máng xối
móng bè, móng tấm, tấm móng móng tấm liên tục
phòng triển lãm, phòng trưng bày, phòng trưng bầy
lông vũ
ách
máy bơm, cái máy bơm, bơm, cái bơm
góc phố
dụng cụ kéo
kênh, mương, lạch, cống, rãnh, máng, ống dẫn
băng đô
phòng ngủ, buồng ngủ
áo phông, áo thun
điện kế
xì-gà, điếu xì-gà
ống nghe
thước đo góc, thước góc, thước vẽ góc, thước đo độ
miếng da che mắt ngựa, miếng che mắt ngựa
cọc, cọc nhọn
ruy băng, dải ruy băng
ngưỡng
quần áo, trang phục, y phục, y trang, phục trang, bộ đồ, áo xống, áo váy, xiêm y, xiêm áo
đồ nữ, quần áo nữ, trang phục nữ, quần áo phụ nữ, trang phục phụ nữ
rạp, nhà hát, rạp hát
bảng mạch, mạch in, bo mạch, bảng mạch in, bo mạch in
trung tâm
phòng trưng bày, phòng triển lãm
khuy, cúc, khuy bấm, cúc bấm
mạng, lưới, mạng lưới, hệ thống
cọc, cột
áo len, áo len dài tay
khuôn, khuôn ép, khuôn rập
bình, chậu, chậu cây, chậu cảnh, chậu hoa
diễn đàn, forum
khăn, cà vạt cổ cồn
ống, thân
đai, băng
hòm, thùng, hộp
pi-a-nô đứng, piano đứng, đàn pi-a-nô đứng, đàn piano đứng, dương cầm đứng, cây dương cầm đứng
quần thể kiến trúc
đinh
mũ, nón, mũ che nắng, mũ đi nắng
búa đầm
máy nhắn tin
thuốc an thần
thành luỹ, đồn ải, pháo đài
triangle, kẻng tam giác, kẻng ba góc, thanh tam giác
bài, quân, quân bài, con bài, lá bài
máy
hàng nhập khẩu, hàng ngoại nhập, hàng nhập cảng
bản in, ảnh in
môi múc canh, muôi múc canh
phong bì, phong thư, bao thư, bao thơ, bì thư
rổ, rổ bóng
bích, quân bích, cây bích
lò phản ứng, lò phản ứng hạt nhân
lượng thuốc nạp vào
quạt, cái quạt, quạt giấy, quạt tay, quạt điện, cái quạt điện
dao mổ
máy tiện, máy bào, máy tạo hình
khăn ăn
răng, vấu, mấu
quần áo
đai đạn, thắt lưng đạn
quần áo, áo quần
tràng hạt, chuỗi hạt, chuỗi tràng hạt
thuốc xổ, thuốc tẩy ruột
xúc xắc
chướng ngại vật sân gôn, chướng ngại vật
bãi đáp
pháo đài, đồn lũy, thành luỹ, mũi công sự
gương phản xạ
két, két tiền, két đựng tiền
trang phục
phím tab
dầm chìa, công-xon
neo móc, móc, cái móc
mặt ngửa
giày tra tấn, giầy tra tấn, bốt tra tấn, bốt nung
nhà hát, rạp hát, hí trường, hí viện
đường băng
bản lề
máy xúc, máy đào
cổng vòm
băng ghi hình, băng từ ghi hình
chổi, cái chổi, cây chổi, cây quét
giấy ảnh
nêm, cái nêm
nút, chỗ thắt, nút thắt, nút buộc
dụng cụ nấu nướng, đồ nấu nướng, đồ nấu ăn, dụng cụ nhà bếp, dụng cụ nấu ăn
mìn M18A1 Claymore, mìn định hướng, mìn M18A1, mìn Claymore
cơ sở hạ tầng
bếp
phòng lớn
phấn thoa sau khi rửa ráy, phấn xoa sau khi rửa ráy
xe, phương tiện vận chuyển
hộp thư, hòm thư
khăn, khăn lau
nút bần, nút chai
chuỗi
dụng cụ đàn hồi
máy thu thanh, máy thu thanh vô tuyến, máy thu vô tuyến điện, vô tuyến, ra-đi-ô, radio
số lùi, số chạy lùi
nguyên liệu
than gỗ, than củi, chì than, than chì
ụ cạn, ụ khô
đường đi bộ, đường cho người đi bộ, đường dành cho người đi bộ
Nhà Trắng, Lầu Năm Góc, Ngũ Giác Đài
amobacbitan natri, muối amobacbitan, Amytal
công ten nơ, công-ten-nơ, vật chứa, đồ chứa
cảnh, cảnh tượng, quang cảnh, khung cảnh, cảnh tượng
máy giặt, máy giặt tự động, washing_machine
dây lèo
dàn nhạc
phấn
súng các-bin, súng cacbin, súng các bin, súng cạc bin
thanh kẹp, bàn kẹp, bàn kẹp mộng
nắp, nút
vật đệm, vật độn, vật lót
địa điểm kinh doanh, cơ sở kinh doanh
tổng đài
tàu ngầm, tầu ngầm
tường chắn, tường phòng hộ, lan can
dây bện, sợi dây bện
dây bện
ốc, ốc vít, đai ốc
hệ thống mô phỏng bay
đường gấp, đường chỉ
tượng, quân tượng, con tượng
đập chắn sóng, đê chắn sóng
van bấm
dùi cui, cái dùi cui
dây dắt
thiết bị chuyên dụng, thiết bị chuyên dùng, thiết bị đặc thù, dụng cụ chuyên dụng, dụng cụ chuyên dùng, dụng cụ đặc thù
tàu con thoi, tàu vũ trụ con thoi, tầu con thoi, tầu vũ trụ con thoi
phách, thanh gõ phách
bát nước chấm, chén nước chấm
phương tiện nghe nhìn
véc ni, lớp véc-ni
nắp, vung
míc, micrô, mi-crô, micro
khung, bộ khung
máy lắp ráp
bến
băng-rôn, biểu ngữ
nhà chọc trời, toà nhà chọc trời
liễn
hàng tạp hoá, hàng tạp phẩm
nền tảng, nền hệ thống
rui
biển quảng cáo
cuộn cao áp
hãng hàng không, hãng bay, công ti hàng không
lỗ châu mai
thìa, muỗng cái thìa, cái muỗng
hàng hoá, mặt hàng
lăng kính
xà đơn, xà ngang
lưới
khu vực
cung, gác tía lầu son, lầu son gác tía
bàn cờ, bàn cờ vua
ô tô kín mui, xe kín mui
quán trà, trà quán
đấu điện, ổ cắm điện, chỗ cắm điện
kim tuyến, dây kim tuyến, dải kim tuyến, sợi kim tuyến, sợi dây kim tuyến
cung đo góc
thước tính, thước lôga, thước tính logarit, thước lôgarit, thước lô-ga-rít
bãi đường ray
cối
đồ chứa, vật chứa
xe tăng
mai, cái mai
boong, boong ca-bin, boong cabin, boong ca bin lái
thân bu-lông, thân ốc
gót đệm
nhạc cụ
chuồng
mái vòm
chất kích thích, thuốc kích thích
máy in thạch bản, máy in đá
chái, nhà chái, mái che
mối nối thẳng, mối nối đối đầu
bấc
phòng an toàn
cung, cung tên, nỏ, cung nỏ
phim, cuộn phim
mặt trước, mặt tiền, mặt chính
bếp, lò
lò, bếp lò
dụng cụ chỉ đường, dụng cụ dẫn đường
găng tay, bao tay, tất tay
phần thưởng cuối cùng
máy xoa bóp
quả lắc, con lắc
bình phong, bức bình phong, màn che
bãi rào, bãi quây, chuồng rào, chuồng quây
chân bàn, chân ghế, chân giường, chân tủ
hê-rô-in, hêrôin, heroin
mặt trống
cục, thanh, bánh, miếng, phong, thỏi
hàng, lớp
khán đài
áo cánh
khe, khe đút tiền, khe đút thư
máy kéo
đồ nghề, công cụ, dụng cụ
đền, đền thờ, đền miếu, nơi thờ cúng, điện
dây điện
số cao
trường, ngôi trường, trường học
túi, cặp, ba lô, va li, va-li, vali, va-li hành lí, va li hành lí, vali hành lí, túi đựng hành lí
tàu hàng, tàu chở hàng, tầu hàng, tầu chở hàng
tàu buôn, tầu buôn, thương thuyền
váy sát nách
gậy cờ, gạy cờ
cửa di động, vật chắn di động
thang máy
thanh ngang
quần lót, quần chíp, quần sịp, quần xi-líp, quần con
tượng thần, thần tượng
trại tị nạn
ván trượt tuyết
thanh giằng ngang
đèn pha
ô tô, xe hơi
cò, cò súng
bản sao lưu, bản sao dự phòng, backup
hình chiếu, hình chiếu vật thể
tù và
đòn ngang, thanh ngang
trụ, ngõng, chốt, trục đứng
số một
thiết bị nổ, thiết bị phát nổ
sừng, đầu
văn phòng chính phủ
tàu sân bay, hàng không mẫu hạm, tầu sân bay
thảm, vật phủ sàn
chất lợi tiểu, thuốc lợi tiểu
tù, ngục, ngục tù
sới, sân đấu, đấu trường, trường đấu, sân
máy nông nghiệp
phin, tích, ấm, ấm tích
cấu trúc phân lớp
nút dừng
máy tiện
thiết bị đo, máy đo, dụng cụ đo, đồ đo
xe kéo, xe sức kéo
thiết bị nối, đồ gá lắp
hệ thống giao thông tuyến ngắn
nhạc cụ dăm đôi, nhạc cụ có lưỡi gà kép, nhạc khí có lưỡi gà kép, kèn có lưỡi gà đôi
dụng cụ vẽ, công cụ vẽ
trống, cái trống
gươm, thanh gươm, kiếm, thanh kiếm, đao, thanh đao
đồ nhà bếp, đồ dùng nhà bếp
kính viễn vọng quang học, kính thiên văn quang học
kính ảnh, tấm kính ảnh, tấm kẽm chụp ảnh
tàu vũ trụ, tầu vũ trụ, con tàu vũ trụ, con tầu vũ trụ,
kho đồ ăn, phòng chứa đồ ăn thức uống, phòng chứa đồ ăn uống
sàn giao dịch chứng khoán, sàn giao dịch, sàn chứng khoán
thiết bị mô phỏng
quân cờ, con cờ, quân, con
máy tính xách tay, máy vi tính xách tay, vi tính xách tay, máy xách tay, laptop, lap
xe quân sự
đồ đạc, đồ đạc trong nhà
giáo mác, thương mâu
chỗ làm, chỗ làm việc, nơi làm việc
bộ cộng hưởng, thiết bị cộng hưởng
dụng cụ, đồ dùng, công cụ, phương tiện
gác, xép, lô
áo nịt ngực
bộ khởi động, bộ kích khởi, bộ kích, bộ kích hoạt
bãi tập, bãi tập trận
dụng cụ thể thao
gian, ngăn, khoang, buồng, phòng
bình chưng cất, bình cổ cong
sổ nhật kí, sổ nhật ký, sổ ghi chép
váy tiệc, đầm tiệc, váy gown, đầm gown
trang bị xách tay, trang bị cầm tay, thiết bị cầm tay
hình minh hoạ, hình ảnh minh hoạ, tranh ảnh minh hoạ
bộ phận đánh, vật đánh
công trình quân sự
dụng cụ cầm tay, công cụ cầm tay, đồ dùng cầm tay
khối chữ in
dược phẩm
lá thuốc lá, sợi thuốc lá, thuốc lá, thuốc lá sợi, thuốc sợi
grand piano, đại dương cầm, dương cầm lớn
quân trang quân dụng
fore-and-aft_sail
phần trên của tàu, phần trên của tầu
lốp hơi, lốp khí nén, lốp liền săm
thạch cao, lớp thạch cao
phòng khiêu vũ, hội trường, phòng nhảy, phòng tiệc
nước sơn lót
xe có động cơ
mặt thẳng đứng, bề mặt thẳng đứng
thiết bị tăng lực, thiết bị tăng sức, thiết bị tăng sức lực, thiết bị tăng sức mạnh
cung thể thao, khu thể thao, trung tâm thể thao
diềm, viền, ren diềm
gậy golf sắt, gậy gôn sắt, gậy đánh golf bằng sắt, gậy đánh gôn bằng sắt
dụng cụ trừng phạt, dụng cụ phạt
đồ nhà bếp, thiết bị nhà bếp
toà nhà chính phủ
ca-rô, carô, vuông, kẻ ô vuông, kẻ ca-rô, kẻ carô
máy pha cà phê, máy cà phê
nút thòng lọng, nút dây
dép
tàu hơi nước, tầu hơi nước
nhạc cụ hơi, nhạc khí, nhạc cụ khí
cuộn cảm ứng
dải rút, dây rút
sơn dầu, tranh sơn dầu, bức tranh sơn dầu
bàn, bàn làm việc
máy gia tốc hạt, máy gia tốc hạt cơ bản
cái lọc
yên cương
chỗ tiếp điện, cục tiếp điện, mấu tiếp điện
thang, cái thang, bậc, cái bậc
tấm phủ ngựa, áo phủ ngựa, tấm phủ lưng ngựa
nhà máy rượu
LSD, viên giấy, ma tuý giấy, may tuý bùa lưỡi, thuốc gây ảo giác, thuốc tạo ảo giác, ma tuý gây ảo giác, ma tuý tạo ảo giác, thuốc gây ảo giác LSD, thuốc tạo ảo giác LSD, ma tuý gây ảo giác LSD, ma tuý tạo ảo giác LSD
thiết bị làm nóng, máy sưởi, lò sưởi, thiết bị sưởi ấm
chạn, tủ chạn, tủ buffet, tủ búp-phê
hệ thống bánh răng
máy đánh chữ, máy chữ
chổi lau sàn, chổi lau nhà
đồ mài, cái mài, dụng cụ mài
cân, cái cân
mặt ghế
đòn đám ma, đòn khiêng đám ma
ảnh trong suốt
phấn, viên phấn, phấn viết bảng, phấn trắng, phấn bảng
thuốc chống virut, thuốc diệt virut, thuốc chống vi-rút, thuốc diệt vi-rút
xiên, xiên cá, cái xiên, cái xiên cá
vỏ, bao
máy thở, máy hô hấp, máy thở nhân tạo, máy hô hấp nhân tạo, thiết bị thở, thiết bị hô hấp, thiết bị thở nhân tạo, thiết bị hô hấp nhân tạo
thuốc bổ, thuốc tăng lực, tăng lực, tonic
bình ngưng
bể, bồn, bể chứa, bồn chứa, vật chứa
nam châm, nam châm vĩnh cửu
chất bị kiểm soát, thuốc bị kiểm soát
vòng cổ
máy đo, đồng hồ đo, dụng cụ đo
công trình phòng vệ, công trình phòng thủ, công trình phòng ngự
nơi trao đổi hàng hoá kín, khu trao đổi hàng hoá kín
núm lên dây, nút lên dây
giày dép, giầy dép
giá cưa, giàn cưa
bình đong, cốc đong, ca đong, đồ đong
thuốc ức chế protease HIV, thuốc ức chế PI
hốc, hốc tường, khoang tường
vải che, vải bọc
chất kích thích
vật chống, vật đỡ, vật chống đỡ
tranh đồ hoạ, đồ hoạ
thuyền liên lạc, tàu liên lạc
nguồn, bộ nguồn, thiết bị nguồn
cảnh, phông, cảnh dựng, phông cảnh, phông nền, sân khấu, bài trí sân khấu
đường, đường cái, đường chính
dùi, dùi khâu giày
giỏ liễu, giỏ liễu gai, cái giỏ liễu, cái giỏ liễu gai
ki, con ki, quả ki, ky, con ky, quả ky, chai gỗ
bánh răng nón
búa, cái búa
thiết bị bảo vệ, thiết bị an toàn
trại tị nạn, chỗ trú tạm, nơi trú tạm, nơi nghỉ tạm
mũ, nón, mũ nón
chỗ nghỉ, chỗ trọ, chỗ ăn ở, chỗ ở
nhà đồ chơi, nhà chơi của trẻ con
phụ kiện tóc, đồ đội đầu
thiết bị nổ tự chế, thiết bị nổ tự tạo, thiết bị nổ tự làm, thiết bị nổ tự chế tạo, I.E.D., IED
chiến đấu cơ, máy bay chiến đấu
kháng sinh, thuốc kháng sinh, thuốc diệt khuẩn, chất diệt khuẩn, thuốc sát khuẩn, chất sát khuẩn, thuốc kháng khuẩn, chất kháng khuẩn
vòng váy, cái vòng váy
chất tiệt trùng, chất tẩy trùng, chất khử trùng, thuốc tiệt trùng, thuốc tẩy trùng, thuốc khử trùng
sáo dọc, cây sáo dọc
miếng gảy đàn, miếng gảy
vòng nguyệt quế, vòng hoa chiến thắng
nhạc cụ điện tử, nhạc khí điện tử
nội thất văn phòng, đồ dùng văn phòng, đồ đạc văn phòng, đồ văn phòng
cửa sổ, ô cửa
shop quần áo nam, cửa hàng quần áo nam, shop nam
thiết bị báo động
đồ ăn uống
khăn trải bàn
sống tàu
bình thóp cổ, bình thắt cổ, bình cổ óp
dụng cụ bóng chày, dụng cụ môn bóng chày
cờ lê, cờ-lê, cái cờ lê, cái cờ-lê
sân tập gôn
thước chia độ, thước chia tỉ lệ
lò xo xoắn, lò xo xoắn ốc
cành chim đậu, nhánh chim đậu
giường bé, giường cho bé, giường của bé
kìm, kềm, cái kìm, cái kềm
vòng, vòng tránh thai
gác xép, gác mái
cốp, cốp xe, cốp sau, thùng, thùng xe
cầu chì, cái cầu chì
buồm, cột buồm
li uống rượu, cốc uống rượu, ly uống rượu, li rượu, ly rượu, cốc rượu
mấu, khớp, mấu nối, khớp nối
kẹp, kẹp tóc, cái kẹp tóc, cặp, cặp tóc
thùng sắt, thùng tôn, thùng
biểu tượng, biểu trưng, vật biểu hiện, vật thể hiện
sự biểu diễn, sự trình diễn
dụng cụ thể dục, thiết bị thể dục, đồ dùng thể dục
túi hứng bi
ban công
thẻ, thẻ đổi tiền
thiết lập tầm nhìn
bình, bình có quai
kim loại, tấm kim loại
máy li tâm, máy ly tâm
áo thầy tu
cuộn thuốc lá
chất gây nôn, thuốc gây nôn
kiếm, kiếm kị binh, kiếm kỵ binh, thanh kiếm kị binh, thanh kiếm kỵ binh
nhà máy quặng
điều khiển
dụng cụ chơi golf, dụng cụ chơi gôn
gạch
dải
hệ thống máy móc, hệ thống cơ khí
lưới gôn
trục, trục quay
giần, cái giần, sàng, cái sàng, rây, cái rây
máy tính, máy tính cá nhân, máy tính xách tay, PC
thiết bị chỉ báo
đèn chiếu sáng
công cụ tra tấn, dụng cụ tra tấn
bò, vải bò, jean, vải jean
quần áo lao động, bộ quần áo lao động
miệng chai, cổ chai, miệng, cổ
thuốc an thần nhẹ
thuốc gây mê tĩnh mạch
dụng cụ cricket, đồ chơi cricket, dụng cụ cricke, dụng cụ críc-kê
đường, đường đi
áo choàng
hoa văn hình hạt tròn, miếng gỗ dài có nhiều hạt tròn
mạch máy tính
khoá, vòng khoá
bồ đồ ăn
đá đỉnh vòm
ổ, phích, ổ cắm, phích cắm, ổ cắm điện, phích cắm điện
kim máy hát
thuốc, thuốc giảm đau
dụng cụ cứu hộ, thiết bị cứu hộ
xe motor hạng nhẹ, xe mô tô hạng nhẹ
vật bảo vệ
cân, cái cân
thùng rác, thùng đựng rác
ách, cái ách, cầu vai, đô áo
bể, bể chứa
tích kê, chỗ mạng, miếng mạng, miếng vá, miếng tích kê
chuông hoà âm, chuông chùm
mạch in
nơi đặt vũ khí
chất kích thích thần kinh, chất tác động thần kinh
cột sắc kí, cột sắc ký
dao nhíp, dao díp
bảng hiệu
hỗn hợp nổ
khuôn, cái khuôn
mồi câu giả
lỗ gôn
nhà thờ, nơi cầu nguyện
tháp chuông, gác chuông
ghế hội trường
nạo, cái nạo, duôi, cái duôi
mũi ghim, đầu ghim, đầu đinh ghim
cần trục, cần cẩu
đoạn đầu đài
mũ phụ nữ
phòng tắm, buồng tắm, nhà tắm
công cụ
hòm thư, thùng thư, hộp thư
hàng vải
thuốc kích dục, thuốc kích thích tình dục
đai, dây buộc
khăn vai
áo lễ, lễ phục
báo, tờ báo
kèn cornet, kèn coóc-nê
bè, cái bè
cột, trụ, cột trụ
xe kéo, xe bò, xe ngựa, xe động vật kéo
bộ phận, mảnh rời, phần tách ra
tranh, bức tranh, bức hoạ, bức vẽ
xe tuần tra, xe tuần tra của cảnh sát
máy tính, máy tính cầm tay
móc nồi, cái móc nồi
la bàn, cái la bàn
nhạc cụ có giăm kèm tự
ổ, ổ điện, ổ cắm, ổ cắm điện
quần áo ngoài, áo khoác ngoài
chuỗi hạt, xâu hạt
máy khách, nút mạng
chân ga
bay, cái bay
bộ giảm xóc, bộ phận giảm xóc
bảo tàng
bãi rào
lò luyện kim, xưởng luyện kim
chính điện, khu chính điện
hình sao
nơi linh thiêng
ghế đẩu
lò rèn, xưởng rèn
cà kheo
rèm
ren nối, khớp nối, coupler
kéo, cái kéo
bến, bến bờ, bến đỗ, bờ bến
bục, bệ, nền
đồ nam, trang phục nam, quần áo nam, quần áo đàn ông, quần áo con trai
miếng lót, miếng đệm, miếng đệm lót, tấm lót, tấm đệm lót, tấm đệm, đệm
cành hoa, nhành hoa, nhánh hoa
phần thêm vào, phần phụ, phần phụ thêm vào
bệ, bệ đỡ
mái đua, mái chìa, mái vẩy
quân bài, cây bài, con bài, lá bài
toa hàng, toa chở hàng, toa tàu chở hàng
quân cờ đam
quân nhu, binh nhu
hàm thiếc
dụng cụ đo dòng điện, thiết bị đo dòng điện
bàn xoa
đinh ghim, đinh bấm
tranh minh hoạ, hình minh hoạ, ảnh minh hoạ, hình vẽ minh họa, hình ảnh minh hoạ
xe tải
phấn má, phấn má hồng
kho vũ khí, kho quân giới
buồng ngủ
kính hiển vi, kiếng hiển vi
thuỷ phi cơ
phương tiện, công cụ
khoang hàng, khoang hàng hoá
cày, cái cày, cầy, cái cầy
khung kính cửa sổ
chày, chầy
khoá, khoá kéo, phéc-mơ-tuya
màu bột
phương tiện vận chuyển công cộng
bàn là, bàn ủi
băng, băng từ
rọ, cũi, bu, lồng
cọc gôn
hàng tiêu dùng, hàng dân dụng
bản in thử, ảnh in thử
hàng rào, rào, rào chắn
hệ thống vận tải
chốt, chốt súng, cái chốt, cái chốt súng
máy sao chụp, máy sao chép, máy nhân bản, máy Photostat, Photostat
sân sau
máy tính xách tay, notebook
vỏ, vỏ bọc
máy hô hấp, máy thở
phố, đường phố, con phố, phố xá, phố phường
cung, điện, cung điện, cung vua, cung vàng điện ngọc
hàng, hàng hoá, thương phẩm, mặt hàng, món hàng
lều, rạp, tăng
phông nền màn hình, màn hình nền, phông, nền màn hình
hải đăng, tháp hải đăng, ngọn hải đăng, đèn biển, nhà đèn
chiến hạm, quân hạm, thiết giáp hạm
hòm, cái hòm, rương, chiếc hòm, cái rương, chiếc rương
yên
xà cạp
máy gia tốc, xy-clô-trôn, máy gia tốc cộng hưởng từ
cà-vạt, cà vạt, ca-vát, ca vát, ca-ra-vát, caravat, caravát
dụng cụ làm sạch
toà thị chính
đồng hồ
nút thắt con bướm
chổi lông chồn zibelin, cọ lông chồn zibelin
liệu pháp acoustic, liệu pháp âm học
kéo tỉa, kéo cắt tỉa
lọ
mạch, mạch điện
mảnh, dải
kho bạc
bản gốc, bản chính
quần lót, quần chíp
sân, cái sân
bộ phận quay, bộ phận chuyển động
làn đường
mê cung, mê lộ
xe buýt, xe bus
cực âm, catôt, ca-tốt, cathode
son, son môi, son bôi môi
phòng thí nghiệm
ê-ke, êke, ê ke, thước ê-ke, thước êke, thước ê ke, thước vuông
mạng, mặt nạ, khẩu trang, mạng che mặt
biệt thự
khuôn, khuôn in, cái khuôn, cái khuôn in
mã, quân mã, con mã
xiên, xiên thịt, cái xiên, cái xiên thịt
pháo hoa, pháo bông, pháo thăng thiên
quạt điện
bồn, bồn rửa
đích, bia, mục tiêu, đích bắn
nếp gấp
kính bảo hộ, kính bảo vệ, kiếng bảo hộ, kiếng bảo vệ
gàu xúc, gầu xúc
lối đi
cuộn sơ cấp, dây sơ cấp, cuộn dây sơ cấp
chòi, cái chòi, căn chòi, chiếc chòi
thánh đường, cung thánh
vải kếp
động cơ phản lực
đuôi tàu
đèn cồn
trạm, điểm, đồn, đài
trại giam
vòi, vòi nước
vải lanh mịn
túi khí
gấm thêu kim tuyến
ống dẫn, ống dẫn dịch
Q, con Q, quân Q, quân bài Q, lá Q, lá bài Q
thiết bị điện
động cơ đốt trong, ICE
số ba
nơi chí thánh
cương, vòng cổ, dây cương, dây dắt
súng trường, khẩu súng trường
tàu thuỷ, tàu biển
đen trắng, ảnh đen trắng, hình ảnh đen trắng, monochrome
tàu siêu tốc, tàu nhanh, tầu siêu tốc, tầu nhanh
sàng thô, cái sàng thô
băng vệ sinh
bộ nhớ, bộ nhớ máy tính
mái vòm
xưởng
lò vi sóng, lò vi ba
mặt lát, mặt sàn
áo choàng ngắn, áo choàng vai
bát, cái bát, chiếc bát, chén, cái chén, chiếc chén
bệnh viện phụ sản
bia mộ
hệ thống bảo mật, hệ thống an ninh
băng
nồi, cái nồi
rô, con rô, quân rô, chất rô
nơi ẩn cư, nơi ở ẩn, nơi ẩn dật
bình lắc, bình trộn
kẹp giấy, cái kẹp giấy
trang thiết bị, đồ trang bị, đồ thiết bị, đồ đạc
gamma hydroxybutyrate, GHB
phòng họp quốc hội
hơi gây mê dạng hít
xà kép
dọi, quả dọi
khung gầm, sát-xi
lưới đánh cá, lưới bắt cá
bộ truyền động
xe đẩy, xe nôi, xe đẩy trẻ em, xe đẩy trẻ con
ấn phẩm
ổ đựng, ổ chứa
nhà lưu động, nhà di động
thuốc đỏ, merbromine, Mercurochrome
thùng, thùng nhỏ
ghế nệm
hành lang
quần âu
khe hở, lỗ hở, kẽ hở, lỗ hổng
máy phun, bình phun, bình xịt, bình phụt
luống
thùng hàng
cờ, lá cờ
ngựa gỗ
lá bản lề
hệ thống, mạng lưới máy tính
cơ cấu hạn chế, bộ hạn chế
rơ le
liềm, cái liềm, lưỡi liềm, hái, lưỡi hái
nơi trú ẩn, nơi ẩn náu, nơi ẩn nấp, nơi nương náu, nơi trốn tránh, nơi an toàn
thư viện, phòng đọc sách
boong, boong tàu
măng-tô, áo măng-tô
giếng dầu
bình chân không, phích, phích nước
bi, hòn bi, viên bi
bùa may, bùa may mắn
búa gõ, búa piano
gót giày, gót giầy
lớp gỗ mặt, lớp gỗ dán
bàn trang điểm, bàn phấn
hàng lậu
hình nộm
lót, đế lót, lót giày, đế lót giày, vật nâng cao chân
quần, quần dài
ô, ngăn
cơ, quân cơ
lớp
cầu dao
quần áo, bộ quần áo
cột chống
ca-táp, catáp, cặp đựng tài liệu
khăn tay, khăn mùi soa, khăn mu-soa
đoạn đường thẳng, quãng đường thẳng
bu-mơ-rang, vũ khí bu-mơ-rang
Thánh Giá, cây Thánh Giá, Thập Giá, cây Thập Giá, cây Thập Tự, Thập tự giá, thập ác
lễ phục, bộ vest, bộ vét
giác hút
chằng yên, dây chằng yên, dây chằng yên ngựa
quân sáu, con sáu, sáu
cồng, chiêng
giường xếp, giường gấp
gông, gông gỗ
sân vận động
khớp nối, khớp chuyển động
phần, mảnh, đoạn, mẩu
vật phẩm, đồ vật, đồ dùng, đồ
chuột, con chuột, chuột máy tính
hành lang, tiền sảnh, phòng chờ, phòng tiếp tân
chuông, cái chuông
sơn dầu
rạp chiếu phim, rạp chiếu bóng
dụng cụ lọc, thiết bị lọc
vết khía hình chữ V, vết khía hình chữ U, khía hình chữ V, khía hình chữ U
âm thoa
lỗ khoan, giếng khoan
mô hình, vật thu nhỏ
dầu gội, dầu gội đầu
mặt chính, mặt ngửa
dao găm
môi, muôi
máy quấn, máy cuốn
màu keo
đinh tán
két nước, két xả bồn cầu
chất
thuốc phiện, á phiện, a phiến, nha phiến
lựu đạn, quả lựu đạn
hậu, quân hậu
hàng giậu, bờ giậu
quyển, cuốn
phù hiệu, huy hiệu
hội trường, giảng đường
bộ nhớ đệm, bộ nhớ trung gian
ngư lôi, thuỷ lôi
áo giáp, giáp
thiết bị chụp ảnh
mỏ, mỏ khoáng sản
vòng tay, vòng đeo tay, dây chuyền đeo tay
đường sắt
sịp, quần sịp
vườn, khu vườn, vườn nhà
thân mũi khoan
ve áo
vật gia cố, đồ gia cố
tàu lặn, tầu lặn, tàu chiến lặn, tầu chiến lặn
thiết bị kiểm tra, máy kiểm tra, bộ kiểm tra
tụ điện, cái tụ điện
antimycin, chất kháng nấm, thuốc kháng nấm
túi, bao
đồ cổ, đồ xưa
đạn, đạn dược
đèn chớp
bàn ăn, bàn, cái bàn ăn, cái bàn
vật đúc
đường ray, đường sắt, đường tàu, đường rầy
ván, băng, thanh, ván ngang, thanh ngang
dây nóng, đường dây nóng, điện đàm
vòm
đũa, đôi đũa
gấm, vải gấm
then cửa, then cài cửa, then chốt cửa
dây nối
đế
tà vẹt
phòng tối, buồng tối, phòng rửa phim
phanh, c
áo lót, áo lót của phụ nữ, áo hai dây
mặt trước, mặt tiền, mặt ngoài
công cụ thi hành án
bass, kèn bass
ketamine, ketamine hydrochloride, Ketalar
máy làm khô, máy sấy
ma tuý loại nhẹ, ma tuý hạng nhẹ, ma tuý nhẹ
phòng giam, trại giam, buồng giam
dồ dưỡng da, kem dưỡng da
ghế đẩu, ghế nhỏ
khoang cá, buồng máy bơm
bao, bọc bì
hệ thống máy tính, hệ thống máy vi tính, hệ thống ADP, ADP system, ADPS
xà ngang
khung, khung căng, khung tranh
dụng cụ đo độ ẩm
hàng trắng, ma tuý
khăn choàng
lễ phục của quân nhân
máy chủ
máy thu, bộ thu, thiết bị thu
môi, cái môi, muôi, cái muôi, muỗng, cái muỗng, vá, cái vá
điêu khắc động, điêu khắc mobile, tác phẩm điêu khắc động, tác phẩm điêu khắc mobile
thân
cuộn
lỗ, ổ, hốc
máy phát
báng súng
ocarina, sáo ocarina
nến, cây nến
công trình kiến trúc, công trình, kiến trúc
lancet, lance, dao phẫu thuật
kho, nhà kho, bãi, bãi chứa
ga-rô, băng ga -rô băng nén mạch
lớp, tầng
găng tay, bao tay, tất tay
hàng, hàng hoá, thương phẩm, mặt hàng, món hàng
roi da, cái roi da
phím xoá, phím lùi, phím backspace
khuê phòng, buồng khuê
vỉ nướng, vỉ
máy tính số, máy tính hệ số, máy tính digital
nhạc cụ có một dây cung
vỏ
giày gỗ, guốc, guốc gỗ
giáo đường Do thái
cửa, cánh cửa, cái cửa
áo sơ mi, áo sơ-mi
nhà kho
sofa, xô-pha, xôpha, sô pha, ghế sofa, ghế xôpha, ghế xô-pha, ghế sô pha
nhà nghỉ, nhà trọ, quán trọ, khách sạn
thuốc kích thích, chất kích thích
xẻng
màng tránh thai, vòng tránh thai, màng tránh thụ thai
xuồng yôn
bánh xe đẩy
phòng khách
rạp xiếc
váy dạ hội, áo dài
cột, cột chống
cửa sổ
dụng cụ định dạng
giũa, cái giũa
bù nhìn, hình nộm
trành tập bắn, trành
rọ mõm, rọ bịt mõm, đai bịt mõm
máy quay
hào giao thông, giao thông hào
chòi, điếm
máy quạt gió
màn hình
khuôn giày, cốt giày
máy phát điện, máy phát
dụng cụ chơi cầu lông
xa lộ thông tin
nhiệt kế, nhiệt biểu
áo khoác không tay, áo khoác sát nách, áo khoác khoét tay
đường đua
nút
bóng ném, quả bóng ném, trái bóng ném
quân hai, con hai, hai
thuốc giảm đau
ổ cắm
toa nhiên liệu
thuyền, xuồng, đò, thuyền nhỏ, thuyền có mái chèo
quả tạ
bóng, quả bóng
chuông, quả chuông
loại, thể loại, loại thể, loại hình
cuốc, cái cuốc
tranh phong cảnh, tranh thiên nhiên, thể loại tranh phong cảnh, thể loại tranh thiên nhiên
tác phẩm kinh điển
vật cản, trở ngại, hạn chế, giới hạn, rào cản, vật cản trở
thiết bị
ảnh, ảnh bóng
thập tự giá, cây thánh giá
vô tuyến, mạng không dây
sườn ngang
dây đàn

đĩa mềm
thương, giáo, mâu, cây thương, cây giáo, cây mâu
đĩa ném
thanh bậc thang, bậc thang, bậc
tầng hai, tầng trên
ắc-quy, bình ắc-quy, bộ ắc-quy, bộ pin, bình tích điện, bộ tích điện
thanh ghi
vải
thùng, thùng thóc
thiết bị cài đặt
dây kéo, dây kéo ngựa, dây kéo xe ngựa, dây thắng
barie, ba-ri-e, ba ri e, vật chắn, chướng ngại vật, vật cản trở
tên lửa vũ trụ
dạ
mũi
bình nhiên liệu, bình chứa nhiên liệu
bi
buồng máy
li, ly, cái li, cái ly, cốc, cái cốc
phòng xử án, phòng xét xử
lưỡi lê
nhà xí, nhà cầu, nhà tiêu, nhà vệ sinh, hố xí
cảng hàng không
dụng cụ khoa học
lỗ, miệng
mảnh nhiễu xạ, lá nhiễu xạ, lá nhiễu ra-đa
dụng cụ kẹp
giáo, giàn giáo
mái hiên, mái che
bộ phận điều chỉnh, núm điều chỉnh
sàn khiêu vũ
công tắc
nhạc cụ dây, nhạc dây
tiện ích, đồ tiện ích, dịch vụ tiện ích
áo ngực, áo con, áo lót, nịt ngực, xu chiêng, xu-chiêng
lỗ súng
neo, cái neo, mỏ neo, neo tàu
bắc, phương bắc, hướng bắc
bột tan,
sân bay, phi trường, trường bay
lều, túp lều
ổ đỡ
nux vomica, thuốc nux vomica
bộ nhớ, RAM
hàng
nhẫn, chiếc nhẫn
nút, cái nút
gian, quầy, gian hàng, quầy hàng
hình, hình điêu khắc
iris, màn chớp tròn
bọc, gói
thước đo, thước
thuốc đạn
kho, kho hàng, khó hàng hoá, kho chứa hàng, kho chứa hàng hoá
dòng sản phẩm
cổng, cửa, cánh cổng, cái cổng, cổng vào
ve, ve áo
trại cải tạo, trải cải huấn
túi lớn, giỏ lớn
súng lục, súng ngắn
giá, kệ, vật chống, giá đỡ, kệ đỡ
thứ linh tinh, đồ linh tinh, vật linh tinh
vòng tay, vòng đeo tay, dây chuyền đeo tay
mẫu, mô hình
tên lửa đạn đạo liên lục địa
thắt lưng, dây lưng, cái thắt lưng, cái dây lưng
miếu, điện
chuông, chuông cửa
thiết bị lưu trữ, bộ nhớ
đầu ruồi
dây dọi
vải đan
đại lộ, quốc lộ, tỉnh lộ, tuyến đường chính, tuyến đường huyết mạch, đường giao thông chính, đường giao thông huyết mạch
lưới vợt, đầu đánh, đầu đập
dây, lạt, chão
tảng, nền, nền tảng
tẩu, tẩu thuốc
dây néo
sự nghiệp, sản phẩm, tác phẩm
van, cửa lò, van điều khiển
trạm nhiên liệu, trạm cung cấp nhiên liệu
ống, ống dẫn
mạng, internet, mạng toàn cầu, mạng internet
trại chăn nuôi, trại gia súc, trang trại chăn nuôi, trang trại gia súc
chì, chì kẻ, bút kẻ, chì kẻ mắt, bút kẻ mắt
vật cố định, đồ cố định
thảm, tấm thảm
tàu khách, tàu chở khách, tàu, tầu khách, tầu chở khách, tầu
ngòi, ruột, ngòi chì, ruột chì, ngòi bút chì, ruột bút chì
thuốc con nhộng, thuốc dạng viên nhộng, thuốc dạng viên nang, thuốc dạng viên con nhộng
ống, vòi, ống hút, vòi hút
thiết bị thu thanh, thiết bị thu âm, thiết bị ghi âm
vải giả da
thuốc nổ
đĩa từ cứng
đá, hòn đá, tảng đá, phiến đá
tất, vớ, bít tất
gỗ dán, gỗ ép
phông, nền, phông nền, cảnh nền
đê, đường đê, con đê, bờ đê
dấu nung, con dấu nung
tàu hành khách, tầu hành khách, tàu, tầu, xe lửa
trại cải tạo
đường băng, đường lăn, đường lane, đường lăn bóng bowling
đường ray, đường tàu, đường rầy
dây dợ
gậy đánh gôn, gạy đánh gôn
vật nặng, đồ nặng
tủ lạnh
đầu mối, đầu nối, chỗ nối, ngã ba, ngã tư
đài truyền hình
R-2, Mexican_valium, thuốc kích dục, thuốc kích dâm
tác phẩm nghệ thuật
đài phun nước, vòi nước, vòi phun
tác phẩm nghệ thuật
tổng, tổng số, tổng cộng
đại bác góc bắn cao
dải viền
trục quay, trục
đèn sân khấu
xe tang, xe đòn, linh xa
J, quân J, con J, quân bài J, lá bài J
ván lót
dùi cui, gậy tày
vật trám răng, chất trám răng, chất hàn răng, vật liệu hàn răng
sứ, đồ sứ, gốm sứ, đồ gốm sứ
tu viện
đèn, đèn chiếu sáng
tượng nhân sư
trống định âm
lớp lót giày, lớp lót giầy
đồ dùng, vật dụng, đồ dùng vật dụng
sợi, sợi dây
đu quay, đu quay trẻ em, vòng quay ngựa gỗ
trường mĩ thuật, trường mỹ thuật
đồ đan lát, rổ rá
thiết bị thu phát truyền hình
mã tấu, đại đao, thanh mã tấu, thanh đại đao
bàn ăn, bàn, cái bàn ăn, cái bàn
vòng xoáy, vòng xoắn, xoắn ốc, xoáy ốc, xoáy trôn ốc, xoắn trôn ốc
trại giam
vật che nắng, đồ che nắng
gỗ xây dựng, gỗ cây, gỗ súc
đường, lối, đường lối, lối đi, đường đi, đường vào, lối vào, đường ra, lối ra, đường ra lối vào, đường đi lối lại,
đèn pin
động cơ, máy động cơ
đĩa quang
tã, tã lót, bỉm
đinh, vít, ốc vít, đinh vít, đinh ốc
tù và
trụ, cột
tên lửa có điều khiển
nhà nguyện
hòm thư, hộp thư, thùng thư
thuốc lá, điếu thuốc lá
bóng bán dẫn, tranzito, bJT
cocain, cô-ca-in, cô ca in, côcain, thuốc phiện trắng
phụ kiện
thành phần
lao móc, cây lao móc
hầm mộ
que
hoả kế
đề tài, chủ đề, đối tượng
ba lô, balô, balo
giày cao cổ, gaiter, giày gaiter
công cụ làm vườn
khay, cái khay khay đựng
máy kinh vĩ, máy kinh vỹ
ấm, ấm nước, cái ấm, siêu, siêu nước, cái siêu
lỗ gôn, lỗ
mũi
bể, hồ
bom hẹn giờ
sofa giường, giường gấp
giày bao, giầy bao, ủng rộng
hộp chè, hộp trà
công ti vận tải, công ty vận tải
máy phỏng ảnh, kính lúp, kính khuếch đại
bông nhồi, ruột bông, ruột chăn, sợi độn
bướm gió, van gió
máy bay nhẹ hơn không khí
cần sa, ma tuý, thuộc phiện
bom xăng
lò xo
lá thăm, vật thăm, thăm, thẻ
áo lót nam, áo vệ sinh nam, áo may ô, may ô
xe phục vụ giải trí, RV, R.V.
áp tròng, kính áp tròng, contact, contact_lens
cửa ra vào
compa, com-pa
cưa, cái cưa
thuốc giun, thuốc tẩy giun, thuốc trừ giun
thuốc nhuận tràng
nhũ tương ảnh
phao bần, phao câu
máy bộ đàm, bộ đàm
lò hạt nhân, lò phản ứng hạt nhân, lò phản ứng nguyên tử
đường thoát, lối thoát, chỗ thoát, lối ra, cửa ra, lối thoát hiểm, cửa thoát hiểm
khoản, món
hoạ tiết trang trí
pháo cối, súng cối
chìa khoá vạn năng
thư viện
phòng hội đồng
máy quay, máy quay phim, máy quay truyền hình
khoan, cái khoan
trâm, trâm gài, trâm cài
thấu kính hội tụ, cái tụ sáng
búa máy
bàn ren
cuộn thứ cấp, cuộn dây thứ cấp
hình vẽ, bản vẽ, bức vẽ, tranh vẽ, hoạ tiết
boong trên
lọ
quân K, quân bài K, lá bài K
hầm giam, địa lao
thuốc khai sự thật
cột, trụ
lối vào, lối ra vào
đơn nguyên, khu nhà, khối nhà
ống tiêm, ống chích, xilanh, xi-lanh
máy bay phản lực, phản lực cơ
tràng kỉ, tràng kỷ, trường kỉ, trường kỷ, ghế tràng kỉ, ghế tràng kỷ, ghế trường kỉ, ghế trường kỷ
mảnh vải thừa, đầu vải thừa, mảnh vải lẻ
hào
ống, đường ống
kính tiềm vọng, kiếng tiềm vọng
cần bấm
máng, máng ăn
mũi đan
sáo, cây sáo, ống sáo
khớp li hợp
boong hở
ròng rọc, cái ròng rọc, pu li, puli, pu-li
mộ, mồ, mộ địa
nơi cư trú, nơi ở, nhà ở, nơi ăn chốn ở
hiệu sách, nhà sách, cửa hàng sách
bút trâm, cây bút trâm, cái bút trâm, chiếc bút trâm
kho, kho hàng, khó hàng hoá, kho chứa hàng, kho chứa hàng hoá
xô, thùng, cái xô, cái thùng
quần lót
nhiệt kế, nhiệt biểu
kính thiên văn, kính viễn vọng thiên văn, kiếng thiên văn, kiếng viễn vọng thiên văn
nẹp răng, niềng răng, dụng cụ nẹp răng, dụng cụ niềng răng
bảng điều khiển
dụng cụ nha khoa
bật phấn, dây bật phấn, dây phấn
kẹp, cặp, cái kẹp, cái cặp
cầu, cây cầu, chiếc cầu
máy in
xà tích, dây xà tích, sợi dây xà tích
răng bánh xe, đĩa răng
ống bọt nước, ống thuỷ, ống nivô, ống ni-vô
khe, khe hở, kẽ, kẽ hở
nền, sàn
tay lái, vô lăng, bánh lái
pin, pin điện hoá
phòng ăn
chỉ nha khoa, chỉ tơ nha khoa, chỉ y tế
máy tính lớn, máy tính cỡ lớn
phăng teo, cây phăng teo, quân phăng teo
ống thổi
sàn giao dịch
máy bay, phi cơ, tàu bay, tầu bay
tranh minh hoạ, hình minh hoạ, ảnh minh hoạ, hình vẽ minh họa, hình ảnh minh hoạ
lọ, bình
vải màn, màn
kiệt tác, tuyệt tác
mũi
máy ảnh, máy chụp ảnh, máy chụp hình
hiệu thuốc, nhà thuốc, cửa hàng thuốc
phần
nồi hấp
ống xả, ống thoát khí
chỉ nha khoa, chỉ tơ nha khoa, chỉ y tế
phòng bệnh
nam châm điện
sản lượng, thành phẩm, sản phẩm sau cùng
sáo
võng, cái võng
ảnh, hình, bức ảnh, tấm ảnh, tấm hình, bức hình
cầu thang, thang gác
tấm đỉnh cột, tấm đầu cột
đồ dùng, đồ gia dụng, đồ dùng gia đình
vũ khí phòng không
dây tóc, dây tóc bóng đèn
tên lửa, hoả tiễn
đồ cổ, di vật, di tích, di tích di vật
bản thu, bản ghi, bản thu âm, bản thu thanh, bản thu hình, bản ghi hình, bản ghi âm
đồ bộ, đồ mặc nhà, đồ ngủ, quần áo ngủ, pajama, pyjama
trục chính, trục tâm
cảng, hải cảng, cảng biển, cảng tàu, bến cảng
vách, tường, vách ngăn, tường ngăn, bình phong
đạn hoả mai
đồ hoạ, hình đồ hoạ, sản phẩm đồ hoạ
tu viện nữ
đục, cái đục
túi
bản sao chụp
dây dàn
dây thép gai, gây kém gai
giảm xóc, thiết bị giảm sóc, bộ giảm sóc, cái giảm xóc
trại trẻ mồ côi, trại mồ côi, cô nhi viện, mái ấm tình thương, mái ấm nhà mở
dùi cui, cái dùi cui
bàn tính, bàn tính Trung Hoa, bàn tính Trung Quốc
chày nghiền quặng, máy chày nghiền quặng
vật nhồi
cây, cuộn
khuôn đúc gang, cái khuôn đúc gang
bấc, cái bấc
cũi
pi-a-nô, piano, đàn pi-a-nô, đàn piano, dương cầm, đàn dương cầm
chân côn
tranh tĩnh vật
cống, ống thoát, ống thoát nước
bánh xe, bánh
chế hoà khí, bộ chế hoà khí, bình xăng con
quầy rượu
đồng hồ báo thức
con lăn, trục lăn
máng
sân bóng chày
truyền hình, hệ thống truyền hình
khuỷu, ống khuỷu, khuỷu nối ống
dao trộn
máy gặt
chuồng lợn, chuồng heo
chĩa, cây chĩa
len, vải len
gáy, gáy sách
ổ đạn
ca lô, mũ ca lô
điện cực dương
bao ngón tay
màu nước
khớp vạn năng, khớp nối vạn năng
album, anbum, anbom, an-bom
phà
ống nhòm
máy chém
máy công cụ
vỏ
khiên, mộc, cái khiên, cái mộc
chăn bông chắp vá, mền bông chắp vá
xích, dây xích
guốc
Levis, levis
hệ thống
máy bay cánh quạt
màng
khăn vuông chùm đầu
mặt ngược, mặt sấp
phèn, phèn chua, alum
ghế, cái ghế, chiếc ghế
khung thành, cầu môn
mũi kim, mũi khâu, mũi thêu
hè
băng, băng hình, băng ghi hình, video
quầy, quầy hàng, quầy giao dịch
lẫy khoá, cái lẫy khoá
giỏ khí cầu, giỏ khinh khí cầu
quang phổ kế
máy hút bụi
ngai, ngai vàng
lò đúc
lỗ hốc
máy phóng, máy phóng rốc-két
bao hình chân, bao bảo vệ hình chân
bên, bến tàu, bến cảng
pháo hiệu
bu lông, bu-lông, bulông, buloong, đinh ốc]
cặp, cái cặp, kẹp, cái kẹp, ghim, cái ghim
hộp diêm, bao diêm, hộp quẹt
hệ thống liên lạc vô tuyến điện
hàng giao sau
căng tin, phòng ăn
bìa, bìa sách
áo trùm hông, áo dáng dài
gile, áo gile, gilê, áo gilê, gi-lê, áo gi-lê
kim nam châm, kim từ tính, kim từ, kim chỉ hướng
ête
ống nhòm
dốc, mặt dốc
phanh, phanh xe, thắng, thắng xe
bảng hiển thị bảng tin, bảng thông báo
bến đỗ
bát chén, chén bát, bát, chén
bàn đạp
xe đạp
lao, cái lao
áo liền váy, váy liền áo
đế
kiểu dệt
răng
phần bịt đầu ngựa
bệnh viện tâm thần
đồn luỹ
vải dệt
viền, diềm, đường diềm, đường viền
máy phát vô tuyến, máy phát radio, máy phát rađiô, máy phát sóng radio, máy phát sóng rađiô,
túi du lịch qua đêm
săm, săm xe
văn bản, diễn ngôn
đường nối
đường, lối, đường đi, con đường, lối đi, đường lối, đường đi lối lại
gối, cái gối, chiếc gối
túi, cặp, ba lô, va li
dùi, cái dùi, máy dùi, kìm bấm, kìm nhổ đinh
trại hè
dây buộc, dây xỏ, dải buộc
trụ, trụ cầu, cột, cột cầu
amobarbital
áo tế, áo thụng, áo tu, áo xếp trắng
bào, cái bào, bào gỗ, cái bào gỗ
ống ngắm, ống ngắm súng
đường sắt, đường ray, đường tàu, đường rầy
đồ đậy, đồ phủ, đồ bao, đồ che, vật đậy, vật phủ, vật bao, vật che phủ, đồ che phủ
tang phục
dây đeo quần
đài phát thanh, đài truyền hình, đài phát thanh truyền hình, đài phát thanh và truyền hình
sự đổ nát, sự suy đồi
vật chồng lên, vật gối lên, vật đè lên
Xerox, máy Xerox, máy sao chép Xerox, máy photo Xerox
bơm mỡ, bơm dầu, ống bơm mỡ, ống bơm dầu, súng tra mỡ, súng tra dầu
đại phong cầm, đàn đạp hơi
túi dây rút, túi dải rút
bình, hũ
ví, bóp, ví tiền, bóp tiền
đường sắt, xe lửa, hệ thống đường sắt, hệ thống xe lửa, giao thông đường sắt
tất, vớ, bít tất
súng máy, súng tự động, súng liên thanh
hầm, đường hầm
đường sắt trên cao
tàu khách, tầu khách, tàu hành khách, tầu hành khách
vật trang trí kiến trúc
đường, lòng đường
tời, cái tời
trại tế bần, trại cứu tế, nhà tế bần, trung tâm bảo trợ xã hội
vật hình cầu, đồ hình cầu
dây
tàu tuần tiễn, tàu tuần dương
tàu chiến, tầu chiến, chiến hạm
đu, xà treo;, đu nhào nhộn
tác phẩm, sản phẩm
vũ khí, khí giới
kim khí, đồ kim khí, đồ ngũ kim, vật dụng kim loại
đối trọng, vật đối trọng
ví, bóp, ví tiền, bóp tiền, túi đựng tiền
bản phim
thắt lưng, dây lưng, dây thắt lưng, cái thắt lưng
đá lát, phiến đá lát
vật hỗ trợ, vật trợ giúp, vật gia cố
đĩa đựng thức ăn
trại nghỉ
vườn bách thảo, vườn ươm cây
dầu, dầu gió, dầu thoa, dầu xoa
tạ
bao cao su, áo mưa, condom
nhiệt lượng kế, dụng cụ đo nhiệt lượng
ống, vòi, ống dẫn, vòi dẫn
đường, lối, lối đi, đường đi, con đường, đường giao thông
trở ngại, vật cản, rào cản, vật cản trở
đĩa, cái đĩa, chiếc đĩa
đồ nghề, công cụ hành nghề, trang thiết bị hành nghề
tàu, thuyền, tàu thuyền
bập bênh, ván bập bênh
đường viền
khăn, khăn quàng, khăn quàng cổ, khăn choàng cổ
lược bí, lược dày, lược mau, lược răng khít
căn cứ, căn cứ quân sự
bài thuốc, phương thuốc, liệu pháp, cách chữa bệnh
hàng rào
quả táo yên ngựa, núm yên ngựa
chày, chầy, chày làm vữa, chầy làm vữa
máy chiếu, máy chiếu phim, máy chiếu hình
quan tài
vỏ không, thùng không, chai không, thùng rỗng, thùng trống
bục đấu giá
kim chỉ, đồ kim chỉ
buồng bếp, khoang bếp
mảnh đạn, mảnh bom
quân trắng
lỗ hổng, kẽ hở
xẻng, cái xẻng
xe tay, xe kéo, xe kéo tay
trang phục truyền thống
bản khắc
luống cày, rãnh cày
chăn bông, mền bông
máy xay, cối xay
kính râm, kính mát, kính đen, kiếng râm, kiếng mát, kiếng râm
đai truyền, đai truyền động
sứ, đồ sứ, hàng sứ
quân, quân bài
phên, liếp
đai truyền động
cocain cục, cocaine cục
bến tàu, bến
giếng, cái giếng, giếng khoan
bàn thờ, ban thờ, đàn tràng, bệ thờ
lúc lắc, cái lúc lắc, trống lắc, cái trống lắc
ghế bành
buồng giam, phòng giam, buồng giam giữ, phòng giam giữ
vật phủ
kíp, kíp nổ, ngồi nổ
kích, cái kích
quả tua, núm tua
liều, liều thuốc
hàng xuất khẩu
điều khiển, thiết bị điều khiển, cái điều khiến, remote
lọ hoa để trên cái bệ
xe cộ, phương tiện vận tải, phương tiện vận chuyển, phương tiên chuyên chở
nồi, cái nồi, chiếc nồi, xoong, cái xoong, chiếc xoong
pô, bô, ống pô, ống xả
nhà để ô tô, nhà xe, ga-ra, gara
dao rựa
chén thánh
thành tàu
mồi, mồi nhử
cọc, cọc rào
máy đo tốc độ, máy đo tốc độ tàu
spoon, gậy gôn spoon
thước dây
kho vũ khí đạn dược
hốc tường, lõm tường
quốc lộ, đại lộ, đường cái
pallium, áo pallium, áo Giáo hoàng
huy hiệu, phù hiệu
lều, túp lều
bóng đèn, bóng điện
mạng nhện, bẫy lưới, cạm bẫy
lều xiếc
nút bấm
mảnh da, miếng da, mẩu da
máy tính tương tự, máy tính tỉ biến, máy tính tỷ biến
nạng, cái nạng, chiếc nạng
nam châm
kẹp, ghim, cặp, cái kẹp, cái ghim, cái cặp
quần soóc, quần đùi, quần cộc
kèn cor, kèn thợ săn, kèn săn
áo cưới, váy cưới
cực dương, dương cực, điện cực dương, a nốt
dụng cụ chơi, dụng cụ chơi trò chơi
vợt, vợt tennis, vợt bóng quần, vợt ten-nít, vợt quần vợt
tranh thuỷ mặc, tranh màu nước
bàn, cái bàn, chiếc bàn
gông, giàn gông
tu viện
kéo, cái kéo
đàn lia
võ đài, vũ đài
vòi, vòi nước, khoá nước
dù, cái dù, dù nhảy
tàu chiến
ống dẫn, ống dẫn chất lỏng
động cơ diesel, động cơ điêzen, diesel, điêzen
bản đồ, địa đồ
thanh chống, thanh đỡ
đèn đốt, đèn dầu
đồng hồ, cái đồng hồ
đèn chớp, đèn nháy, đèn flash
đòn đám ma, bệ linh cữu
trục căng buồm
còi
thừng, dây thừng
dây kim tuyến
đạn pháo
vũ khí hạt nhân
vườn thú, vườn bách thú, công viên bách thú
tơ, lụa, tơ lụa
sơn mài
dây điện
sợi bông, sợi cốt-tông, sợi cotton
tay quay
bản sao, bản sao chép
tạp dề
vũ khí hạng nặng
súng tự nạp đạn, súng nạp đạn tự động
trực thăng, máy bay lên thẳng
đàn dây, chordophone
trục lăn, bánh lăn, con lăn
tấm kính, cửa kính
phòng, buồng, gian, nhà
trống cơm
đèn chiếu, máy chiếu, máy chiếu hình
tàu máy, ca nô, tầu máy
đập
vật đỡ lưng, vật tựa lưng, đồ đỡ lưng, đồ tựa lưng
thuyền ba lá, thuyền ba ván, thuyền tam bản
gọng, ổ đá
lá chắn, tấm chắn, vỏ bọc, vỏ bao, vỏ che
vật nối, khớp nối, khớp ghép, đầu nối
vòng đệm
đạn, tên lửa, hỏa tiễn, vật phóng, vật phóng ra, vật bắn ra
ghim, giập ghim, ghim giập, dập ghim, ghim dập
gạt tàn, cái gạt tàn, gạt tàn thuốc lá, tẩu hút thuốc, tẩu thuốc lá, nỏ thuốc, nõ thuốc
hình, hình thể
tu viện
áo khoác lao động, áo khoác bảo hộ, áo choàng lao động, áo choàng bảo hộ
vườn
thang cuốn, cầu thang cuốn
vĩ, cây vĩ
ống, vòi, ống dẫn, vòi dẫn, đường ống, đường ống dẫn
còng, còng tay, còng số tám
đồng hồ, đồng hồ đeo tay, cái đồng hồ, cái đồng hồ đeo tay
đường khâu
bản sao chụp, bản chụp
véc-ni sơn mài, vécni sơn mài, véc ni sơn mài, vec-ni sơn mài, vecni sơn mài, vec ni sơn mài
mễ, niễng, bộ ngựa, bộ chân
tủ ngăn kéo, tủ nhiều ngăn
tầng
amphetamine, am-phê-ta-min, thuốc kích thích
thùng butt, mông rượu, butt, pipe
đường vành đai
motel, nhà nghỉ có chỗ đỗ xe, nhà nghỉ có chỗ đậu xe
ống dẫn, ống khói, ống dẫn khói
đàn hạc, hạc cầm
thanh ray, đường ray
địa chấn kế, máy ghi địa chấn, máy ghi động đất, máy đo địa chấn, máy đo động đất
tay cầm
vòi, ống, vòi nước, ống nước
thanh
số dừng, số 0, số mo
satanh, satin, vải satanh, vải satin, vải xa tanh
sơn nước
tàu ngầm hạt nhân, tầu ngầm hạt nhân
vũ khí hoá học
ren, đường ren
vạc, cái vạc
quầy ăn
còng, xiềng, xiềng xích, gông cùm
máy bay nặng hơn không khí
vi xử lí, vi xử lý, bộ vi xử lí, bộ vi xử lý
nhà thờ, giáo đường
lớp màu nước
trang trại, nông trại
hộp đêm, bar, club
phim dương bản, bản dương
phòng em bé
kiệu, cáng, cái kiệu, cái cáng
máy chưng cất
khí cầu thám không, khí cầu
máy cạo râu, dao cạo điện, dao cạo râu điện
sổ nhật kí, sổ ghi chép, sổ ghi chép hàng ngày
chỗ ngoặt, chỗ quặt
nước hoa, dầu thơm
bồn cầu, bàn cầu, bệ xí, cầu tiêu, toa-lét
kính hiển vi điện tử, kiếng hiển vi điện tử
vồ, cái vồ
kèn oboe, kèn ô-boa, kèn ô boa, kèn ôboa
niềng, cái niềng, niềng răng, cái niềng răng
phòng bé, phòng trẻ em
cầu trượt, cầu tụt
hậu trường, phông cảnh cánh gà
xe lăn
bồn, bồn tiểu
bàn cờ, bàn cờ ô vuông
ma-nơ-canh, manơcanh, con canh, người nộm, người mẫu giả
màn hình hiển thị, thiết bị hiển thị, màn hình hiển thị hình ảnh, thiết bị hiển thị hình ảnh
nhà hàng, quán, tiệm, quán ăn, tiệm ăn, hàng ăn
nước bóng
bút, cây viết, viết, dụng cụ viết, đồ để viết
cột chống, thanh giằng
gương trang điểm, gương, gương soi, kiếng soi, kính soi
yên cương, bộ yên cương
máy cắt cỏ, máy xén cỏ, máy cắt, máy xén
nóc xe, nóc
ổ, ổ rơm
xe rờ moóc, xe đầu kéo, xe vận tải có toa dài
cuốc chim, cuốc nhọn
chất nổ, chất gây nổ
biểu đồ
băng tang
bảng đen
khí cầu, khinh khí cầu
trang phục, quần áo
đồ vệ sinh cá nhân
cống, ống cống, cống nước, cống rãnh
máy đo áp suất, máy đo độ chênh áp
máy
buồng lái, ca bin, cabin
hộp thoại
mái, mái nhà
vỉa hè, hè đường, hè phố, hè, lề đường, đường đi bộ
giao diện
miệng, mép
mỏ
bóng chày, bóng chầy, quả bóng chày, quả bóng chầy, trái bóng chày, trái bóng chầy
phòng, buồng, gian
kính vạn hoa, kiếng vạn hoa
xe bánh xích, xe có bánh xích
bệnh viện, nhà thương, trạm xá, bệnh xá
chòi
xe cắm trại, xe buýt cắm trại, xe bus cắm trại, xe tải cắm trại
bom H, bom hydro, bom khinh khí
áo cổ lọ, áo cổ cao
lưới ba lớp
máy thu phát, thiết bị thu phát
chân dung, bức chân dung
chăn, mền
sân thi đấu, sân
gôn, chốt, chốt gôn
thuốc, thuốc men, phương thuốc, thuốc chữa bệnh, dược liệu, dược phẩm
loa phóng thanh, máy phóng thanh, loa phát thanh, máy phát thanh
chợ, chợ trời, chợ ngoài trời
mái xuồng, mái dầm
khán đài
thành phần, bộ phận, linh kiện, phụ tùng
quân ba
rãnh, mương, hào, kênh
giấy bóng, giấy gói
máy xới
nắp, vạt
sofa nhỏ
thuỷ phi cơ, tàu bay
tranh khoả thân, tranh loã thể
cổ áo
giá, giá đỡ
kính quang phổ, kiếng quang phổ
phòng chờ, phòng đợi, phòng ngồi chờ
lò luyện sắt
bom, quả bom, trái bom
phòng bếp, nhà bếp, bếp
lọ thuốc
ghế tựa, ghế dựa
chung cư, khu chung cư
búp bê
quảng trường, agora
sân
gai, gai thép gai
giáp, giáp sắt
quân phục, binh phục
nút, cái nút
mìn mặt đất, địa lôi
bảng màu, bảng mầu, bảng pha màu, bảng pha mầu
tháp nhọn, tháp trên mái
máy hát
toà khách hàng
công cụ nhồi, máy nhồi
nút giao thông, đường giao
chĩa, cãi chĩa
phích, bình thuỷ, phích nước
bộ giảm chấn, bộ giảm âm, bộ giảm xóc
máy bắn đá, máy ném đá, máy lăng đá, máy phóng
rối, con rối
đồ đựng theo dung tích, đồ chứa theo dung tích
gáo
màn ảnh, màn hình, màn bạc
dấu, con dấu
mạng
cửa sổ máy tính, cửa sổ
vũ khí huỷ diệt hàng loạt
nhạc cụ lưỡi gà đơn
mũ tròn nhỏ không vành, chiếc mũ tròn nhỏ không vành
dụng cụ cầm tay, thiết bị cầm tay
xô, xô nạo vét
máy định hướng
xe điện, tàu điện
hệ thống sưởi, hệ thống sưởi ấm
urgo, băng gâu
phòng riêng
họng súng
xe đẩy, xe đẩy hàng, xe đấy hàng hoá
mạng nhện, màng nhện
mảnh
dao, con dao
bút bi
que kẹp tóc, kẹp ghim
bề ngoài, mặt ngoài
lỗ khoá
lưỡi gà
màu bột
dụng cụ chơi, dụng cụ chơi game, dụng cụ chơi trò chơi
organ, oócgan, oóc-gan, đàn organ, đàn organ keyboard điện tử, oóc-gan, đàn oóc-gan, đại phong cầm
tháp canh, tháp
pháo
giá, khung, giàn
roi, cái roi
đồn, bốt, đồn bốt
thuốc đắp
lỗ mở ánh sáng, khẩu độ ánh sáng, độ mở ánh sáng
bộ gió lò, bộ chế hoà gió
lề đường, vệ đường, hè, vỉa hè
khung tranh, khung
lô cốt
ô tô tải, xe tải, xe vận tải, xe goòng, xe chở hàng
chũm choẹ, cái chũm choẹ
rối, con rối
ghi đông, tay cầm, tay lái
hoàng đạo
quân đen, quân cờ đen
bộ biến năng, máy biến năng
kim khâu bao
kèn đồng
ngạnh
roi mây
giường, cái giường, chiếc giường
công cụ có lưỡi, dụng cụ có lưỡi
bàn phím, phím, bàn chữ
bu-gi, bugi, bu gi
xuồng, thuyền, đò, thuyền nhỏ
bưu phẩm, bưu kiện
diêm
ma tuý, ma tuý mạnh
máy móc, máy, thiết bị
cầu thăng bằng
móc, móc treo, giá treo
màn hình hiển thị, màn hiển thị, màn hình
chai, lọ, bình, be
bài
bi đông
thòng lọng
ga, nhà ga, trạm
mối hàn
rèm, màn, trướng
giày ống, giầy ống, bốt
kỉ vật, kỷ niệm, vật kỉ niệm, vật kỷ niệm, đồ kỉ nệm, đồ kỷ niệm, đồ lưu niệm, quà lưu niệm
kênh
chỗ ngồi
chèo, dầm, mái, mái chèo, mái dầm
cực lưới
ngói, ngói lợp
thuốc lắc, ecstasy
bóng, quả bóng, trái bóng, banh, trái banh
lực kế, dụng cụ đo lực
dụng cụ gảng dạy
cung, cung điện, cung vua, cung cấm
nhạc cụ phím, nhạc cụ phím bấm
thuốc kích dục, thuốc kích dâm, Rohypnol
bề ngang
hộp
hàng dệt kim
lốp, lốp xe
giá
hè, vỉa hè, lề đường
cầu phao, cầu nổi
kho, chuồng, chái, chái nhà, nhà kho
chỉ, sợi chỉ
hàng bền, hàng dùng bền, hàng xài bền
xuồng, xuồng máy, thuyền máy
xà rông
bành voi
ga-ra, ga-ra ô tô, xưởng sửa chữa, xưởng sửa chữa ô tô
đường cái, đường chung
bản giằng, thanh kẹp, má kẹp
lỗ
lỗ thoát khí, lỗ thông khí
lẫy, lẫy khoá
hòm
bóng bầu dục, quả bóng bầu dục, trái bóng bầu dục
máy tính xách tay, laptop, lép-tốp, máy vi tính xách tay
bình khí
chổi sể, chổi rễ
dụng cụ, đồ, thiết bị, công cụ
thư viện, phòng đọc sách, phòng thư viện
băng đạn
truy cập, thao tác truy cập
dụng cụ giả
khoan đá, cái khoan đá
mũ bê rê, mũ nồi
lớp phủ
bom thư
sân khấu biểu diễn
núm vú cao su, đầu vú cao su, núm vú giả, đầu vú giả, núm ti giả, núm ty giả
bộ chỉ huy, bộ chỉ huy quân sự
quầy bán đồ ăn nhẹ, quầy bán đồ ăn vặt, quầy bán đồ ăn nhanh
bề mặt, bề ngoài
tủ âm
quần tất, quần nịt
đường mòn, lối mòn
vật kính
đạo cụ
vi-ô-lông, viôlông, vi ô lông, vĩ cầm, đàn vi-ô-lông, đàn viôlông, đàn vi ô lông, đàn vĩ cầm
ống khói, đường ống khói
công tắc, cầu dao
sườn, gọng
biến trở, máy biến trở
tay dựa
tường rào
đài tượng niệm, đài kỉ niệm, bia tưởng niệm, bia kỉ niệm
sảnh, đại sảnh, phòng lớn
băng, gạc, băng vải
đồ nhôm, đồ nhôm gia dụng
chỗ làm, cơ quan, công sở
tay lái, vô lăng, vô-lăng
vạt áo
dầm gỗ, cái dầm gỗ
dây ruột mèo, chì catgut, chì cát - gút
thuyền kéo
sự bài trí, sự sắp xếp, sự bố trí, sự sắp đặt
vật làm ồn, vật gây ồn, vật hoạt náo, vật phát tiếng ồn, vật gây tiếng ồn
viện hàn lâm, viện nghiên cứu, trung tâm nghiên cứu, cơ quan nghiên cứu
van an toàn
bộ, bộ đồ, đồ nghề, bộ đồ nghề
nhánh, đường sắt nhánh
dây cung
tấm, phiến, miếng, tờ, lớp, lá
mạn trái
tấm chắn, tấm bảo vệ
đảo, cồn, cù lao
vô lăng, bánh lái
vòng, vòng tránh thai
tấm, biển, bản
ná, ná thun, giàng thun, giàn thun, súng cao su, ná cao su, ná cao su
thuyền buồm cổ
bản sao
đầu lọc
kháng sinh, thuốc kháng sinh
vòi, xịt, vòi nước, vòi phun, vòi xịt, xịt nước, vòi phun nước, vòi xịt nước
túi, bao, túi đựng
súng hơi
vòng cổ, dây chuyền, vòng đeo cổ, dây chuyền đeo cổ
tủ quần áo, tủ đựng quần áo
vành, cạp, đai, mép, gờ
hẻm, ngõ, ngách, ngõ hẻm, phố hẻm, đường hẻm, ngõ ngách
phòng triển lãm, phòng trưng bày, phòng trưng bầy
gậy, gạy, gậy chống, gạy chống, gậy đi bộ
chất khử trùng, chất diệt trùng, chất sát trùng, chất diệt khuẩn
ren, đăng-ten
giấy bọc, bìa bọc
khung, khung ảnh, khung kính
nhiết kế thuỷ ngân
lớp ngoài
băng dính, băng keo
điện trở, cái điện trở
quốc chim, cái quốc chim
hộp, bao, gói
gói nhỏ bọc nhỏ, túi nhỏ
plate
hasit, chất gây ảo giác
phi tiêu, cái phi tiêu
sân trượt
sà lan
hành lang
thành luỹ, thành, luỹ
mẩu vải, mẩu giấy
xi gắn, sáp niêm
thuốc gây tê, thuốc gây mê cục bộ
kéo cắt cỏ, kéo xén
máy chiếu kính ảnh
phần, bộ phận
nồi đất
hội trường
bộ ngắm, hệ ngắm, thiết bị ngắm
khối động cơ, khối xi-lanh, khối xy-lanh, thân máy
bánh răng nhỏ, bánh răng chuyền, pi-nhông
lâu đài, phủ, dinh cơ
khu thương mại, khu buôn bán, chợ
cúc, cái cúc, cúc áo, cái cúc áo, khuy, cái khuy, khuy áo, cái khuy áo
khúc, đoạn, tấm, thanh
dép quai hậu, dép có quai
vải liệm
vải bông
vòng nguyệt quế
mô hình, vật mô phỏng, vật bắt chước
gậy, ba toong, trượng
tu viện
ống máng, ống xối
dây thun, dây chun, dây cao su
máy móc, dụng cụ, công cụ, đồ dùng, thiết bị
trại lính
hàng, tiệm, cửa hàng, cửa tiệm, quán, shop
quần áo lao động, áo quần lao động, quần áo bảo hộ, áo quần bảo hộ, quần áo công nhân, áo quần công nhân, đồ bảo hộ, đồ bảo hộ lao động
mũ phớt
vòm, mái vòm
tơ nhện
đại bác, súng đại bác
phòng họp, phòng hội họp, phòng tụ họp
vũ khí
trại cải tạo, trại cải huấn, trại phục hồi nhân phẩm
thiết bị truyền âm, thiết bị khuếch đại âm thanh
tên lửa
đấu trường
khúc, khúc lượn, khúc cong
lớp váng, lớp màng, lớp bọt
chõ, nồi hấp, đồ hấp, chõ hấp, nồi chõ
nhà vườn, nhà nông thôn, nhà miền quê
gốm, gốm sứ, sành sứ, đồ gốm, đồ gốm sứ, đồ sành sứ, gốm sành gốm sứ
dây điện thoại, dây điện báo
thuyền nhỏ
quán rượu, quầy rượu, nhà hàng rượu
xà, rầm, dầm
móng, cơ sở, nền tảng, vật chống, cột chống
đại bác
dây cáp
nơ, nơ thắt, nơ con bướm, tai thỏ, nút tai thỏ, nút con bướm, nơ tai thỏ
đạn nổ
tẩy, cục tẩy, gôm, cục gôm
đồ chơi, món đồ chơi
tầng
số hai
đội tàu nhỏ
ban công
đui, máng
tấm vật liệu nhiều lớp
xe mô tô, xe mô-tô, xe máy, xe gắn máy
lõi, lõi từ
xi-lanh, xi lanh, xilanh, xy-lanh, xy lanh, xylanh
máy đánh trứng, máy đánh kem
trung tâm xử lí dữ liệu, bộ xử lí dữ liệu, đơn vị xử lí dữ liệu, CPU, C.P.U.
ống nhổ, ống
quân cờ
bình uống nước
đoạn, khúc
bệ tựa
sự truyền, sự truyền động
vợt, cái vợt
phòng mổ, phòng phẫu thuật, phòng giải phẫu, phòng mổ xẻ, OR
thành trì, pháo đài
khách sạn, nhà nghỉ, nhà khách
kim khâu
pin điện
quay, con quay
mái chèo
dụng cụ tránh thai, dụng cụ ngừa thai
cối xay, cối xay tay, cối xay quay tay
khinh khí cầu, khí cầu
hàng thứ phẩm, hàng lỗi, hàng loại, hàng không đúng quy cách
lan can, tay vịn cầu thang
dao, gươm, kiếm
dụng cụ chiến tranh
mái hắt
đồ tắm, đồ bơi, quần áo tắm, quần áo bơi
len thô, vải len thô
nhà, toà nhà
xẻng cầm tay
doanh trại
lốp ô tô, lốp xe ô tô
phím đàn, phím
yếm, yếm dãi, cái yếm dãi
xích đu, cái xích đu
loa, cái loa, loa phóng thanh
kem, kem dưỡng, kem dưỡng da
giếng trời, giếng thông gió
nền
giày trượt, giầy trượt, ván học
limousine, xe limousine, li-mu-din, xe li-mu-din, li-mô, xe li-mô
đá quý, đá quí, ngọc đá quý, ngọc đá quí
