quyến rũ, dụ dỗ, cám dỗ
chòng, ghẹo, chòng ghẹo, chọc ghẹo, trêu, đùa, trêu đùa, trêu chọc, đùa trêu
chúc mừng, chúc hạ, khen ngợi, ngợi khen, ca ngợi
hoà giải, giải quyết, dung hoà
lặp lại, nhắc lại, nhại, nhại lại, bắt chước lại
rủa, chửi, chửi rủa, nguyền rủa
khai sáng, khai tâm
trách mắng, trách móc, mắng mỏ, quở trách
bảo đảm, đảm bảo, cam đoan
biết ơn, ghi ơn, nhớ ơn, cảm ơn, cảm tạ
đưa ví dụ, cho ví dụ, lấy ví dụ, dẫn chứng, dẫn ra
ép, thúc ép, thúc giục, gây sức ép
nói huyên thuyên, nói luyên thuyên, nói lải nhải, nói dài dòng, nói một thôi một hồi, nói huyên thuyên xích đế
khảo sát, điều tra, nghiên cứu
cất lên, thốt lên, lên tiếng, thốt ra
suy ra, luận ra, suy luận, suy diễn
xếp, xếp đặt, sắp, sắp đặt
nói liến thoắng, nói liếng thoáng, nói tía lia, nói luôn miệng
bảo vệ, bênh vực
hỗn láo với, láo xược với, hỗn xược với
triệu đến, gọi đến, triệu kiến
xác nhận, chấp nhận, phê chuẩn, công nhận
mua chuộc, hối lộ, chạy
cúi đầu, cúi mình
thề, nguyện, thề nguyện, thề nguyền
mách, mách nước
báo, báo hiệu, báo trước, chỉ báo
đổ lỗi, đổ tội, buộc tội, đổ thừa
chào mừng, chào đón, đón chào, tiếp, tiếp đón, đón tiếp
nêu ra, đưa ra, nói ra
chứng nhận, chứng thực, công nhận, nhận thực
rú, rít, gầm, gầm rú, gầm rít, rít rú
phô trương, khoe khang
ra lệnh, yêu cầu, chỉ thị
ra lệnh, sai khiến, yêu cầu
kết luận, quyết định
ra lệnh, chỉ thị
khiển trách, chỉ trích, trách cứ, trách móc, trách mắng, trách than
ám chỉ, hàm ý, ý nói, ngụ ý, bao hàm, hàm chứa
thú tội, thú nhận, đầu thú
hét lên, hét to, hét toáng lên
ra dấu, ra kí hiệu, kí hiệu
nghi, ngờ, nghi ngờ, nghi rằng, ngờ rằng
huỷ hoại thanh danh, huỷ hoại danh tiếng, làm tổn hại thanh danh, làm tổn hại danh tiếng
càu nhàu, ca cẩm, phàn nàn, kêu ca
hăm doạ, hù doạ, đe doạ, đe nẹt
hùng biện, diễn thuyết, thuyết trình
rất tiếc về, rất lấy làm tiếc về
kêu the thé
trình bày, bày tỏ
hú, rú, tru, rú lên, tru lên
quy tội, buộc tội, cáo buộc
đề xuất, đề xướng, đề nghị
chỉ huy, lệnh, ra lệnh
hát thoải mái
bắt chuyện, bắt chuyện với, nói với, nói chuyện với
nói, nói ra
liên kết, liên lạc, nối, kết nối, nối mạng, tạo mạng lưới
rút khỏi, rút lui, rút lại, lấy lại
liên lạc với, liên hệ với, đến với
dụ dỗ, cám dỗ, quyến rũ, mê hoặc, bỏ bùa, làm cho mê muội, làm cho mê mẩn, bỏ bùa mê thuốc lú, làm cho mê muội, làm cho mê mẩn, bỏ bùa mê thuốc lú
van nài, van xin, nài xin, nài nỉ, van vỉ
líu lo, ríu rít, kêu líu lo, hót líu lo, kêu ríu rít
cực lực lên án, kịch liệt phản đối, phản đối kịch liệt, lên án kịch liệt
nói thé, nói the thé
nhận là, tuyên xưng, tự xưng là, tự nhận là,
nhìn, ngó
phá lên, bật lên, oà lên, thốt lên
điện, đánh điện, đánh dây thép
dẫn giải, giải thích, thanh minh, trình bày
hứa, hẹn, hứa hẹn, cam đoan, cam kết, hứa như đinh đóng cột
ghi, quay, chụp, thu, ghi hình, quay phim, chụp ảnh, thu hình
than, than thở, than vãn, thở than, than thân trách phận
cho, cho phép, chấp nhận
đặt tên, lấy tên
bắt phải, ắt phải, tất phải
thương lượng, đàm phán
bỏ qua, bơ, phớt lờ, phớt tỉnh, cho qua
cho
biện hộ, bào chữa
liên lạc từ xa, kết nối từ xa
xen vào, chen vào, xía vào, chõ vào, chõ mồm vào, chõ miệng vào, đế vào
xin, van, nài, cầu xin, khẩn cầu, van xin, van nài, nài xin, nài van, khẩn cầu, van lơn
tượng trưng, biểu tượng, biểu trưng, có nghĩa, mang nghĩa
nịnh, nịnh bợ, nịnh hót, xu nịnh, xiểm nịnh, siểm nịnh, phỉnh nịnh, bợ đỡ, xum xoe
tiếp cận, tiếp xúc
biểu lộ, chứng tỏ, biểu thị
kinh ngạc, bất ngờ
gọi, gọi tên, định danh, kêu, kêu tên, định tên
tố, tố giác, tố cáo
cãi vặt, cãi vụn, cãi vã vụn vặt, cãi vã lặt vặt
tự hỏi, băn khoăn, thắc mắc, hoài nghi, lấy làm lạ
gửi, gởi, chuyển, chuyển đi, truyền đi, truyền
vui, vui vẻ, vui lên, vui vẻ lên, vui tươi lên
chuyển tự, , đổi chữ, chuyển chữ
làm nổi, làm đậm, làm nổi đậm, làm đậm nổi, làm nổi bật
thông báo, gửi thông báo, gửi thông điệp, gởi thông báo, gởi thông điệp, chuyển thông báo, chuyển thông điệp, gửi thông báo đến, gửi thông báo cho, gửi thông điệp cho
thốt ra, buột ra, nói buột ra, văng ra
gợi, gợi lên, gợi mở, gợi lại, trở lại, tái diễn, xuất hiện, hiện ra, hiện về
tóm tắt, trích yếu
trả lời được
tiến cử, đề cử, đề xuất, đưa, đưa lên, đưa ra
tuyên bố, tuyên cáo
bơ, lơ, lờ, phớt, phớt lờ, bơ đi, lơ đi, lờ đi, bỏ bẵng, bỏ ngoài tai
nêu, nêu lên, đưa ra
bỏ bùa, làm phép, phù chú, đặt bùa
hỏi, đặt câu hỏi
phỉ báng, bỉ báng, chê bai, nói xấu, bôi nhọ, bôi xấu, xúc phạm danh dự, làm mất danh dự
cảnh báo, báo động
hướng dẫn luật
diễn đạt sinh động, thể hiện sinh động
vào bài, dẫn nhập, giới thiệu, mào đầu, dẫn vào bài
chửi, chửi rủa
giới thiệu, mở đầu, bắt đầu, dẫn nhập
doạ, doạ dẫm, đe doạ, doạ nạt, hăm doạ
nói không thật, nói dối, nói giả vờ, nói quanh co
bằng lòng, đồng ý, ưng thuận, chấp thuận, chấp nhận, tán thành
ầm ừ, ậm ừ
khen, thưởng, khen thưởng
láy, luyến láy
báo, thông báo, nói
quảng cáo, quảng bá
lăng xê
xin lỗi, cáo lỗi, tạ lỗi
mê hoặc, thu hút, hấp dẫn, cám dỗ
kí kết, ký kết
là khách quen của, là khách ruột của, hay lui tới, hay lui đến, thường lui đến, thường lui tới
nói lóng, chửi lóng
chào nghi thức, chào theo nghi thức, chào nghi thức quân đội
ám chỉ, có ý, bóng gió, ý, nói xa xôi,
bi bô, bập bẹ, bi ba bi bô
đoán chừng, lượng chừng, ước lượng
rú lên, hú lên
nói bóng gió, nói ám chỉ, nói bóng nói gió
tâng bốc
kích động, xúi giục, xúi bẩy
chơi hết mình, chơi tới bến, vui chơi tới bến, vui chơi hết mình, vui chơi thoải mái, vui chơi thoả thích, vui đùa thoả thích, chơi đùa thoả thích, nô đùa đủ kiểu,
thương lượng, thoả thuận, điều đình
giả vờ, giả bộ, giả đò, giả tảng, làm bộ, giả vờ giả vịt
ước, mong, muốn, mong ước, ao ước, ước mong, ước muốn
hoà giải, giải hoà, giảng hoà, làm trung gian, làm môi giới
đọc thuộc lòng, tụng
đoán, tiên đoán
phản chiếu, phản ánh
bày tỏ, biểu lộ, bộc lộ, thể hiện, biểu thị, biểu hiện
cam kết tài trợ, cam kết hỗ trợ, cam kết trợ cấp, hứa hẹn tài trợ
nói quá, cường điệu, phóng đại, ngoa dụ, cường điệu, thổi phồng, khoa trương
nói, nói ra, tiết lộ, tiết lộ ra
tìm, tìm ra, xác định, tìm tòi ra, khám phá ra, phát hiện ra
chiều, thận trọng, hiểu ý, biết ý
tuyên bố, tuyên bố chắc chắn
vô tình nói ra, vô tình tiết lộ, vô tình làm lộ, vô ý nói ra, vô ý tiết lộ, vô ý làm lộ, sơ ý nói ra, sơ ý tiết lộ, sơ ý làm lộ
kiêu, tự hào, kiêu hãnh, hãnh diện, kiêu ngạo, ngạo mạn, kiêu căng, tự kiêu
gửi, gởi, gửi gắm, gởi gắm, gửi nhờ, giao phó, phó thác
chuốt, trau chuốt, đẽo gọt, gọt dũa, gọt giũa, mài dũa, mài giũa
tranh cãi, cãi cọ, cãi vã, cãi lộn, bàn cãi gay gắt
gửi bảo đảm, gửi an toàn, gởi bảo đảm, gởi an toàn
thư từ, viết thư, gửi thư, biên thư, trao đổi thư từ, thư qua thư lại, mail
gọi, kêu, kêu gọi
thống nhất, đi tới thống nhất, đi đến thống nhất
sỉ nhục, lăng mạ, lăng nhục, nhục mạ, thoá mạ
giải thích, giải thích lại, pa ra phrei lại
yêu cầu, đòi hỏi
cầu hôn, hỏi cưới, xin cưới
lảm nhảm
nhạo, giễu, chê, chê cười, chế nhạo, chế giễu, giễu cợt, nhạo báng
truyền, lưu hành, tuyên truyền, truyền bá, quảng bá, phân phát, truyền đạt, phân tán
kí, ký, kí tên, ký tên, kí kết, ký kết
làm dịu, giảm nhẹ, tiết chế, làm mềm dịu
giả mạo, làm giả
giới thiệu
điều tra, tìm hiểu, thẩm cứu, thẩm tra, tra cứu, điều tra nghiên cứu
có số, có số mệnh, có thiên số, có thiên mệnh, có tiền định, trời quyết
tha, tha thứ, tha tội, tha lỗi, xá tội, khoan dung, thứ lỗi, thứ tội
thông báo, gửi thông báo cho, gửi thông điệp cho, gửi thông điệp đến, gởi thông báo, gởi thông điệp, chuyển thông điệp, chuyển tín hiệu, gửi tín hiệu
đuổi, đuổi ra, thải hồi, sa thải, đuổi thẳng cổ, tống cổ, tống khứ, trục xuất
tóm tắt
thề, thề nguyền, thề danh dự
làm hại, làm tổn hại, làm thiệt hại, làm hư hại
tuyên truyền, truyền bá
rò, rỉ, rò rỉ
định hướng
cảnh báo, báo, báo trước
ghi chi tiết
viện, viện dẫn, viện cớ, lấy cớ, dẫn chứng
gọi tên, định danh, đặt tên
chối, khước từ, cự tuyệt, chối từ, từ chối
gọi, kêu, kêu gọi, gọi tìm, tìm gọi, gọi về
đối chất, đối chứng, chống lại
tuyên bố, công bố
thủ thỉ, rủ rỉ, thỏ thẻ, thì thầm, thầm thì
khai thông, khai sáng, làm sáng tỏ
giao, phân, phân công, giao cho, phân cho
làm vị từ, là vị từ
yêu cầu, đề nghị
đưa tin, ghi tin, lấy tin, làm tin, ghi lại tin tức
trao, ban, dâng, tặng, giao, trao tặng, ban tặng, dâng tặng
giải quyết, dàn xếp
thổ lộ, bộc bạch, giãi bày, chia sẻ, bày tỏ
đày xuống địa ngục, lưu đày xuống địa ngục
đòi, yêu cầu
bỏ bùa, phù phép, phù chú, làm bùa, đặt bùa, làm phép
thể hiện, cho thấy, nói, nói ra
bội giáo, phản giáo, bỏ đạo, bỏ đảng, bỏ phe, phản bội
bênh, binh, ủng hộ, bênh vực
than, than thở, thở than, than phiền, than vãn, kêu ca, ca thán, ca cẩm, thở ngắn than dài
toát lên, nói lên, toát ra
tán dương, ca ngợi, biểu dương, khen ngợi, tuyên dương
dán, đăng
xác định, định vị, nhìn nhận
bao quát, đề cập
thừa nhận, công nhận, thú nhận
tán, ve vãn, tán tỉnh, chim chuột, giở trò chim chuột, giở trò ong bướm, giở thói trăng hoa
giải, đọc, dịch, tìm, giải mã, đọc mã, dịch mã, tìm mã, giải mật mã, đọc mật mã, dịch mật mã, tìm mật mã
tha thứ, tha lỗi, bỏ qua, cho qua, tha tội, khoan dung
được chiếu, được lên sóng, được phát sóng
ấp úng, ngắc ngứ, ấp a ấp úng, lúng búng, nói ấp a ấp úng, nói lúng búng, nói ngắc ngứ
ủng hộ, bênh vực
nài xin, van xin, nài nỉ, cầu khẩn
định kích thước, đo kích thước
tuyên bố thẳng
phá lên, oà lên, đột nhiên
sủa, cắn
đùa, trêu, trêu đùa
dùng, sử dụng, áp dụng
lẩm bẩm, lẩm nhẩm, lầm bầm, lí nhí, rì rầm, nói lầm bầm, nói lẩm bẩm, nói lẩm nhẩm, nói lí nhí, nói rì rầm
viết lại, sáng tác lại
thử, xét nghiệm, phân tích, thí nghiệm, thể nghiệm, kiểm nghiệm, khảo nghiệm
gật, gật đầu
làm chủ bút
ngâm, ngâm thơ
đòi, đòi quyền, yêu cầu
đủ khả năng, đủ điều kiện, đủ tư cách, đủ tiêu chuẩn
thuyết giáo, thuyết pháp, giảng đạo
nói, nói ra, bày tỏ, biểu đạt, diễn đạt, thể hiện
thức tỉnh, cảnh tỉnh
giới thiệu, miêu tả
hét lên, gào lên, lớn tiếng, to tiếng
khen, khen ngợi
nhượng bộ, chiều theo, làm theo, nghe theo, thuận theo, tuân theo
chào mừng, chào đón, hoan nghênh, vui mừng chào đón
ghi, ghi lại, lưu lại
báo cáo
buộc tội, kết tội
khuyên, bảo, khuyên bảo, bảo ban, dạy bảo, khuyên răn, chỉ bảo
phản bác, bác lại, bác bỏ
giữ, đặt trước
buộc tội, cáo buộc, tố cáo
phỏng vấn
tranh cãi, tranh luận, tranh biện, bàn cãi, biện luận, cãi nhau, cãi lộn, cãi cọ
nghiên cứu
nói chuyện thẳng thắn, thảo luận thẳng thắn, nói toạc móng heo
chối, chối bỏ, từ bỏ, từ chối, không nhận
bào chữa, biện hộ, biện minh, chứng minh, minh chứng, chứng thực, đảm bảo, bảo chứng
phạt, phạt tội, trừng phạt, đưa ra lệnh trừng phạt
phát sóng
nói chuyện, trò chuyện, chuyện trò, đàm thoại
nêu trước, trình bày trước, đưa ra trước, nói trước
cho thấy, thể hiện, biểu hiện, bộc lộ
cố gắng liên lạc, cố liên lạc
miêu tả, mô tả, trình bày, diễn tả
coi tệ, coi không ra gì, không coi ra gì
thông báo, báo, cho biết, cho hay
cộng, tính tổng, gộp, cộng gộp, lấy tổng
chuyển điệu, chuyển giọng, đổi điệu
bàn luận qua, thảo luận qua, bàn luận qua loa, thảo luận qua loa
trinh sát, trinh thám, do thám, dò thám, tuần thám, thám thính, bí mật theo dõi, bí mật điều tra
xin, nài, van, cầu xin, nài xin, van xin, nài van, van nài
rà soát, tuần tra
xin, xin miễn, xin miễn cho, xin tha cho, xin được miễn, xin được tha, khẩn cầu được miễn, xá miễn
xin
phát triển lại, xây dựng lại, tái phát triển, phục hưng, qui hoạch, quy hoạch
bùng nổ, nổ bùng
kể chuyện, tường thuật
đặt biệt danh, đặt biệt hiệu, đặt tên tục, đặt tên lóng, đặt tên cúng cơm, đặt tên tục
nói rõ, làm rõ, nói cho rõ ràng
đưa ra ánh sáng, vạch mặt, phơi bày, lật tẩy, để lộ chân tướng, phát giác, phát lộ, phanh phui, bóc trần, vạch trần, vạch mặt chỉ tên
cảnh báo, báo trước
dụ, dỗ, cám dỗ, dử, nhử, gạ gẫm, rủ rê
kết luận, suy ra, luận ra, hiểu là
nói, nói ra, nói lên, bày tỏ, biểu đạt, phát ngôn
khiến, khiến cho, dẫn đến
biểu thị, chứng tỏ, cho thấy
giảm, làm giảm, giảm bớt
ra vẻ ta đây, ra vẻ vênh váo, ra vẻ tự đắc
dịch, chuyển mã
reo mừng, reo lên
nói lái, nói giảm nói tránh, diễn đạt bằng lối nói trại, diễn đạt bằng nói trại, diễn đạt bằng uyển ngữ
kêu gọi, ra lệnh, ra chỉ thị, yêu cầu, ra yêu cầu
đặc tả, khắc hoạ
doạ, doạ dẫm, đe, đe doạ, hăm doạ, doạ nạt
điều đình, thương lượng, dàn xếp, nghị hoà, đàm phán
nói khó hiểu, nói bí ẩn, nói ẩn ý, nói mập mờ
báo, báo tin, thông báo, loan báo, thông tin, cung cấp thông tin
ban thánh thể
để lộ, tiết lộ, phơi bày, bóc trần
chỉ, trỏ, chỉ hướng, trỏ hướng, chỉ đường, trỏ đường, chỉ dẫn, hướng dẫn
chê bai, xem thường, coi thường, coi khinh, coi nhẹ, coi rẻ, miệt thị
thét, hét
đương đầu, đối mặt, đương đầu với, đối mặt với
phản ánh, cho thấy
bác, bác bỏ, gạt bỏ, bẻ lại
kê khai
quay số
nêu chi tiết, trình bày chi tiết, kể chi tiết, nêu cụ thể, trình bày cụ thể, đi vào cụ thể
giả sử, giả định, giả thiết, cho rằng, giả như, giả thử, giả tỉ, ví thử
viết tay
làm chứng, chứng nhận, làm chứng cho, chứng nhận cho
bất đồng, không đồng ý, không đồng tình
cho nghỉ, để nghỉ, cho nghỉ ngơi, để nghỉ ngơi
nịnh, nịnh hót, nịnh nọt, nịnh bợ, xiểm nịnh, xun xoe, liếm gót
thảo luận, bàn bạc, bàn luận, luận đàm, đàm luận
gửi tin bằng ra-đi-ô, gởi tin bằng ra-đi-ô, thông tin bằng ra-đi-ô, phát thanh bằng ra-đi-ô; đánh điện bằng ra-đi-ô, truyền tin bằng ra-đi-ô, chuyểntin bằng ra-đi-ô, phát tin bằng ra-đi-ô, phát sóng tin bằng ra-đi-ô
làm dấu, làm dấu thánh
dính vào chuyện người khác, xía vào chuyện người khác
tượng trưng, biểu trưng, tượng trưng cho, biểu trưng cho
tạm gác lại, tạm để đó, tạm bỏ đi
tạm chấp nhận, tạm chấp thuận
gặp được, nối được, kết nối được, kết nối được với, liên lạc được với
ấn phím shift, gõ phím shift, ấn, ấn phím, gõ, gõ phím
liên lạc, nối, kết nối, liên lạc với, bắt liên lạc
trói buộc, bắt buộc, cưỡng bách
loại, truất, truất quyền, bỏ, loại bỏ
vô tình để lộ, vô tình làm lộ, vô tình tiết lộ, vô ý để lộ, vô ý tiết lộ, vô ý làm lộ, sơ ý làm lộ, sơ ý tiết lộ, sơ ý để lộ
biểu lộ, bày tỏ
từ chối, chối từ, khước từ, cự tuyệt, không muốn
đưa, đưa ra, nêu, nêu ra
rống
lạo xạo, xào xạo
lớn giọng, cao giọng
cân nhắc, đắn đo, chần chờ, chần chừ, do dự, lần chần, lần khần, lưỡng lự, ngần ngừ, phân vân, trù trừ
nói mập mờ, nói lập lờ, nói quanh co, nói vòng vo, nói úp mở, vòng vo tam quốc
xác minh, xác định, xem xét, kiểm tra, biết chắc tìm hiểu rõ ràng, tìm hiểu chắc chắn
nói to, nói to lên
quả quyết, khẳng định, tuyên bố
nói, phát biểu, diễn thuyết, thuyết giảng
truyền đạt, truyền tải, truyền tin
huýt, huýt gió, huýt sáo
công nhận, xác nhận
bỏ đạo, từ bỏ đức tin, từ bỏ tín ngưỡng, từ bỏ tôn giáo, từ bỏ giáo lí, từ bỏ giáo lý
phiên âm
biến cách
truyền cấp tốc, hoả tốc truyền đến
ra nghị định, ra sắc lệnh, ban sắc lệnh
nói đều đều, nói giọng đều đều, nói không ngữ điệu
nói tới tấp, phản ứng tới tấp, nói một thôi một hồi, nói như nã pháo
huýt sáo, huýt gió
quát, quát tháo, quát nạt
quảng cáo rùm beng
rao, công bố, thông cáo, tuyên bố, tuyên cáo
xác nhận, khẳng định, quả quyết, viện, viện lẽ, viện cớ
gào, gào thét, gào khóc, gào lên, la hét, kêu gào
kí tắt, ký tắt, kí nháy, ký nháy, kí đằng sau, ký đằng sau, kí hậu, ký hậu
phản ánh, cho thấy
đề nghị, đề xuất, đưa ra, đưa ra để thảo luận
ủng hộ, cổ xuý, cổ suý
xác định, khẳng định, cho thấy, xác nhận
xưng tội, thú tội, sám hối
trao quyền, giao quyền, cho quyền
tán dương, tán tụng, khen ngợi, ca tụng
chi tiết hóa, cụ thể hoá
nhờ, nhờ cậy, kêu gọi, cầu viện
tuyên bố, công bố, lên tiếng
kéo theo, ngụ ý
tiếp, tiếp lời, nói tiếp, tiếp tục
thốt ra
giễu, chế nhạo, giễu cợt, chế giễu, nhạo báng, châm biếm
phịa, vu vạ, vu oan, vu khống, vu cáo, vu tội, đổ tội, đổ oan, bịa chuyện, bịa đặt, vu oan giáng hoạ
cấm, ngăn, ngăn cấm, ngăn cản, cấm cản
đọc giọng mũi, nói giọng mũi, phát âm mũi, phát âm giọng mũi
tha, tha thứ, tha tội, tha lỗi, xá tội, khoan dung, khoan hồng, khoan ái, lượng thứ
tán gẫu, nói chuyện phiếm
nói ngọng
gật đầu ra hiệu, vẫy tay ra hiệu
bóp méo, xuyên tạc, ngụy tạo, làm sai lệch
ghi, ghi chép, ghi lại, ghi chép lại, chép, chép lại
bắt đầu, đề cập, khơi mào
ghi hình, thu hình
hợp pháp hoá, chính thống hoá
quả quyết lại, khẳng định lại
thông cáo
khen, khen ngợi, ca tụng, ca ngợi, tán dương
bắt bẻ
ngoặc, ngoặc vào, đóng ngoặc
lừa, bịp, lừa bịp, lừa dối
nói như vẹt, nhắc lại như vẹt
tiết lộ, nói ra, nói hết
bênh vực, đứng về phía, che chở
khiển trách, quở trách, trách móc, trách mắng, trách than, trách vấn
líu nhíu, lí nhí, líu díu, nói líu nhíu, nói lí nhí, nói líu díu
nêu, nêu ra, nêu lên
đưa, nêu, đưa ra, nêu ra, nêu lên
rạng rỡ, tươi cười
gửi lời chào, chuyển lời chào
tra, tra hỏi, thẩm vấn, tra xét, tra khảo
hút, thu hút
liệt kê, liệt kê ra, kể ra, nêu ra
nêu, nêu tên, công bố
truyền bá, tuyên truyền
kêu, rít, réo
chào, chào hỏi, chào đón, đón tiếp, làm quen
kí tắt, ký tắt, viết tắt, viết tắt tên, kí tên tắt, ký tên tắt
kí, ký, kí trước nhân chứng, ký trước nhân chứng, kí trước người làm chứng, ký trước người làm chứng
đặt tên, đặt tiêu đề, gọi tên
xui, xúi, khiến, dụ, dẫn dụ, xui khiến, xúi bẩy, xúi giục, xui bẩy, xui giục, làm cho
bịa, bịa đặt, thêm thắt, bốc phét, dựng đứng, thêu dệt, cường điệu, nói ngoa, nổ, chém, chém gió
chĩa, chĩa mõm, hướng mõm, vểnh mõm
chơi cầm chừng, chơi bảo toàn tỉ số, chơi cầm chân đối thủ
đoán, tiên đoán, tiên tri, dự đoán, đoán trước
hí
lừa, lừa đảo, lừa gạt, đánh lừa, lừa dối, ru ngủ, dối
nói luôn mồm, nói lăng nhăng, nói huyên thuyên, nói luyên thuyên
trách móc, trách mắng, phàn nàn, kêu ca
thúc, giục, thúc giục, thúc bách, thúc ép, giục giã, hối thúc
trình diện, có mặt, xuất hiện
hú, hét, gáy
la lớn, hét lên
hoan hô, tán thưởng, hoan nghênh, tán dương, tán tụng, biểu dương, tuyên dương
hát, hót, ca, ca hát
trêu, châm chọc, chọc phá, chế giễu, chế nhạo, giễu cợt, trêu chọc
chấm, rải rác lấm chấm
huấn luyện, rèn luyện
cầu xin, cầu khẩn
nhằm, nhằm mục đích, nhằm tới, hướng tới, có ý định
luôn mồm, nói luôn mồm, thao thao bất tuyệt
quang quác, quàng quạc, quạc quạc, cạc cạc, kêu quang quác, kêu quàng quạc, kêu quạc quạc, kêu cạc cạc
làm ngơ, giả ngơ, vờ ngơ, giả nai
hỏi
nhắc đến, nhắc tới, đề cập tới, đề cập đến, nói tới, nói đến
bị rò, bị rò rỉ, bị rò ra, lọt ra, rỉ, rò, rò ra
phớt lờ, lờ đi, bơ đi, hờ hững, hững hờ, thờ ơ, dửng dưng, làm lơ, ngó lơ, lãnh đạm
xác nhận, công nhận, thừa nhận, khẳng định, khẳng định lại
kéo dài
bóc trần, vạch trần, lật tẩy, phơi bày, phơi ra
lăng mạ, sỉ nhục, sỉ vả, nhục mạ, thoá mạ, chửi bới, chửi rủa
phát âm, xướng âm, phát thành âm kêu
do dự, đắn đo, lưỡng lự, ngần ngại, phân vân, băn khoăn
duyệt, phê duyệt, thông qua, chuẩn qua
cho thấy, cho biết
nói đùa, nói giỡn
tán thành, ưng thuận, bằng lòng, tán đồng, đồng ý
đề tặng
tranh luận, bàn luận, bàn cãi, tranh biện
bảo đảm thành công, đảm bảo thành công, bảo chứng thành công
chỉ, ra dấu, chỉ ra
hoan nghênh
chứng tỏ, chứng minh
tranh biện, bàn bạc, bàn luận, thảo luận
cấp bằng, cấp văn bằng
bóp méo, xuyên tạc
chíp chíp, chiếp chiếp, chít chít, kêu chíp chíp, kêu chiếp chiếp, kêu chít chít
mở lời, bắt đầu nói
chỉ trích, phê phán, lên án
miễn, trừ, xoá, xoá bỏ
hát chuyển giọng, hát đổi giọng, hát đổi tông, hát chuyển tông
cân nhắc, cân đong, suy tính, xem xét, suy xét, nâng lên đặt xuống
làm sáng rõ, làm sáng tỏ, làm rõ ràng, làm tỏ rạng, làm tỏ tưởng
nối, kết nối, nối đường dây, chắp nối
thút thít, sụt sùi, sụt sịt
đoán, tiên đoán, tiên lượng, dự đoán, phỏng đoán, đoán trước
sắp, xếp, sắp xếp, sắp đặt
gợi ý, xúi, xúi bẩy, xui, xui khiến, kích động, xúi giục, bảo, kích động, kích
đòi quyền, đòi quyền lợi
gầm, rú, rống, kêu, hú, gầm lên, rú lên, gầm rú, gào rú
tán thành, đồng tình, đồng ý với, tán đồng, hậu thuẫn, ủng hộ
thề nguyền, thề
cười trừ, cười xoà, cười át, cười giải toả
phổ biến, phổ cập, quảng bá, đại chúng hóa, phổ thông hóa
tỉnh ngộ, thức tỉnh
chứng thực, chứng nhận, nhận thực, công chứng
đàm luận, đàm đạo, mạn đàm, nói về, bàn về, bàn, bàn bạc
dạy, chỉ bảo, hướng dẫn, dạy cho, truyền dạy cho, huấn luyện, giảng dạy, dạy dỗ, dạy học, dạy bảo
dàn xếp
tìm, tìm hiểu
liệt kê, kê khai, kê khai hàng hoá
trâng tráo, trơ tráo, nhâng nháo
nuốt ực
hoang báo, thông tin sai, đưa tin sai, báo tin sai
phát âm
xác nhận, khẳng định, quả quyết, cả quyết, quyết đoán
nói, kể, nêu, bảo, phát biểu, tuyên bố
truyền, chuyển
phát ra, thốt ra, tạo ra
hỏi ý kiến, tham khảo ý kiến, thỉnh giáo, xin ý kiến
hiệu đính, hiệu chỉnh, sửa lại
nâng, nâng lên
bỏ bùa, chài, phù chú, phù phép
nói thêm, tiếp lời, bàn thêm, tiếp lời
cổ động, tuyên truyền
phán xét, xét thấy, thấy rằng, cho rằng, tuyên phán
gầm, gầm gừ, rống, gào
phát bằng vệ tinh, phát qua vệ tinh
liệt kê, kê khai
nhượng bộ, đành theo
cấp thông tin, cung cấp thông tin
giải thích cho
khái quát hoá, tổng quát hoá
tranh biện, thảo luận, tranh luận, tranh cãi, biện giải
gây nguy hiểm, gây nguy hại, gây bất lợi
yêu cầu huỷ bỏ tư cách
nói thầm, thầm thì, thì thầm, thủ thỉ
kí, ký, kí tên, ký tên, kí vào, ký vào, kí ở dưới, ký ở dưới, kí phía dưới, ký phía dưới
hoà mình vào
nghi, nghi ngờ, nghi vấn
ban hành
phát động, kích động, khuấy động, xúi giục, xui khiến
cam đoan, bảo đảm, đảm bảo
vô hiệu hoá, huỷ, huỷ bỏ
kể lại, thuật lại, diễn lại, nói lại
rít, rít lên
thêm thắt, tô vẽ, thêu dệt, trang điểm, cải biên, thêm mắm thêm muối
chào, chào hỏi, chào đón
chỉ huy, chỉ đạo, điều khiển
chấp nhận, chấp thuận, tán thành, tán đồng, ưng thuận, bằng lòng
reo hò, tung hô, cổ vũ, hoan hô
nói đùa, nói giỡn
giới thiệu, ra mắt, cho ra mắt, trình làng
lên, lên bục, bước lên bục
công kích, đả kích, phê phán, chỉ trích, phê bình
điều mong ước, nguyện vọng
phản đối
hiển thị, hiện
đặt tên, đặt biệt hiệu
báo trước, thông báo
báo, báo, kể, thông báo cho, nói cho, nói với
hứa hôn, đính hôn, đính ước, hôn ước
văng tục, chửi tục, chửi bậy, văng bậy, mắng chửi thô tục, chửi rủa thô tục
biếm hoạ, vẽ biếm hoạ, vẽ tranh biếm hoạ
gạ, dê, dụ, ve vãn, gạ gẫm, dụ dỗ, kích thích, khiêu khích, khiêu dâm
nhắn, nhắn tin, gửi tin nhắn, gửi tin, gởi tin nhắn, gửi tin nhắn, chuyển tin, gởi tin
tiếc là, lấy làm tiếc
tính, đếm, thống kê
tập hợp, triệu tập
vẫy gọi, vẫy tay gọi, gật đầu gọi, gật đầu gọi lại, vẫy tay gọi lại, ra hiệu gọi lại, làm dấu gọi lại
hét, thét, hét lên, thét lên
liên lạc, giao thiệp, giao tiếp, trao đổi
hứa, hứa hẹn
coi thường, khinh thường, xem thường
truyền
nói, khẳng định, quả quyết, cam đoan, bảo đảm, dám chắc, cá
khuyên sai, cố vấn sai, chỉ sai, chỉ dẫn sai, hướng dẫn nhầm, hướng dẫn sai, khuyên không đúng
nói thẳng, nói tuột, nói thẳng ra, nói tuột ra, nói tuột móng heo
minh oan, thanh minh
phản đối, chống đối, phản kháng
khắc, đánh dấu, khắc vạch
duy trì ghi, duy trì viết, duy trì ghi lại, duy trì ghi chép
kích động, gây kích động, xúi bẩy, khiêu khích, châm mồi, xúi giục, xui giục
hỏi một tràng, hỏi liên tục, liên tục hỏi
nhắc đến, nói đến, đề cập đến, đụng chạm đến
dối, xạo, nói dối, nói xạo, loè, bịp, loè bịp
khái quát hoá, tổng quát hoá
chứng minh, chứng tỏ, chứng thực
mở đầu, vào bài, mở bài, dẫn nhập
phản đối, bác bỏ, chối bỏ, phủ nhận, không chấp nhận
khiêm tốn, nhún nhường
khai trừ khỏi giáo hội, trục xuất ra khỏi giáo hội, rút phép thông công
nhất trí, đồng tình, tán thành
thăm dò ý kiến
làm lành, làm hoà, hoà giải, giải hoà, giảng hoà, hoà hoãn
đòi, yêu cầu
tưởng niệm, tưởng nhớ
cảnh cáo
róc rách
tiếc, tiếc nuối, nối tiếc, hối tiếc
thảo luận, bàn luận, bàn bạc
tuyên dương
tranh luận, luận bàn, bàn luận, đấu lí
kiến nghị, đề nghị, yêu cầu
tập quen, làm quen, tập làm quen
nối, kết nối, gắn kết, nối lại
cố vấn, tham mưu
nói, nói ra
tuôn ra, tuôn ra hàng loạt, nói một tràng, nói ra một loạt
làm chứng, chứng minh, minh chứng, chứng thực, chứng nhận
thoả hiệp, khoan nhượng, nhân nhượng
thổ lộ, giãi bày, nói riêng điều bí mật, tâm sự
tán dương, ca tụng, khen ngợi, ca ngợi
tuyên, phán, tuyên phán, phán quyết
ngạc nhiên, lấy làm lạ, kinh ngạc
nêu bật, nêu rõ, chỉ rõ, làm rõ
khiển trách, quở trách, trách cứ, trách mắng, trách phạt, mắng mỏ, răn dạy, phê bình
tốc kí, tốc ký, ghi nhanh, ghi chú nhanh, ghi chú ngắn gọn, ghi chép nhanh
đánh dấu ngoặc kép, để dấu ngoặc kép, đặt trong ngoặc kép, cho trong ngoặc kép
miêu tả, mô tả, khắc hoạ
báo, thông báo, báo cho biết
giải thích, giảng giải
thương lượng, đàm phán
kết luận không đạt chuẩn, tuyên cáo không hoàn thiện, tuyên cáo là không hoàn thiện
phê bình, bình luận, bình phẩm
kí, ký, kí kết, ký kết, kí tên, ký tên
đánh vần, ghép vần
nói lời cay độc, nói lời cay nghiệt, nói điều cay nghiệt
dự báo, dự đoán, tiên đoán, tiên đoán, dự liệu, tính trước, đoán trước
cầu phúc, chúc phúc, cầu chúc
phát âm vỗ
quy cho, gán cho, gọi nó là
phản đối trước toà, chính thức phản đối, phản đối, ngăn chặn, không thừa nhận
giao kèo
huých, thúc
dùng cờ báo hiệu, dùng cờ ra hiệu, ra hiệu bằng cờ, báo hiệu bằng cờ
phủ nhận, bác bỏ, bác, gạt, bác bỏ, gạt bỏ, gạt đi, bác đi, không đồng ý, không tán thành, không thừa nhận, không chấp nhận
nghỉ, giải lao, ra chơi, nghỉ giải lao, nghỉ giữa giờ
nói giảm đi, tối tiểu hoá, nói nhẹ bớt, nói giảm nói tránh
báo, thông báo, thông tin, báo tin, cho biết, cho hay
tố cáo, tố giác, chỉ điểm, chỉ tên, vạch mặt, hớt lẻo, mách lẻo
thổ lộ, bày tỏ, thể hiện, bộc lộ, trút
tha thứ, tha lỗi, bỏ qua, cho qua, khoan dung
đôi hoá nguyên âm, nguyên âm đôi hoá, biến thành nguyên âm đôi, chuyển thành nguyên âm đôi
tán đồng, tán thành, đống ý, bằng lòng, chấp thuận
dạy kèm, dạy riêng
van, van lơn, van vỉ, van nài, nài nỉ, năn nỉ, nằn nì, nài xin, van xin
gửi, dành, tặng, dành tặng, gửi cho, dành cho, tặng cho
cho rằng, dám chắc, dám chắc rằng, khẳng định, khẳng định rằng
gọi điện, điện thoại, điện, gọi điện thoại, phone
chú giải, chú thích, nhận xét, bình chú, phụ chú, bị chú, chú dẫn
gật, gật đầu, gật đầu đồng ý
tách, tách ra, đứng tách ra
văng, văng ra, tuôn ra, văng lời, tuôn lời
triệu, triệu hồi, triệu về, gọi về, mời về
tìm, kiếm, tìm kiếm, kiếm tìm, xem, tra, tra cứu, tham khảo
gõ phím lùi
thu nạp, kết nạp
thúc, thôi thúc, thúc đẩy
chối, kiếu, khất, khước, thoái, khước từ, kiếu từ, xin khất, khất từ, thoái thác, chối bỏ, thoái bỏ
gọi, gọi tên, kêu, kêu tên, đặt tên, định tên
tán gẫu, buôn chuyện, buôn dưa lê, tán dóc
dùng tên, được gọi tên, dùng biệt danh, được gọi với biệt danh
dạy, làm nghề, hành nghề
chê, trách, chỉ trích, phê bình, phê phán, lên án, chê trách
minh oan, giải oan, giải tội
thề, hứa, cam đoan, cam kết
chặn, ngăn, cản, cấm, ngăn cản, ngăn chặn, ngăn cấm
điểm danh
trình, đệ trình
đánh, chơi, đánh đàn, đánh ngón, chơi ngón
triệu tập, đòi ra toà, triệu ra toà
phản đối
cằn nhằn, lè nhè, lèm bèm, cảu rảu, cằn nhằn, làu bàu, lảu bảu, lạu bạu, lầu bầu, làu nhàu, lầu nhầu, lẩu bẩu
né, tránh, né tránh, tránh né, trốn tránh, lẩn tránh, lảng tránh, thoái thác
đưa ra, đặt ra, đem ra
chụp X quang, chụp hình X quang, chiếu tia X, chụp tia X
miễn cho, tha cho, bỏ qua cho, loại ra, cho phép ra
kết thúc, chấm dứt, thoả thuận xong, thương lượng xong
mã hoá, dịch mã, biên mã, dịch thành dạng mật mã, dịch sang dạng mật mã
đánh dấu, ghi dấu
bảo đảm, đảm bảo, bảo chứng, bảo hành
muốn nói, định nói, có ý muốn nói, có hàm ý
khuyên, khuyên bảo, khuyên răn, khuyên nhủ
phản đối, bác bỏ
kí kết, ký kết, kí hợp đồng, ký kết hợp đồng, kí giao kèo, ký kết giao kèo
bác, bác bỏ, gạt bỏ, loại bỏ, bác đi
òng ọc, nói òng ọc
thừa nhận, thú nhận
kí, ký, kí tên, ký tên
nghi ngờ, nghi hoặc, ngờ vực, hoài nghi, hồ nghi
lan xa, lan ra, lan rộng
nói ngay, nói thẳng, nói toạc ra, nói ngay thẳng
khuyên, ngăn, khuyên ngăn, khuyên nhủ, ngăn cản
hứa, hứa hẹn, cam kết, cam đoan
hỏi, yêu cầu
gạ gẫm, đề nghị
hé, hé ra, hé răng ra, lộ ra
minh oan, giải tội, xoá tội
khen, khen ngợi, ca ngợi
giữ vững lập trường, giữ nguyên lập trường
khơi lại, xáo lại, gợi lại, nhắc lại, gợi nhớ lại
trích, dẫn, trích dẫn, dẫn chứng
tóm tắt, tóm lược, tóm lại, tóm tắt lại, tóm lược lại
đưa ra, đặt ra, nêu ra
bẫy, gài bẫy, cài bẫy, rình bắt, đánh bẫy, gài bẫy, giăng bẫy
chúc, cầu chúc
lảng, lảng tránh, đánh trống lảng, né tránh
tránh, né, tránh né, né tránh, lảng tránh
kích động, kích thích
trao đổi, thảo luận
báo trước, cảnh báo, cảnh báo trước
nhắc vở, nhắc lời
bêu xấu, bêu riếu, làm ôi riêu
nói dài dòng, nói dông dài
báo cáo lại, thuật lại, kể lại
chia
nói đùa, nói giỡn
giữ kín, giữ miệng, giữ mồm giữ miệng
nuôi, bồi dưỡng, vun đắp, nuôi dưỡng
phân tiết, chi tiết hoá
ra vẻ, làm ra vẻ, làm bộ
phỏng vấn, có cuộc trao đổi với
nhằm mục đích, có ý định, hướng tới, nhằm tới
khen, tuyên dương, khen ngợi, biểu dương
đặt
ngoáy, viết láu, viết tháu, viết ngoáy, viết vội, viết ẩu, viết cẩu thả
thoả thuận, đạt được thoả thuận, đi đến thoả thuận, đi đến sự đồng ý
giải nghĩa, cắt nghĩa, giảng nghĩa, giải thích, làm rõ, làm sáng tỏ, làm sáng rõ
đay, đay nghiến, chì chiết, dằn vặt
giúp, giúp đỡ, hỗ trợ, trợ giúp, làm ơn, gia ơn, ban ơn, cứu giúp, làm giúp
ngâm, xướng, tụng, diễn xướng, xướng ngâm, ngâm xướng, ngâm nga, ngâm tụng
sủa ăng ẳng, sủa nhặng lên, kêu ăng ẳng
tuyên bố
chuyển phát nhanh, gửi chuyển phát nhanh, gửi tốc hành
tuyên bố mắc bệnh tâm thần, chứng nhận mắc bệnh tâm thần, chứng thực mắc bệnh tâm thần
thì thầm, nói thầm, nói thì thầm, thủ thỉ
coi nhẹ, xem nhẹ, xem thường, đánh giá thấp, hạ thấp, làm giảm
phỉ báng, nói xấu
hỏi
báo hiệu, cho biết trước, cho thấy trước
nhắn, nhắn gọi, nhắn tin
hét, thét, la, rống, hét lên, thét lên, la lên, rống lên
báo trước, thông báo trước, nói trước, bảo trước
khinh, xem thường, coi thường, khinh thường, coi nhẹ, coi khinh, miệt thị
rống, rú, gầm, gào, rống lên, rú lên, gầm lên, gào lên
đặt lại, cài lại, cài đặt lại, thiết lập lại
nói, nói chuyện
dồn, tống, đổ
bình luận, phê bình, đánh giá sau, nhận định sau, phê bình sau
quan tâm, để tâm đến, bận tâm, chú tâm
chịu lễ ban thánh thể, tiếp nhận thánh thể, nhận thánh thể
ghi, thu, ghi âm, thu âm, ghi lại, thu lại, ghi âm lại, thu âm lại
chủ trì
kêu rên, rên rỉ, kêu rền, kêu rền rĩ, than vãn
nói tên, nêu tên, kể tên, khai ra tên
gạ, gạ gẫm, chài, mồi chài
ngợi ca, hát ngợi ca, hát ca ngợi
xác định, nêu tên, gọi tên, kêu tên
hân hoan, hoan hỉ, vui mừng
phác thảo
bất ngờ đưa ra, bất ngờ báo, bất ngờ tuyên bố, bất ngờ công bố
xưng nhận, thừa nhận
cục tác, kêu cục tác
trao đổi thư từ, giao thiệp thư từ
rung chuông, rung chuông gọi
nhắc, gà bài, nhắc bài, mách nước, gợi ý
tránh, tránh xa, lảng tránh, lánh, lánh xa
gạch chân, gạch dưới
lộ ra, hé lộ, tung ra
cổ vũ, động viên, khích lệ, làm phấn chấn, làm phấn khởi, làm hưng phấn, làm hân hoan, làm hứng khởi
chen, xen, chen vào, xen vào, thêm vào, chèn vào
cổ vũ, động viên, hoan hô, khích lệ
trả hết, thanh toán, giải quyết
tính thêm, phụ thu
khoác lác, khuếch khoác, phách lác, phét lác, khua môi múa mép
đòi nợ, thúc nợ
làm đơn xin, làm đơn kiến nghị, làm đơn đề nghị, làm đơn thỉnh cầu
mời, mời mọc, đề nghị, yêu cầu
thuộc, đọc thuộc, thuộc lòng
dâng, phó, hiến, dâng hiến, hiến dâng, cống hiến, dâng trọn, dành trọn, hiến thân
visa, vi-da, thị thực, đóng dấu thị thực
không gặp phải, không vướng phải, không đụng phải, tránh được, tránh khỏi, thoát, thoát được
trở lại, quay lại, nhìn lại
dàn xếp, thoả hiệp
cho phép, trao quyền, phê chuẩn, chuẩn y, chấp nhận, thông qua
uốn lưỡi, uốn lưỡi phát âm
thuyết phục, làm cho chấp nhận, làm cho tin
gợi ý, gợi, gợi mở, gợi ra, gợi thấy, gợi cho biết, tỏ ra, thể hiện, biểu hiện, biểu lộ, bộc lộ, hé mở, hé ra, mở ra
đặt, sắp đặt
cười khẩy, cười nhếch mép, cười nhạo, cười chế nhạo, cười chế giễu, cười chê, cười nhạo báng, cười phỉ báng
giải thích, biện minh, biện giải, cắt nghĩa, làm rõ, làm sáng tỏ, làm sáng rõ
gọi khiển trách, gọi trách mắng, gọi trách móc, gọi trách mắng, trách, mắng, trách mắng, trách móc
tha, tha thứ, cho qua, tha cho, khoan dung, xá tội, tha lỗi, tha tội, thứ lỗi, thứ tội
giả danh, giả mạo, mạo danh, mạo xưng, nguỵ xưng
đóng giả, đóng vai, thủ vai, giả làm, giả là
đọc tròn môi, phát âm tròn môi
để, làm, khiến, để cho, làm cho, khiến cho
xuyên tạc, bóp méo
định, định trước, định đoạt, quyết định trước
thề, thề thốt, phát thệ, thề nguyện
viết địa chỉ người nhận, ghi địa chỉ người nhận
gọi hầu toà, trát hầu toà, gọi ra toà, ra hầu toà, ra toà
gợi, nhắc, nhắc gợi, gợi lại, nhắc lại, nêu lại
thừa nhận, khẳng định
thế chấp, cam kết
thề
dạy khôn, dạy đời, lên lớp
thở dài
gửi, gởi, gửi thư, gởi thư, gửi thư điện tử, gởi thư điện tử, gửi email, gởi mail, gửi điện thư, gửi email, gởi mail, chuyển email, chuyển mail, chuyển thư, chuyển thư điện tử
phong, phong thánh, phong làm thánh
cục cục, kêu cục cục
nổ, tắc
năn nỉ, nài nỉ, cầu xin, cầu khẩn, van xin, nài xin, van nài, khẩn nài
xem nhẹ, coi nhẹ, xem thường, coi thường, đánh giá thấp
quy định, ban hành
mang tiếng, gán cho, liệt vào
ghi, viết, viết ra, ghi ra, viết lại, ghi lại
xoi mói, soi mói, moi móc, xoi bói, xói móc, bới lông tìm vết
cầu, cầu khẩn, cầu nguyện, nguyện cầu, khẩn cầu
hoàn thành, điền đầy đủ
bắt đầu học
mè nheo, vòi vĩnh, nhõng nhẽo, nằng nặc, van nài, nài nỉ
kêu, kêu lên
nhất quyết, quả quyết, khăng khăng, một mực, nhất mực
ra lệnh
cáo buộc, buộc tội
rên rỉ, than, than vãn
lừa, lừa dối, lừa đảo, lừa gạt, lừa phỉnh, lừa bịp, gạt, bịp, nói dóc, nói phét, nói khoác
chuyển, trao
lồng tiếng
ban, đưa, ban hành, đưa ra, ban ra
quy định, quy định rõ, định rõ
truyền, truyền bá, quảng bá
ngăn, cản trở, ngăn chặn, cản lại
ngoáy, viết ngoáy, cuồng thảo
hát giọng kim
thúc đẩy, thúc giục, xúc tiến
nhại, nhái, nhại lại, nhái lại
khúc xạ, xác định khúc xạ, đo độ khúc xạ, xác định độ khúc xạ
bào chữa, biện hộ, biện minh, biện giải
trình bày, bày tỏ, diễn đạt, phát biểu, biểu thị, biểu đạt, bộc bạch, nói lên, lên tiếng về
phát sóng
đồng ý, bằng lòng, ưng, ưng thuận
thách, thách thức, thách đố
đánh số, gán số, ghi số
cảnh báo, khuyến cáo
trình, đệ trình, trình lên, đưa, đưa lên
chất vấn
mắng, mắng mỏ, trách, trách mắng, phê phán
chứng minh, chứng tỏ, cho thấy, minh chứng
miêu tả, mô tả, báo cáo
mã hoá, dịch sang mật mã, dịch thành mật mã, chuyển sang dạng mật mã
trao, tặng, trao tặng, trao cho, tặng cho
phát, phun
bao che, bao che tội, che giấu tội
nhử chim
đâm, chọc, trêu, trêu chọc, trêu tức, chọc tức
phát ra, thốt ra, bật ra, phun ra, văng ra
xét hỏi, thẩm vấn, tra hỏi, thẩm tra
viện, vin, vịn, cáo, viện đến, viện dẫn, vin vào, vịn vào, vin đến, vịn đến
do dự, lưỡng lự, chần chừ, ngần ngại
làm, làm cho, khiến, khiến cho
xá, xá tội, ân xá, đại xá, toàn xá, tiểu xá
định nghĩa, cắt nghĩa, giải nghĩa
buộc, tố, buộc tội, kết tội, cáo buộc, kể tội, tố cáo, quy tội, định tội
tuyên bố, công bố
bắt nói, ép nói, bắt ép nói, bắt mở miệng, ép mở miệng, làm mở miệng, bắt mở mồm, ép mở mồm, làm mở mồm, bắt ép mở miệng, bắt ép mở mồm
xem xét, cân nhắc, suy xét, xét đến, tính đến
thề hứa, hứa, nguyện
tình nguyện, xung phong
dán quảng cáo, dán áp phích
truyền bá, quảng bá, phổ biến, lan truyền
cãi, bào chữa, bao biện, biện hộ, biện bạch, cãi lí, giải thích, cãi lại
phủ nhận, phủ định, chối, từ chối
cập nhật
chê, trách, chỉ trích, phê phán, phê bình, lên án, chê trách
cấp phép, cho phép nghỉ, cho về phép
từ, bỏ, khước từ, từ bỏ, từ chối, chối từ, cự tuyệt
gieo, gieo rắc, gieo vào
làm chứng
tạm biệt, chào tạm biệt
cảm ơn, cám ơn, cảm tạ, tạ ơn, biết ơn, hậu tạ
quảng cáo trên áp phích
thể hiện, biểu hiện
bênh vực, ủng hộ, tán thành, lên tiếng bênh vực
biểu hiện, biểu thị, biểu tượng, tượng trưng, đại diện, biểu trưng, biểu hiện cho, biểu thị cho, biểu tượng cho, tượng trưng cho, đại diện cho, biểu trưng cho
gửi, gởi, chuyển
trả lời, đáp lại
uỷ quyền, uỷ nhiệm
trốn, né tránh, lẩn tránh, trốn tránh
kể lại, thuật lại, tường thuật, bình luận
xoa dịu, làm dịu, làm dịu đi, làm xoa dịu
thẩm vấn lại, hỏi cung, hỏi cung lại, hỏi lại
ấp úng, ngắc ngứ, ngập ngừng, nói ấm ớ, nói ấp úng, ấp a ấp úng, lúng búng, nói ấp a ấp úng, nói lúng búng, nói ngắc ngứ
làm gián điệp, làm điệp viên, làm mật thám, làm trinh thám
cấp, cấp giấy phép
thoát, trốn thoát, tẩu thoát
đòi, đòi hỏi, yêu cầu
tuyên, kết án, định án, kết tội, định tội, phán quyết, tuyên án, tuyên phán, tuyên cáo có tội
lên án, chỉ trích, phê bình, phê phán, công kích, nhận xét, đánh giá
giảm, giảm bớt, giảm nhẹ, giảm tội, giảm bớt tội, giảm nhẹ tội
giải lao, tạm ngừng, tạm dừng, tạm nghỉ
đồng thanh
tố cáo, tố giác
thử nghiệm táo bạo, thử nghiệm mạnh dạn
gắt, cáu, cáu gắtgắt gỏng, càu nhàu, cằn nhằn, phàn nàn
làm đĩ, làm điếm, đánh đĩ, bán thân, bán trôn, bán dâm, mại dâm
thuyết phục, thuyết phục được, chứng minh được
mạo phạm, xúc phạm
trình diện, trình diễn, ra mắt
nguyên âm hoá
giải thích
hét, quát, la hét, quát tháo, hét lên, quát lên
xui, khiến, bảo, xui khiến, thuyết phục
hát đúng, hát đúng nốt, hát đúng cao độ
meo, meo meo, kêu meo meo
bắt, bắt buộc, ép buộc, cưỡng ép
ràng buộc, trói buộc, bó buộc
coi khinh, coi thường, khinh thường, khinh miệt, miệt thị, coi rẻ
rít, rít lên, kêu ré lên, kêu eng éc
phạm thượng, ăn nói phạm thượng, báng bổ
yêu cầu, cầu xin, cầu khẩn, khẩn cầu, thỉnh cầu
ngắt
hí
hỏi, tra hỏi
diễn đạt bằng cách khác, diễn đạt bằng lối khác, diễn đạt bằng từ ngữ khác, diễn đạt theo cách khác, diễn đạt theo lối khác
ra hiệu, làm điệu bộ
gào, gào lên
khuyên ngăn, can ngăn, khuyên can
triệu tập, tập hợp, tập trung
trình bày, thể hiện
nhấn mạnh, làm nổi bật, làm nổi rõ, làm nổi trội
đáp lại, trả lời, đối đáp, đáp lại, hồi đáp, phản hồi, ứng đối, ứng đáp, đối đáp lại, trả lời lại, hồi đáp lại, phản hồi lại
hội đàm
đánh máy, đánh máy tính
nói to lên, nói to hơn, cất cao giọng
mâu thuẫn, bất đồng
quảng cáo rầm rộ
đặt điều kiện, quy định
chối, chối bỏ, từ bỏ, từ chối
nhắc đến, nhắc tới
rống, rống lên
dựa, căn cứ, dựa trên, dựa vào, căn cứ trên, căn cứ vào
nói rên rỉ, nói rên râm, nói than vãn
la hét, la thét, gào thét, kêu thét
chỉ, hiển thị, hiện
xoá, xoá bỏ, loại, loại bỏ
báo hiệu, là dấu hiệu của
ghi, lưu, lưu lại, ghi lại
cúng, cầu nguyện
lộ, lộ ra, phơi bày, phát giác, phát hiện, phát lộ, khám phá, phanh phui
cấm, ngăn cấm, cấm cản
dụ dỗ, dỗ ngon dỗ ngọt, rủ rê, dỗ dành, lôi cuốn, lôi kéo, khuyên nhủ, tán tỉnh
lập, thiết lập
đi phỏng vấn, tham gia phỏng vấn, phỏng vấn xin việc
xác nhận, công nhận, cam đoan, quả quyết, cả quyết, quyết đoán
lừa, bịp, lừa gạt, lừa bịp, đánh lừa
kể, kể tên, kể ra, nêu, nêu ra, lên danh sách, lập danh sách, liệt kê
chiều lòng, chiều theo, chiều ý
ra dấu, ra hiệu, báo hiệu, làm dấu
phát âm sai
hỏi, yêu cầu
xuyên tạc, bóp méo, làm sai lệch
đoán, tiên đoán, tiên tri, dự đoán, tiên đoán
đồn, đồn đại, đồn thổi
báo, cảnh báo, báo trước
nói xấu, gièm pha, chê bai, dè bỉu
kể, kể lại, thuật, thuật lại, nói, nói lại
đoán, phỏng đoán
chế nhạo, cười cợt, cười nhạo, nhạo báng, châm chọc, chế giễu, giễu cợt
nói khống, bịa đặt, nổ, chém, bốc phét, chém gió
đếm
báo, thông báo, cho biết, báo cho biết, bảo, bảo cho biết
nói oang oang, nói oang oác, nói choang choang
cho biết
chỉ định, đề nghị
xen, chen, tò mò, tọc mạch, thóc mách, xoi mói, nhúng mũi, thọc mũi, chõ mũi, dính mũi
lặp lại, nhắc lại, nhắc đi nhắc lại, lặp đi lặp lại, nói đi nói lại
nhấn mạnh, chú trọng, tập trung, coi trọng, chú trọng vào, tập trung vào
tránh, tránh xa, tránh mặt, xa lánh, lánh mặt
nuốt, nuốt lời, rút, rút lại
hô, hô vang, hô to, hô đi hô lại
chia sẻ, san sẻ, chia sớt, san sớt, nói cho
phản đối, phản kháng, không tán thành
gạch, xoá, xoá bỏ
kí, ký, kí tên, ký tên
quát, quát lác, quát mắng, quát tháo
ghi địa chỉ, viết địa chỉ, đề địa chỉ
giải thích, giải nghĩa
lầm bầm, lầu bầu, than phiền, than thở, than ngắn thở dài, than vãn
yêu cầu
tự hào, hãnh diện, kiêu hãnh
chụp, chụp ảnh
đi tu, xuất gia, xuống tóc
biện minh, biện hộ, biện giải, giải thích, bào chữa
lồng tiếng
phản đối, chống lại, chống đối
đưa mắt, liếc
bình luận, bình phẩm, luận bình, phẩm bình
quyết định
báo hiệu, thông báo
hứa, hứa hẹn, hẹn ước, cam kết, giao ước
đo, định cỡ, tính, tính toán, đưa ra lời giải, đưa ra đáp án
khẩn khoản, van lạy, van lơn, van vỉ, cầu khẩn, khẩn cầu, nài nỉ, năn nỉ
kêu gọi, mời gọi, mời
đe doạ, hăm doạ, doạ nạt
thẩm vấn, tra vấn, chất vấn, truy hỏi, tra hỏi, tra khảo
quảng cáo, quảng bá
cầm máy, giữ máy
nói, nói chuyện, trò chuyện
liến thoắng, tía lia
bộc lộ, bảy tỏ, tỏ bày, bộc bạch, biểu hiện, biểu thị, toát lên
phát âm
đánh số, đánh số trang
nhận ra
ghi, ghi chép, ghi chép sự kiện, ghi chép lịch sử
mắng, trách mắng, trách móc, chỉ trích
sửa, sửa đổi, chỉnh sửa, sửa chữa, thay đổi, sửa sang, sửa đổi
gây ra
đấu khẩu, cãi cọ, cãi vã, cãi lộn, đấu võ mồm
giảng, diễn thuyết, thuyết trình, giảng dạy, thuyết giảng, diễn giảng
chuyển thông điệp, ra thông điệp, ra tín hiệu, ra dấu hiệu, chuyển tín hiệu, gửi thông điệp, gởi thông báo, gởi thông điệp, đưa ra thông điệp, đem lại thông điệp, gửi thông điệp đến
trốn, lẩn trốn, trốn tránh
tuyên bố, công bố, tuyên cáo, công báo
gọi, mời, gọi mời, triệu, triệu tập
thể hiện, biểu hiện, biểu lộ, toát lên, mang
tha lỗi, thứ lỗi, bỏ qua, bỏ quá, lượng thứ, dung thứ
mày mò, tìm tòi, nghiên cứu
thuyết phục
tác động đến, tác động tới, ảnh hưởng tới
sơ qua, sơ sơ, ngắn gọn, trình bày sơ sơ, trình bày sơ qua, trình bày ngắn gọn
trút
thuyết phục được, thuyết phục thành công
giục, bắt, kêu, sai, dặn, bảo, ra lệnh, nhắc, nhắc nhở
lấy cớ, viện cớ, lấy lí do, viện lí do
làm chứng, chứng nhận
tổ chức hội thảo, tổ chức hội nghị, tổ chức thảo luận, tổ chức hội họp
rung rung, run run, chỉ chỉ, gật gật
cho, để, đồng ý, bằng lòng, cho phép, để cho, ưng thuận, tán thành
gỡ tội, gỡ cho thoát tội
làm phiền, quấy rầy, quấy quả, quấy rối, quấy nhiễu, khuấy động, khuấy rầy, gây rối
chỉ, dẫn, chỉ dẫn, hướng dẫn, chỉ bảo, chỉ giáo, chỉ dạy
định giá, ra giá, đặt giá, báo giá
phát hành, xuất bản
thốt ra, buông ra
biến cách
nhắc lại, nhắc đi nhắc lại, dạy đi dạy lại, nhai đi nhai lại, lật đi lật lại
đề cập, kể đến, nói đến, nhắc đến
phản đối
lên án
kết tội, chứng minh có tội, tuyên bố có tội, tuyên phạt có tội
tuyên bố, công bố, thông báo, ban bố, tuyên cáo
lập luận, biện luận, lí luận, nói lí, dùng lí lẽ
giải thích rõ ràng, thuyết minh kĩ càng, triển khai sâu rộng
nói hổn hển
kiểm tra
xác nhận, công nhận, thừa nhận, khẳng định
tráo trở, trở mặt, bội ước, nuốt lời, phản bội, giáo giở, giở mặt, lật lọng
gạch dưới, gạch chân
dụ, dụ dỗ, dẫn dụ, nhử
chỉ điểm, phanh phui, bóc trần, lột trần, vạch trần, lột mặt nạ, phơi bày sự thật về, bóc mẽ
thể hiện, biểu hiện, bày tỏ
tranh cãi, tranh luận, tranh biện, bàn cãi
gầm, rú, rít, gầm thét, gào thét, gầm rú, gầm gào
chối, từ chối, chối từ, không công nhận, không thừa nhận
sắp xếp, thu xếp, xếp đặt, sắp đặt, bố trí, dàn xếp
trắng án, tuyên bố trắng án, phóng thích, miễn tội, chứng minh vô tội
tẩy não
làm cho vui, làm vui cho, pha trò cười, pha cười cho
đòi ra hầu toà, gọi ra toà
làm gián đoạn, làm đứt quãng, làm ngắt quãng, làm đứt đoạn
tuyên truyền, truyền bá, đưa ra công khai
nói vụng, nói xấu, nói xấu sau lưng, cắn sau lưng
bất hòa, mất đoàn kết, không đoàn kết, không hoà hợp, không hoà thuận
lẩm bẩm, lẩm nhẩm, lầm bầm
đọc rung, phát âm rung, uốn lưỡi, đọc uốn lưỡi
gièm, sàm, nói xấu, gièm pha, xúc xiểm, đặt điều, bôi nhọ
thách, thách thức
ban hành, ban bố, công bố, bố cáo, bá cáo
quy định, chỉ rõ
hét lên, la hét, hò hét
chửi rủa, nguyền rủa
líu lo, hót líu lo, hót ríu rít
dẫn ra, dẫn chứng, dẫn chứng ra, chứng giải ra
có ý, có nghĩa, có ý nghĩa
đồng ý, nhất trí, đồng tình, đồng thuận
khen ngợi, ca ngợi, ca tụng
truyền kiến thức cơ bản, dạy kiến thức cơ bản, cung cấp kiến thức cơ bản
xác nhận, phê chuẩn, thừa nhận, đồng ý
nói hỗn láo, nói bố láo, nói bố lếu, nói bố láo bố lếu, nói bố lếu bố láo, nói hỗn hào, nói hỗn xược, nói láo xược, nói xấc xược, nói xấc láo,
lạc đề, lan man
yêu cầu, đề nghị
bảo đảm, bảo hành, đảm bảo
ra lệnh, bắt, bắt phải
nan nỉ, van xin, khẩn khoản
rủa, nguyền rủa, chửi rủa, trù, trù ẻo
thừa nhận, công nhận
phản đối, phản kháng, kháng lại, chống lại
