lấy, rút, lôi, kéo, nhổ, lấy ra, rút ra, kéo ra, lôi ra, nhổ ra, trích xuất, kể lể ra
quất bằng roi da, quật bằng roi da, đánh bằng roi da, vụt bằng roi da
rải đá mạt, phủ đá mạt
đâm, chém, cắt, chặt, đâm bằng dao, chém bằng dao, cắt bằng dao, chặt bằng dao
lau sạch, rửa sạch, cạo sạch, đánh sạch, tẩy sạch, vét sạch, quét sạch
chặt, đốn, cưa, chặt đổ, đốn đổ, cưa đổ
xây thanh giằng, đóng thanh giằng, chống bằng trụ chống
đặt, để, kê
rải, rắc
đâm, chích, châm, chọc, đâm thủng, chích thủng, chọc thủng, châm thủng
đàn hồi, cong, dẻo, lún
ném vào đầu, ném trúng đầu
giải thoát, giải phóng
tỉa
quất bằng roi da bò, đánh bằng roi da bò
giết chết, làm chết, cướp đi sinh mạng, cướp đi sự sống
lục tìm, lục lạo
nhào
rách, thủng
kẹp, kẹt, kẹp chặt, kẹt chặt, ép chặt
khởi động, vận hành, chạy, sử dụng
đặt vào lọ
đánh
kết nối, chắp nối, liên kết, ghép, ghép nối, chắp ghép
chạm chữ, khắc chữ
khắc, trổ, tạc, điêu khắc, chạm trổ, chạm khắc
đặt, đặt vào, đặt lại
bao quanh bằng hành lang
chặt, đốn
cào, cào bằng, cào phẳng
chạm đáy
đẽo, đục, đẽo đục
bắt, tóm cổ, chộp
bao quanh, bọc quanh, bao, bao bọc
tháo xích chó, mở xích chó
đóng thùng
mài mòn, làm trầy xước, làm mài mòn, làm mòn, làm xước, cọ mòn, cọ xước
chọc, đâm, xuyên, xoi, chọc thủng, đâm thủng, xuyên thủng, xoi thủng
cố tình phá hoại, chủ ý phá hoại, phá hoại có chủ ý
chúm lại, chụm lại, dúm lại
múc bằng môi, múc bằng muôi
buộc bằng dây thừng nhỏ, trói bằng dây thừng nhỏ
khảm, dát, nạm, chạm
buộc thành chuỗi, xâu thành chuỗi, nối thành chuỗi, trói thành chuỗi, xích thành chuỗi
xếp lồng vào nhau
nối khớp chữ T, lắp khớp chữ T
đặt, gắn
nâng lên, đưa lên, đẩy lên, đẩy mạnh
bón vôi, rắc vôi
cung cấp kiến thức cơ bản, truyền kiến thức cơ bản, dạy kiến thức cơ bản
choàng, choàng áo, khoác áo choàng, mặc áo choàng
nhúng, ngâm, nhấn, dìm
buộc ách, đóng ách
phủ muội, phủ bồ hóng, phủ nhọ nồi
phát, đánh, đét, tét
bắn lên, văng lên, bắn toé, bắn tung toé
chăn thả xa
phá, phá tan, đập tan
phun, phụt, phọt, vọt
đổi, đổi tiền, đổi tiền lẻ, đổi tiền thối
lau bụi, quét bụi, phủi bụi
đánh, gõ, gảy, gẩy, chơi, đánh đàn, gõ đàn, gảy đàn, gẩy đàn, chơi đàn
chồng, chồng lên
phủ, lát ngoài, phủ ngoài, bao ngoài, phủ bên ngoài, bao bên ngoài
nằm tựa, nằm dựa, nằm tựa vào, nằm dựa vào
bao phủ, phủ lấy, bao lấy, bao trùm, trùm lên
ném, vứt, đổ, quăng, tung, liệng, đánh
đánh, đấm, giáng
giảm, cắt giảm, cắt bớt
nhổ, dỡ
hạ thuỷ
đánh, đập, quất, đánh liên tiếp, đập liên tiếp, đánh liên hồi, đập liên hồi, quất liên hồi
kêu lạch cạch
mã hoá, đánh mã
khoét, đục, xẻ, xẻ rãnh, đục rãnh, khoét rãnh
bắt vào lưới, dồn vào lưới, mắc vào lưới, sa vào lưới
che bạt, phủ bạt
lợp
liếm, liếm láp
quay, kéo
đánh dấu, làm dấu, đánh dấu chấm, làm dấu chấm
nhai
phá huỷ, phá hỏng, làm hại, làm hỏng
quay
truyền bá, quảng bá, phát tán
sáp nhập, hợp nhất, kết hợp
bẫy, đặt bẫy, gài bẫy, cài bẫy, đánh bẫy
phủ vải kếp, che vải kếp
cắt, gặt, thu hoạch
đặt lại, để lại, đặt lại chỗ cũ, để lại chỗ cũ
nhồi, nhét, lèn, nhồi nhét, nhồi vào, nhét vào
quá tải, bị quá tải, chất quá nặng
lên dây, căng dây
đen đét, đánh đét, quất đét, vụt đét, đánh đen đét, quất đen đét, vụt đen đét
nối, buộc, kết nối, chắp nối
chạm ngón chân
đặt, để, gắn, dán
kẻ sọc
xâu thành chuỗi
đánh liên tục, đánh liên hồi, đánh liên tiếp, đánh trúng liên tục, đánh bại hoàn toàn
đặt ở dưới, đặt bên dưới
đánh mạnh, đập mạnh
bắt được, tóm được
phủi, phất, phẩy
xù, xù lên, làm dựng lên, làm xù lên
ép, nén, siết, mím, bóp, thắt, ép lại, nén lại, siết lại, thắt lại, làm co, làm co thắt
cắt xiên, cắt chéo
bọc thép, mạ thép, viền thép
đâm vào nhau, húc vào nhau, lút vào nhau, thu gọn vào, thu gọn lại, thu ngắn lại
cầm chéo
ép, nghiền
va, đụng, đâm, đâm vào, đâm sầm vào, va phải, tông phải, đụng phải
liếc, mài
đánh mạnh, đánh đau
gieo, gieo hạt, gieo mầm, gieo giống, gieo hạt giống, trỉa, trỉa hạt
nổ mạnh, đập mạnh, sập mạnh, đánh mạnh
phá huỷ bên trong
rắc, té, vung, rải
chất đống, chồng chất, xếp thành đống, tích lũy
cắm điện, cắm
bắn một loạt, bắn xối xả, quần xạ
gõ tìm, tìm kiếm
dựng, cắm
sơn, quét sơn, phủ sơn, phết sơn
lót, trải
đập liên tiếp, nện liên tiếp, đánh liên tiếp, đập đi đập lại, nện đi nện lại
vặn, xoay, quay
vấy bùn, vẩy bùn, vấy bẩn, làm nhơ, làm lấm bẩn, làm nhơ bẩn
sờ soạng, sờ mó, rờ mó
sờ mó, sờ soạng
xếp, sắp đặt, sắp xếp,
sắp từng lớp, sắp từng tầng, xếp từng lớp, xếp từng tầng, rải từng tầng, rải từng lớp
bọc, gói
đập tay
gửi, gởi, chuyển
làm, khiến, đặt, đưa, làm cho, khiến cho, đặt cho, đưa cho, đặt vào, đưa vào
cào, cào cấu
cầm, nhặt, lặt, lượm, nhặt lượm, cầm lên, nhặt lên, lặt lên, lượm lên, nhặt lượm lên
vặn, vắt, bóp
sơn lót, quét sơn lót
dọn, làm sạch, dọn sạch, dẹp sạch, dọn dẹp
cắt khoanh cây
thu thập, góp nhặt, tập trung
đâm thủng, chọc thủng
cột, buộc
kéo ra, rút ra, lôi ra, đẩy ra
đánh, đánh bay, đánh tung, đánh mạnh, đánh thật lực
để cỏ mọc, trồng cỏ
tháo dây da, cởi dây da, mở dây da, tháo thắt lưng, cởi thắt lưng, mở thắt lưng
xỏ chốt vào dây mà buộc
ném vào, liệng vào, quăng vào
phá, phá bi
nhồi, nhét, lèn
dập khuôn
nhấc, nhấc lên, nâng, nâng lên
kéo, dắt, lai
lau, chùi, lau chùi, lau sạch, chùi sạch
kéo vào, thu vào, rút vào, co lại, co vào, rụt vào, rụt lại
đâm, thọc, chọc, chích, đâm thủng, chọc thủng, chích thủng
kẹt, mắc kẹt
nhào, trộn, nhào trộn, nhào nặn, đảo, đánh, ngào, nhồi
bắt bằng dây thòng lọng, tròng
đánh gục, đánh quỵ, đánh quị, nốc ao, hạ đo ván, đánh nốc ao, cho đo ván, knock-out
căng, căng ra
xé
rửa bát, rửa chén, rửa bát đĩa, rửa chén đĩa
phối, ghép, cấy
cắt bằng kéo
chống, chống bằng cột
lấy phần ruột
rạch, khắc, cắt
xui, xúi, giục, thúc, xui giục, xúi giục, xui bẩy, xúi bẩy, kích động, thúc giục, hối thúc, thúc bách, giục giã
nạo vét
bó, bó bột, nắn, chữa
bôi bẩn, vấy bẩn, làm bẩn, bị làm bẩn
đánh một chốt, đánh cú một chốt, chiếm gôn thứ nhất
đánh dưới hai gậy so với chuẩn, đánh hai gậy dưới tiêu chuẩn
giũ, giặt, dội, súc, sục, rửa
xúc, xúc bằng xẻng
nằm trên, đặt lên trên, nằm đè lên
đánh dấu, làm dấu
còng, xích, khoá tay, còng lại, xích lại, khoá tay lại, còng tay lại, xích tay lại
yết, yết thị, niêm yết, cho hiển thị
tháo, gỡ, tháo gỡ, tháo ra, gỡ ra, cởi bỏ
thúc, hối thúc
lau bằng bọt biển, chùi bằng bọt biển, cọ bằng bọt biển, lau chùi bằng bọt biển
ghép, ghép cho đều, ghép cho phẳng
đổ, rót
rào, rào lại, rào chắn
phủ bằng cỏ, phủ với cỏ
phủ một lớp vỏ
dốc, đổ hết, đổ ra, trút sạch, làm cạn, tháo sạch, trút hết ra, đổ ra sạch
cuộn, cuốn, quấn, cuộn tròn, cuốn tròn, quấn tròn
tháo, gỡ, cởi
châm, chích, đốt, cắn
bó chỉ, bọc chỉ
cúi, khom, đi còng lưng
chuyển sang, biến thành
gây gổ, ẩu đả, đánh nhau
nhốt, khoá, giam, khoá lại, nhốt lại, giam lại
sắp xếp
bắt, tóm, chộp, bắt được, túm được
cời, gạt
gắn bản lề, lắp bản lề
buộc, băng, băng buộc, buộc dải, buộc băng
bẻ, xé, cắt, làm gãy, làm gẫy, bẻ gãy, bẻ gẫy, làm đứt
bới, xới, lục, dò tìm, mò mẫm, lục lọi, đào bới, bới tung, lục tung, xới tung
chạm, đụng, va, đụng chạm, va chạm, tiếp xúc
đóng sập, đóng sầm, rập mạnh
làm nổ, cho nổ, làm nổ tung, cho nổ tung
gắn mát tít, ốp mát tít
bẩn, vấy bẩn
đóng chai
lát ván, ốp ván, phủ ván
gập, gấp, khép, gập lại, cuốn lại, cuộn lại, xếp lại, đóng lại, khép lại
cởi, tháo, bỏ, thoát, nhả, cởi bỏ, tháo ra, cởi ra, rút ra, tháo bỏ, nhả ra, thoát khỏi
gỡ, gỡ rối, tháo gỡ, làm sáng tỏ, làm rõ, làm cho rõ ràng, làm cho sáng rõ, làm sáng rõ
đấm nhẹ
cởi gánh nặng, trút được gánh nặng, đặt gánh nặng xuống, để gánh nặng xuống
giật, kéo, giật phắt, kéo phắt
đắp bờ
đẩy, hẩy, huých, hích, đẩy mạnh
để trong xô, để trong thùng
chào đón, đón chào, đón mừng, hoan nghênh, hoan nghinh, nghênh đón, nghinh đón, chào mời, mời chào
đến, đặt chân, đi tới, đi đến, đặt chân đến, đặt chân tới
tung hứng
lợp tôn, chần tôn
làm hình nón
tán sắc, tán quang
phá huỷ, phá sạch, phá tan, xoá sổ
tìm, tìm kiếm, lục lọi
làm viền răng cưa, cắt viền răng cưa
đấm, thụi, thọi, đập, phát
đóng vó, lắp vó
viền tua, diềm tua
treo
gặm, gặm cỏ, ăn cỏ, bứt, bứt cỏ
tán đấu đinh tán
thọc, cho, nhúng, đút
dán, dính
ôm chặt, nắm chặt, siết chặt, túm chặt, níu chặt, bấu chặt, ghì chặt, tóm chặt
làm tắc, làm nghẽn, làm nghẹt, làm tắc nghẽn, gây tắc nghẽn, làm tắc nghẹt
vãi, rải, tãi, rãi, rắc, gieo vãi, gieo rãi, gieo rắc
che, phủ, chắn, bao, bọc, vây, che phủ, che chắn, bao bọc
kết, tích, tụ, đống, chất, kết tụ, tích tụ, chất đống, đánh đống
phụ, phụ vào, phụ thêm, ghép thêm, gắn thêm
đính ghim, đóng ghim
đóng bìa, đóng gáy, đóng bìa sách, đóng gáy sách
đá
vuốt ve, ve vuốt, mơn trớn, mơn man
đứng, đứng thẳng, đứng dậy, đứng lên, đứng thẳng dậy, đứng thẳng lên
tắm, tắm rửa, tắm táp
đào, khoét, đào khoét, đào bới
chạy, vận hành, điều khiển
đào hang, đào hốc
đóng cửa chớp
buộc túm, thắt túm, buộc túm lại, thắt túm lại
lấy, mang, đem, lấy đi, mang đi, đưa đi, đem đi
làm ngạt, làm nghẹt, làm tắc, làm ngột ngạt, làm ngạt thở, làm nghẹt thở, làm tắc thở
nghẽn, nghẹt, thắt
vặt lông, nhổ lông, cạo lông
trồng bằng rễ, làm bén rễ, làm bắt rễ
treo, mắc, móc, treo lên, mắc lên, móc lên
cấm bay
làm tím, làm bầm tím, làm thâm tím, làm giập, làm bầm giập
tát vũng
thay đổi thứ tự, thay đổi vị trí, thay đồi cách sắp xếp
đánh bằng gậy, quật bằng gậy
gắn, lắp
đào lỗ, đục lỗ
tách, tách ra, phân ra, tách rời ra, phân rời ra
làm rối, làm rối tung, làm rối beng, làm rắc rối, làm phức tạp, phức tạp hoá, làm lộn xộn
gắn, dính, buộc, dán, trói, đính
giữ, níu, giữ lại, níu lại, níu kéo, níu giữ
trải thảm, phủ thảm
lăn, cán
đạp, đạp bàn đạp
gắn, tiếp xúc với, chạm vào, gắn vào, gắn với
sờ, rờ, sờ vào, rờ vào
làm đốm, làm ố, làm nổi đốm, làm lốm đốm, làm hoen ố
giết chết, hại chết, sát hại
đóng kín, bịt kín, gắn xi
lau, rửa, tẩy, cạo, dọn, quét, lau sạch, rửa sạch, dọn sạch, cạo sạch, đánh sạch, tẩy sạch, vét sạch, quét sạch, lau dọn, rửa dọn, quét dọn, tẩy rửa
đóng cửa chớp
đập, đập bóng, smash
vun đất
cắt, gọt, đẽo, xén, tỉa, cắt gọt, cắt tỉa, cắt xén, gọt đẽo, đẽo gọt
tìm, tìm kiếm, lùng, lùng sục, truy tìm, truy lùng
đóng đai, lắp đai
đóng cọc
ủi, ủi phẳng, san, san phẳng
chẻ, tách, rẽ, bửa, bổ, lọc, bửa ra, bổ ra, tách ra, chẻ ra, rẽ ra, lọc ra
khoá
đóng sẹo, thành sẹo, lên da non, mọc da non
biến dạng, méo mó, làm xấu đi
xoa bóp, đấm bóp, mát-xa, tẩm quất, tầm quất, xoa nắn, tẩm quất mát-xa, tầm quất mát xa
đập bóng chạm đất, đánh bóng chạm đất
làm bầm, làm bầm tím, làm bầm giập
đánh bẩn, làm bẩn
đánh bằng dùi cui, đánh bằng gậy tày
đè nặng, ấn xuống
rải, rắc, vãi, rải rác, rải trên
đào hào chôn, đào hố trồng
thấm qua, thấm vào, ngấm qua, ngấm vào, thẩm thấu, lọc qua
đẩy, kéo, ủn, ẩn, xô
tẩm, rưới
chặt, đốn
suy, suy thoái, khủng hoảng, sa sút, sút kém
đánh bằng mũi gậy
ngắt, cắt, ngắt cuống, cắt cuống, bỏ cuống
làm hỏng, làm xấu, làm hại, làm hư hỏng, làm hư hại
đá bổng, đánh bổng, đánh võng lên
đuổi ra ngoài, đuổi ra sân, cho ra sân
sờ, mó, rờ, đụng, động, chạm, sờ vào, mó vào, rờ vào, động vào, đụng vào, động vào, chạm vào, sờ mó, rờ mó, động chạm, đụng chạm
gắn, đính
khắc, đẽo, gọt, chạm, đục, trổ, tạc, chạm khắc, chạm trổ
cùn
trút, xả
té, tung té, vẩy
dành dụm, tích góp, tích cóp, ki cóp, cóp lại, cóp nhặt, gom góp
gối, gối đầu, kê, kê đầu
đập mạnh, đánh mạnh
đóng bằng then, đóng bằng chốt, gài then, cài then
bơm, ấn lên xuống, ấn lên ấn xuống
giã, nện, giã bằng chày
tập hợp, quy tụ
phá, phá huỷ, tàn phá, phá hoại, phá nát, phá tan, phá tan tành, làm hư, làm hại, làm hư hại, làm hư hỏng
đấm móc, đấm hook
mở, cởi, tháo, tháo mở, mở trói, cởi trói
cào, cấu, cào cấu
tung, ném, phóng, quăng, liệng
tìm, kiếm, tìm kiếm, kiếm tìm, truy tìm, săn tìm, tìm bắt, truy nã, truy lùng, săn lùng, lùng sục
tập hợp, thu thập, tụ tập, tập trung, sưu tập, dồn lại, chiêu nạp, cóp nhặt, thu nhặt
treo, mắc, móc
ấn, nhấn, ấn xuống, nhấn xuống
đổ nát, điêu tàn, suy tàn, tàn tạ, tàn lụi
tàn phá, phá huỷ, thiêu, đốt cháy, cháy hết, thiêu huỷ
đóng, khép, gập, bịt, cụp
thúc, thọc, chọc, huých, ấn, ẩy
nhíu, cau, chau, bĩu, mím, cau, mắm
đập, phá, đập phá, đập vỡ, phá vỡ, đập bể, đập tan, phá tan, đập nát, phá nát
đá, đá nhau
dính, gắn, đính
cắt vào, xuyên qua, cắt ngang, cắt ngang qua
nắm chặt, giữ chặt, bám chặt, bấu chặt
xích, trói, buộc
xoa bụi, quét bụi, phủi bụi
thêm trung tố
mở, tháo, cởi, nới, gỡ, tháo ra, cởi ra, gỡ ra, cởi bỏ, tháo bỏ
mắc, mắc kẹt, mắc lại, kẹt lại
trát, trít
dọn nhà, lau nhà, lau dọn, lau dọn nhà, dọn dẹp nhà cửa, lau rửa nhà cửa, quét dọn nhà cửa, quét rửa nhà cửa
bổ, chém, chặt, chẻ, băm, đốn, bổ
mài, mài dao, liếc dao
treo lủng lẳng, treo lơ lửng, treo lửng lơ
buộc chặt, trói chặt
kết diềm xếp nếp, kết diềm đăng ten tổ ong
xếp lên tàu, chất lên tàu
bắt, tóm cổ, tóm, bắt giam, bắt giữ
chạm, trổ, khắc
lôi, kéo lê, kéo mạnh
cuộn, cuộn lại
vồ, chộp, chụp, tóm, túm, bắt, vồ lấy, chộp lấy, chụp lấy, tóm lấy, túm lấy, bắt lấy
chèo
cấy vào, gắn vào, ghép vào
châm kim, chọc kim, đâm kim, chích kim
bóc, bóc vỏ, mở, mở gói, mở bọc
gạch, xoá, bỏ, gạch đi, gạch bỏ, xoá đi, xoá bỏ
ôm sau lưng, ôm từ phía sau, cái ôm sau lưng, cái ôm từ phía sau
ép, thúc, bắt, cưỡng ép, ép buộc
lên cò súng, kéo cò súng
ra hạt, kết hạt, đậu hạt
chiếm dụng, trưng dụng
nhổ lông bằng chỉ
mang về, lấy về, đưa về, cầm lại, đem lại, mang lại, đưa lại, lấy lại, xách lại
trát bùn, trét bùn, trít bùn
chồng, xếp, đặt, xếp chồng, xếp chồng lên
phết hồ, quết hồ
hái nấm
tra dầu, bôi dầu, đánh dầu
quất bằng roi, quật bằng roi
phết đầy, bôi đầy, dán đầy, trét đầy, phủ đầy, làm dính đầy
nghiến, khép, mím, nắm, khép chặt, siết chặt, nghiến chặt, mím chặt, nắm chặt
xói, xoi, xoi rãnh, xẻ rãnh, khía rãnh, tạo rãnh, rạch rãnh
đánh cúp
tra dầu mỡ, bôi trơn
xoay, vặn, xoay xoay, vặn vặn, nghịch
đánh
va mạnh, va chạm mạnh, chạm mạnh
múc, múc ra, múc lên
trang trí, trang hoàng
xua, trừ, đuổi, yểm, xua trừ, xua đuổi, yểm trừ
lau bằng bọt biển
lót ván
phết, phệt, quệt, quết
đan, bện, đan bện
phủ rơm
khoác, choàng, trùm, khoác lên, choàng lên, trùm lên
chống, đỡ, chống đỡ
cứa, cắt
vắt sổ, khâu vắt sổ
cào, cời
kẻ, vạch, vẽ, dựng lên, vạch lên, vẽ lên
thông dâm, gian dâm, thông gian, tư thông
xoa, thoa, cọ, chà, xát, chà xát, kì, kì cọ
đặt sai, để sai, đặt sai vị trí, đặt không đúng chỗ, để không đúng chỗ, để sai chỗ
nối với đất, đặt dây đất
kết nối, kết hợp, nối liền lại, gắn liền lại
vẽ nội tiếp
lái tàu ngầm
bắt chuột, giết chuột, diệt chuột
lắp đặt, cài, cài đặt
tách, cà, chà
xáo, xào, trộn, xào xáo, đảo
chém đầu, chặt đầu
đánh chiếm, cưỡng đoạt, cưỡng chiếm
phá bóng, cản bóng
cầm, nắm
nằm, yên nghỉ, an nghỉ
cài, đóng, buộc
gõ cửa
buộc, cột, buộc dây, cột dây, buộc bằng dây, cột bằng dây
bắt, giữ, nắm, bắt lấy, giữ lấy, nắm lấy
cứa
kẹp bằng thanh kẹp, kẹp bằng bàn kẹp
đâm, chọc
nghiền, xay, lọc
đâm, đâm vào, đâm sầm vào
nhấc, bế, nhấc lên, bế lên
đặt lại, để lại, đặt vào, để vào
kiểm soát bằng van
gây độc
quét senlăc
kẹp, véo, cấu, bẹo, bóp, siết, bấu, béo, beo
cắt, rạch, xé, tách
đâm, đâm sâu, đâm ngập, đâm vào thịt, đâm sâu vào thịt, đâm ngập vào thịt
in dấu, đóng dấu
đan
chia thành phiến mỏng
chồng, chất, chồng lên, chất lên
nhấn chìm, át, lấn át, lấn lướt
xía vào, nhảy vào, chen ngang, xen ngang, cắt ngang
xiên, đâm, chọc, chọc thủng, đâm qua, xiên qua, đâm thủng, xiên thủng, chọc thủng
bôi kem, thoa kem, xoa kem
giấu, che giấu, che đậy, giấu giếm, bưng bít
khâu, may
quào lấy, vồ lấy, bấu lấy
bóp, ép, ấn, bóp chặt, nắm chặt, siết chặt, ấn mạnh, ấn mạnh, ấn chặt
hàn, gắn, gắn lại, hàn lại, hàn gắn lại
bốc, chất, xếp, bốc xếp, bốc hàng, chất hàng, bốc xếp hàng
buộc, trói, cột, buộc lại, trói lại, cột lại
tiếp, tiếp chuyện, tiếp kiến
lai, lai giống
cắm, cài, đính
chạm, chạm vào, cầm, cầm vào, sờ vào
chặt, đốn, bổ, chẻ, băm, thái
phủ một lớp vỏ ngoài
ngắt
nạo
truyền, chuyển, lan truyền
thu thập, tập hợp, sưu tập, thu gom
tung hứng
dò, thăm dò, dò tìm, dò bằng que thăm
trồng rừng, trồng cây, trồng cây gây rừng, phủ xanh đất trống, phủ xanh đồi trọc
ốp, dán, ốp gỗ, dán gỗ
làm trầy, làm sứt, làm xước, làm rách, làm toác, làm xây xước, làm trầy xước, làm rách toác, làm sây sát
đập vỡ sọ, đập vỡ đầu, đập vỡ hộp sọ
dồn, tập họp, tập hợp, tập trung
đóng mạnh, dập mạnh
làm rối, làm rối bù, làm rối tung, làm rối beng, làm rối rắm, làm rối như tơ vò
lồng, lộn
buộc, trói, cột, buộc vào, trói vào, cột vào, buộc vào cọc, trói vào cọc, cột vào cọc
gửi đi, gởi đi, chuyển đi, truyền đi, phát đi
che mạng, trùm mạng
nắm, giữ, cầm, nắm giữ, cầm giữ, níu giữ
dán tem
giữ thăng bằng, giữ cân bằng
đỡ, chống, nâng, chống đỡ, nâng đỡ
đá
trộn
nhấp, đạp nhẹ
phủ, che
quét, phủi
cắt lúa bằng hái có khung gạt
nhảy, truyền giống, giao phối, giao cấu, giao hợp
đặt
che
cho vào túi, bỏ túi
phủ, tẩm, bọc, tráng
giết, giết hại, sát hại, giết chết, hạ sát
đánh mạnh, đập mạnh, đạp mạnh
phát về phía sau, phát bóng về phía sau
đặt, để, bỏ
cắm, xuyên, đâm
lướt, lướt qua, lướt trên
đeo, địu, cõng, mang
cuốc, bổ
phun, chảy, phụt, xịt
chất hàng
hôn, thơm, hôn nhau, thơm nhau, hôn hít
buộc, chằng, cột, bó
bao quanh, bao xung quanh, vây quanh
đưa vào tổ, đặt vào tổ
rộp, rộp da, bong sơn, bong từng mảng, bong, bong ra, tróc ra, tróc từng mảng, tróc ra từng mảng
xuyên, chọc, đâm, khoan, đục, xuyên qua, chọc thủng, đâm thủng, đục thủng, khoan thủng, xuyên thủng
bịt mắt
hấp thu, hấp thụ
đánh sáng, đánh bóng, đánh láng, làm sáng, làm bóng, làm láng, làm cho sáng, làm cho láng, làm cho bóng
khoanh tròn, vẽ đường xung quanh, vẽ đường bao quanh, vẽ đường bao
nút, bít, bịt, nút lại, bít lại, bịt lại
nghiền, đánh nhuyễn, đánh mềm, làm nhuyễn, làm mềm
bắt cóc, cuỗm đi, lừa đem đi
mù sương
đánh xoáy cầu võng
nghi, nghi hoặc, hoài nghi, ngờ vực
phết bơ vào
loại, loại bỏ
nịt bít tất
đặt rơ le
buộc bằng dây sắt
xiên
khía, khắc khía, tạo khía
tấn phong
phơi nắng, tắm nắng
kết hợp, gộp lại, tổ hợp, hợp lại, kết hợp lại, tập hợp lại
tráng, tráng men, làm láng
phá, phá vỡ, phá hỏng, phá huỷ
truyền bá, quảng bá, phát tán
châm, chọc, đâm, chích
đặt ống, gắn ống
mạng
phủ, tẩm, bọc, tráng
gói, bọc lại, buộc lại, đóng gói, đóng hộp
nhúng bùn
nạp, lắp, nhét, nhồi, nhồi nhét, nhồi vào, nhét vào
khiến, bắt
mặc yếm nịt, mặc áo quây
kín chỗ, chật kín chỗ, chật cứng chỗ, chật ních chỗ
đánh vào chân trụ
cảm thấy, cảm giác
nén, ép, nén lại, ép lại, ép chặt lại
làm xoăn, làm quăn, uốn xoăn, uốn quăn
truy tìm, truy lùng, săn đuổi
vuốt ve, ve vuốt, mơn trớn, mơn man
gặp rắc rối, gặp khó khăn, lâm vào rắc rối, lâm vào, rơi vào, rơi vào khó khăn, lâm vào khó khăn, rơi vào rắc rối, sa vào, sa vào rắc rối, sa vào khó khăn
tách thịt tại các khớp, lọc thịt tại các khớp, cắt tại những đoạn nối, chia ra từng đoạn
đánh bóng vào lỗ
đánh bằng gót gậy
trộn, xen lẫn, trộn lẫn, hoà lẫn, pha trộn, hoà lẫn vào nhau
tìm, tìm kiếm, lục tìm, truy tìm, lùng, truy lùng, săn tìm, kiếm tìm, tìm tòi
chắp, vá, nối, vá víu, chắp vá, chắp nối
dán một tấm mỏng lên trên, phủ một tấm mỏng lên trên
đâm lỗ chỗ, xuyên lỗ chỗ, đâm thủng lỗ chỗ, xuyên thủng lỗ chỗ
vùng, vùng vẫy, vẫy vùng, vùng dậy, vùng lên
làm đổ, kéo đổ, đánh đổ, làm sập, kéo sập, đánh sập, làm gãy, làm gẫy, làm đổ sập, làm đổ xuống, làm sập xuống
nhét, nén, nhồi, ấn, nhồi, ních, tống, lèn, nhồi nhét
đóng nêm
đào được, đào lên được, khai quật được
tiêm, bơm
cản, ngăn, chặn, cản trở, trở ngại, ngăn cản
làm dàn gỗ, dựng giàn gỗ
đánh bằng túi cát, đánh bằng bọc cát
làm khung, lên khung, dựng khung
gỡ, tháo ra, tháo gỡ, gỡ rối
làm xỉn, làm mờ, làm đục, làm mờ đục, làm đục mờ
gắn chặt, dán, dán mắt, dán chặt, đóng chặt, gắn chắc, cài chắc, thắt chặt, buộc chặt, kháo chặt
đào đường hầm xuyên qua
trộn lung tung, làm lung tung, làm lộn xộn, làm xáo trộn, làm đảo lộn, làm hỗn loạn
thất lạc, để mất
bóp cổ chết, bóp cổ giết, siết cổ chết, bóp nghẹt giết
đè chết
kéo, giương, nhấc, nhâng, kéo lên, nhấc lên, đưa lên, giương lên
bẩy, cạy, nạy, nậy, bẩy ra, cạy ra, nạy ra, nậy ra
lột vỏ, bóc vỏ, gọt vỏ, tước vỏ
vẽ hình ngoại tiếp
thêm vào, bổ khuyết, thêm vào cuối, nối vào, nối với
rê, đẩy, dẫn
kéo bằng tời, di chuyển bằng tời
để lên giá, để lên kệ, đặt lên giá, đặt lên kệ, xếp vào ngăn
xếp, sắp, sắp xếp
hút, thu hút, tiếp thu, hấp thu
tháo, ngắt, tháo ra, tách ra, ngắt rời, làm rời ra, cắt rời ra, tháo rời ra
rơi vỡ loảng xoảng, đổ rầm xuống, vỡ tan
quất, quật
mò, mò mẫm, dò dẫm, rờ rẫm, lần mò, quờ quạng
kéo
chốt, cài, cài chốt
nhấc, nâng, kéo, nhấc lên, nâng lên, kéo lên
cắt ngắn, xén ngắn, hớt ngắn
lê, quét
vặn, xoáy, siết, xoáy vít, vặn vít, siết vít
phá tan, phá nát, đập tan, đập nát
nhổ rễ, nhổ bật rễ, nhổ bật gốc
chém, cưa, bổ, chặt, phạt, phăng, cắt
đánh trượt, đánh chóp
nằm
khâu, may
bắt hàu
nối, chắp, ráp, chắp nối, ráp nối
đánh trúng, đánh được, đánh thành công
giả mạo, làm giả, chữa, sửa bậy
phẫu thuật cắt bỏ, cắt bỏ
giã, nện, giáng
kêu răng rắc, kêu lạo xạo
đổ máu, chém giết, tàn sát, lấy máu, giết chóc
trùm, phủ, trùm lên, phủ lên
lược, may lược, khâu lược
điều khiển, vận hành, thao tác, điều hành, điều chỉnh
đánh bóng sống, đánh vô-lê, đánh vô lê, đánh vôlê
cắt đuôi, chặt đuôi
quẳng, tung, quẳng lên, tung lên
chặt, đốn, chém, thái,
thả neo, bỏ neo, hạ neo
xếp thành tầng, phân tầng, tạo thành tầng, đặt thành tầng, xếp thành cột, xếp thành dãy
lục, lục lọi
tấn công, đánh
ghép, cấy ghép
chất thành đống, chồng thành đống
ngồi, ngồi xuống
căng, kéo căng, kéo giãn, làm giãn
tráo bài, trộn bài
ngăn bằng đập
chẻ, rẽ, xẻ, bổ, tách ra
quết, phết
phóng
đan, lồng, cài, đan vào nhau, lồng vào nhau, cài vào nhau
chọc, đâm, xuyên, chọc qua, đâm qua, xuyên qua
bỏ, thả, buông, nhả, thả ra, bỏ ra, buông ra, nhả ra
rời ra, tách ra, đứt ra, gãy ra, rơi ra, tuột ra, rụng ra, gãy rời ra
phụ vào, phụ thêm, thêm vào
hạ cánh khẩn cấp, lật nhào, đổ rầm xuống
đánh, đấm, đập, vỗ, choảng, đánh đấm, đánh đập
quấn, cuộn, rút ra
đeo phù hiệu, đeo huy hiệu
đeo vòng cổ
bọc bố, bọc vải
buộc vào, buộc móc vào, buộc thòng lọng, buộc vòng vào
rút, chích
kéo, lôi
bong ra, tróc ra, tách ra, rời ra, bung ra
rưới nước sốt, tưới nước sốt
ném qua, bay lướt qua
đắp luống, làm luống, tạo luống, cày luống
trát, trít
ráp, gắn
chôn, chôn vùi, chôn lấp, chôn giấu, vùi lấp, che đi, phủ đi, giấu đi
đánh
quấn tã, quấn bằng tã
nện
biểu hiện ra, biểu lộ ra
giao hợp, giao cấu, giao phối, làm tình, quan hệ tình dục
lợp bằng đá bản, lợp bằng đá phiến
vót, chuốt, gọt, đẽo, đẽo gọt, tỉa
tiện ren trong, xẻ ren trong
bịt mồm, bịt miệng, khoá miệng, khoá mồm
lau sạch bằng hơi nước
cấy, ghép
đuổi đi, trục xuất, đánh đuổi, đánh bật, tống cổ đi, đuổi ra khỏi, tống ra khỏi, đánh ra khỏi
nắm lấy, bắt lấy, tóm lấy, túm lấy, chụp lấy, chộp lấy
buộc, bó lại, trói gô lại
gian dâm, thông dâm, tà dâm, thông gian, tư thông
ráp, xù xì
chạm, chạm khẽ, chạm nhẹ, chạm lướt
trói cánh tay
gộp, gộp vào nhau, gộp lại, gộp lại với nhau, dồn lại, cộng lại, hợp lại, gom lại, gồm lại
tự tử, tự sát, tự vẫn, quyên sinh
vặn xoắn, vặn vẹo, làm méo, bóp méo, làm méo mó
tung, rải, rắc, gieo
thụi, đấm, thọi
cắt răng cưa, cắt hình răng cưa
đánh bằng gậy
in, hằn, lằn, in hằn, in lên, hằn lên, lằn lên, in hằn lên
dính chặt, bám chặt, bó sát, dính chặt vào, bám chặt vào, bó sát vào, dính vào nhau
cột, trụ, chống bằng trụ, chống bằng cột
nảy, bật, dội lại, nảy lại, bật lại, bật ngược lại
làm bẩn, làm dơ, làm lấm lem, làm nhem nhuốc, làm lem luốc, làm vấy bẩn, làm hoen ố, làm nhơ bẩn, làm nhơ nhuốc, làm dơ duốc
đụng đến, chạm đến, đụng chạm đến, đụng chạm vào
gánh, vác, gánh vác, vác trên vai, gánh trên lưng, gánh trách nhiệm nặng nề
xói mòn, bào mòn, khoét mòn
xén lông, hớt lông, cắt lông
bọc, gói, quấn, cuốn, bọc lại, gói lại, quấn lại, cuốn lại
cố định
bện, nối bện
đặt vòng hoa
hút
lau, chùi, lau chùi, lau sạch, chùi sạch, lau chùi sạch
cập vào cầu tàu
kèm, theo kèm, kèm riết, kèm sát, theo sát
phóng tên lửa, bắn tên lửa
nắm chặt, siết chặt, ôm chặt, ghì chặt, giữ chặt, kẹp chặt, bám chặt, bấu chặt
lật, đảo
đặt vào giữa
dựng, dựng buồm, dựng buồm lên bệ
chiếm được, có được
buộc dây cằm
xếp nếp, tạo nếp, gấp nếp
thả, hạ thuỷ
tháo ra, gỡ ra, tách ra
xới, làm tơi, làm rời ra
đặt, để, đỗ
lột vỏ, bóc vỏ
mài, mài nhẵn, làm nhẵn
phun ra, vọt ra, phun ra thành tia, làm bắn tia
cắt bỏ, cắt đi, chặt bỏ, phá đi, phá bỏ
cắt, xẻ
xâu, xỏ
bật tanh tách, bẻ tanh tách
cắn nhẹ, cắn yêu
giữ chặt, bám chặt, bấu chặt, nắm chặt
bào xoi
cắt hình chữ chi, cắt mép răng cưa
bạt bóng
mang đi, đem đi, bắt đi
xào lại bài, trộn lại bài, xáo lại bài, tráo lại bài
phá phách, cướp bóc, phá hoại, tàn phá, chiếm đoạt, cướp đoạt, cưỡng đoạt, cướp phá, xâm phạm, xâm chiếm
xả hơi, xì hơi, tháo hơi, làm xì hơi, làm xẹp
lát khảm, lát đá khảm
khâu viền, may viền
dệt màu
lủng lẳng, lòng thòng, đu đưa
đâm, chọc, châm, chích, đục, khoan, đâm thủng, chọc thủng, châm thủng, chích thủng, đục thủng, khoan thủng
ghép đôi, ghép cặp, thành đôi, thành cặp
xô, đẩy, huých, húc
dụ dỗ, gạ gẫm, quyến rũ, dụ, gạ
cắt, khứa, cứa, rạch, dọc
dựa, tựa, dựa vào, tựa vào
nhào, trộn, đảo, đánh, ngào, nhồi
đánh vảy, cạo vảy, lột vảy, đánh vẩy, cạo vẩy, lột vẩy
nối lại bằng đoạn nối, ghép lại bằng đoạn nối
xâu, xâu qua
xé thành từng mảnh, xé ra từng mảnh, phanh ra từng mảnh
hôn nhẹ, hôn khẽ, hôn lướt, hôn vội
bỏ, vứt, quẳng, bỏ đi, vứt đi, quẳng đi, ném đi, vứt bỏ, giũ bỏ, trút bỏ, tống khứ
lùng, sục, lùng sục, lục soát, lục lọi
rút lõi, lấy lõi ra, lấy nhân ra
mang, đưa
hút bụi
khua, lùa
kéo lên, cột vào
lên giây
ném, chuyển
buộc tàu vào bến, cột tàu vào bến
đâm, đâm qua, đóng cọc, xiên qua, đâm xuyên
lướt, xem qua, lướt qua, xem lướt, xem lướt qua, đọc lướt qua, đọc bỏ quãng
lục, lục lọi
huỷ, phá, huỷ hoại, phá huỷ, phá hại
trát, trít, trát vữa, trít vữa
chìa ra, đưa ra, chìa tay ra, đưa tay ra
giao phối, giao hợp, giao cấu
hoàn thiện, làm xong, hoàn thành
đánh, đấm, đập, thụi, đánh mạnh, đấm mạnh, thụi mạnh
xếp, xếp chỗ, xếp cho, xếp chỗ cho, xếp chỗ ngồi cho, xếp ghế cho
bó bột, trát thạch cao
nhỏ, rỏ, giỏ, nhỏ giọt, rỏ giọt, giỏ giọt
ứ, đọng, nghẽn bùn, tắc bùn
dập
bôi, phủ, phết, dán, trát, quyết, áp, bôi lên, phết lên, dán lên
đặt, dựng, dán yết thị, dán thông báo
chặn, ngăn, chắn, cấm
bọc, bọc lại
kết, bện, tết, vặn
sơn, quét sơn, phết sơn
khắc, chạm, trổ, chạm khắc, chạm trổ
đá, đạp
lột trần, mở ra
đập, đâm, xô, nện, thụi, thọi, đâm sầm
gỡ, thoát, giải thoát, gỡ rối, giải cứu, gỡ thoát, cứu thoát
đầu độc, hạ độc, tẩm độc, đánh bả, bỏ bả, độc sát, bỏ thuốc độc, tẩm thuốc độc
dính, bám, dính chặt, dính chắc, dính vào, bám chắc
trải ra, bày ra, dàn ra, giăng ra, rải ra
tách, tách ra
gánh chịu
gặt, hái, thu, gặt hái, thu hoạch, thu hái, thu gom, thu lượm, thâu lượm
cách nhiệt, bọc cách nhiệt, dán cách nhiệt, làm cách nhiệt
thí mạng, thí bỏ, hi sinh
đá bóng
làm ẩu, làm cẩu thả, làm qua loa, làm qua quýt, làm tào lao, làm đại khái, làm lấy lệ, làm có lệ, làm cho có
tháo, bỏ, tháo bỏ, tháo ghim, bỏ ghim, tháo bỏ ghim
thu hoạch hạnh, thu lượm hạnh, thu hoạch quả hạnh, thu lượm quả hạnh
nứt áo, tách khỏi vỏ, rơi khỏi vỏ
viền, viền dài viền, viền ruy băng
để, ném, liệng, lẳng, vứt, hất, tống, nhét
trộn, pha trộn, hoà trộn, kết hợp, hoà lẫn, trộn lẫn, pha lẫn, làm nhoà lẫn
đào hào, đào rãnh, đào mương
dũi, dũi mõm, thọc mõm
làm giảm bớt, làm hạ thấp, làm hạ bớt
khép, ngăn, khép kín, ngăn cách, giữ khoảng cách, cắt liên lạc
đưa, sờ, lướt
rơi, đập
đánh, đánh gục, đánh ngã, đốn ngã, đánh đổ, hạ gục
cắm, găm, gắn
ném, vứt, tung, liệng, quăng, quẳng, hắt, hất
hàn, hàn gắn, hàn lại, hàn nối lại
cởi, lột
giũa, cạo, nạo
cho phối giống, nhân giống, cho nhân giống
xô, đẩy, đùn đẩy, xô đẩy
khởi động, chạy
xoá, huỷ, bỏ, huỷ bỏ, xoá bỏ, loại bỏ, vứt bỏ, bỏ đi, gạch bỏ, thủ tiêu, triệt tiêu, gạch đi
ném bóng mạnh, thảy bóng mạnh
nhổ neo, kéo neo
giật mạnh, vặn mạnh, kéo mạnh, xoay mạnh
vợt, đánh vợt, đánh bằng vợt
ra sức ném, ném mạnh, ráng sức ném
thít chặt, làm tắc, làm nghẹt
phủ ngoài, bao ngoài
quấn, quàng, quấn quanh, quàng quanh
may
bắt, giữ, bắt giữ
kéo khoá, kéo khoá lên
lột da
đánh, đánh nhanh, đánh bất ngờ, đánh bất thình lình
cúp máy, dập máy, gác máy, tắt máy
cắt chân tay, chặt chân tay, chặt cánh, chặt đùi
cắt bóng
hạ, đánh gục, đốn, đốn hạ
va, đâm, đâm mạnh, va mạnh, đâm mạnh vào, va mạnh vào
bao bọc, bao quanh, vây quanh, rào quanh
đặt, để, để nằm, đặt nằm, để vào, đặt vào
ném, liệng
chằng, trói, buộc, chằng lại, trói lại, buộc lại
đấu, thi đấu, đọ sức, đối đầu, đối chọi, đối kháng, ganh đua
cắt tỉa, tỉa, tỉa tót, cắt, xén tỉa, xén
căng ra, trải ra
mài, mài sắc, làm sắc
cắt, thái
vỗ, gõ, đập, đánh
bắn, vấy, văng
kéo mạnh, giật mạnh
che phủ, che đậy, bao bọc
ghim, ghim lại
ràng, bó
bỏ mạng che mặt, tháo mạng che mặt, tháo bỏ mạng che mặt
giương, kéo
móc vào, treo vào, mắc vào, cài vào
cắt thành, cắt bỏ
chia tư, chia bốn, chia thành bốn phần
mạ đồng, tráng đồng, bọc đồng
rúc vào, nép mình, náu mình
chà xước bằng chìa khoá, cọ xước bằng chìa khoá
lợp rạ, lợp lá, lợp tranh
cắt bỏ, cắt đứt, cắt rời, cắt đi, cắt phăng, chặt phăng
ngập, tràn, ngập tràn, tràn ngập
bỏ, tháo, cởi
rạch, cắt, khía, khứa
lan ra, tràn ra, lan truyền, toả khắp, lan khắp, tràn ngập, lan tràn, truyền khắp
cất giữ vào thánh đường
lốp
để lại sẹo, để lại vết sẹo
đâm, đụng, đâm sầm, đâm sầm xuống, đâm sầm vào
mở, tháo, bóc, gỡ, tách
tháo, nới lỏng, thả lỏng, buông lỏng, thả ra, cởi ra, tháo ra, buông ra, nới ra, làm rời ra, gỡ ra
đeo thắt lưng, thắt dây lưng, buộc chặt bằng dây lưng
mò ngọc trai, mò ngọc
huých, hích, thúc
sắp xếp, sắp xếp văn bản
thắng cương, thắng dây cương
sơn giả vân
thủ dâm, tự sướng, thẩm du, sóc lọ, móc cua
dán băng, dính băng, đính băng
cào nhẹ, cấu nhẹ, véo nhẹ, sượt qua
cởi, bỏ, tháo, lột
vật, đấu vật, đánh vật, vật nhau
chải
trải thảm, bao phủ bằng thảm
đập, nện, phang, đập xuống, nện xuống, phang xuống
chém đầu, xử trảm, lấy đầu, chặt đầu, chặt lấy thủ cấp
tách, tách ra
đút vào, nhét vào, bỏ vào, thu vào, rúc vào
đánh bổng ngắn
lưu, giữ, trữ, cất, lưu trữ, cất giữ
co lại, thu lại, thun lại, nhỏ lại, sun lại, thu nhỏ lại
đậu, đậu trên
kéo, lôi, giật, giằng, kéo mạnh, lôi mạnh, giằng mạnh, giật mạnh
hái, hái lượm, thu hái
đánh, tẩn, nện, quất, quật, đập, bụp, dần, đánh đập, đánh đòn
dồn, gộp, gộp lại, dồn đống, dồn lại, xếp lại thành đống, thu gọn lại thành đống
chia vùng, phân vùng, ngăn cách, ngăn ra, chia ra, phân mảnh, chia cắt, phân chia, phân chia ra, phân tách ra
dừng lại, đỗ lại, tắt, hãm
ép, nén, chèn
ném phịch, quăng phịch
kéo, kéo lên
lau, lau chùi, đánh bóng
chạy, vận hành, hoạt động
phanh ra, banh ra
xúc, múc
tráng kẽm, mạ kẽm, bọc kẽm
kê, đệm, chặn
đặt mạnh xuống, đặt huỵch xuống, ném bịch xuống
xâm nhập
buộc, trói, cột, buộc vào, cột vào, trói vào
dẫn vào bến, dẫn vào cảng, đưa vào bến, đưa vào cảng
tiếp nối, nối liền, kết nối, nối nhau, gặp nhau, giao nhau
vớt bọt biển
bật, mở
phun
ném, phóng, quăng, liệng
căng ra, banh ra, kéo ra, mở ra
nhồi, nhét, lèn, nhồi vào, nhét vào, nhồi nhét
hoà nhập
hành hình vì đạo
đẩy, bắn, phóng, đẩy lên
đẩy lùi, đánh lui, đánh lùi
gập, gập lại, bẻ gập, làm cong, uốn cong
đội mũ vải
làm thẳng, kéo thẳng, vuốt thẳng, nắn thẳng, ép thẳng
cho đi ngủ, đặt vào giường
cuộn, quấn, vòng, cuốn, vấn
sắp, xếp, sắp xếp
tắt
tách, lấy, gỡ, lột, làm rời, tách ra, làm rời ra, lấy ra, gỡ ra, lột ra, bóc ra, lôi ra
đập, vỗ, vỗ nhẹ, đập nhẹ, gõ nhẹ
bật lên, nảy lên
chất quá đầy, chất quá tải, chất quá nặng, nhồi quá mức
có gai
phun, phọt, làm phun ra, làm phọt ra, làm bắn ra
không thấm nước, chống thấm nước
đóng đinh, đóng đinh ngắn
trầy da, xước da, sầy da, sất da, lướt qua, sượt qua, làm trầy da, làm xước da
tắc, làm tắc, làm nghẽn, làm nghẹt, làm tắc nghẽn, gây tắc nghẽn, làm tắc nghẹt
dán nhãn, gắn nhãn, đính nhãn
sắp chồng, xếp chồng, chất đống, chất chồng, sắp thành chồng, xếp thành đống
cuốn, hút, thu hút, lôi cuốn, lôi kéo, cuốn hút, hấp dẫn, quyến rũ
tung, ném, quăng
đuổi, loại, tống khứ, đuổi đi, đuổi khỏi, loại trừ, loại bỏ, gạt bỏ, tống ra, loại ra, tống khỏi, đuổi tống ra, đuổi cổ khỏi
đan, đan dệt
tết, bện
trồng, trồng cây
đập mạnh, đánh mạnh, vỗ mạnh
làm thăng bằng, làm cân bằng, giữ thăng bằng, giữ cân bằng
vây, bao, vây quanh, bao quanh, bao vây, bao trùm, bao kín
làm nhẵn, làm mịn, làm phẳng, làm nhẵn mịn, làm nhẵn phẳng, làm phẳng mịn
xâm lấn, tấn công, lan
mài, chà, làm sờn, cọ sờn, mài mòn, bào mòn
đóng chốt, đóng cọc
truyền, lan truyền, truyền bá, quảng bá, phát tán, phổ biến, tuyên truyền
làm bẩn, làm bẩn thỉu
tết, bện, tết lại, bện lại
đóng gói, đóng hộp, đóng kiện
lấp, bịt, bít, lấp đầy, lấp kín, nhét đầy, nhét kín, bịt kín, bít kín
nhỏ, vảy, vẩy
ra cảng, tới cảng
chăn, thả, dắt, chăn thả, chăn dắt, thả dắt
gỡ, tháo, gỡ ra, tháo ra
vấy bẩn, vấy bùn, làm bẩn, làm nhơ
chọc, đâm, thọc
dán quảng cáo, dán áp phích, dán áp phích lên tường
dán
tách, chia, tách ra, chia ra, chia tách, chia tách ra
gửi, gởi, gửi bưu điện, gửi qua bưu điện, gửi theo đường bưu điện, gởi theo đường bưu điện, gởi qu bưu điện, gởi bưu điện
đào rãnh, đào mương
làm sần, làm nhám, làm đốm, làm sần sùi, làm lấm tấm, làm lốm đốm
giật, giật mạnh
đóng yên, đóng yên cương, thắng yên, thắng cương, thắng yên cương
kéo, lôi, kéo lê, lôi kéo
thẳng vào ách, lồng ách vào
mở, trải, dang, phơi, giải, giăng, tung, mở ra, dang ra, giải ra, trải ra, giăng ra, phơi ra, tung ra
tiu, bạt
giạng, chạng, choãi, doạng, xoạc, giạng chân, chạng chân, choãi chân, doạng chân, xoạc chân
quạt, sy, sảy, sẩy, rê, quạt thóc, sy thóc, sẩy thóc, rê thóc
băm, bằm, vằm
véo mông, cấu mông, bấu mông, véo vào mông, cấu vào mông, bấu vào mông
chạy vòng quanh
đập, vỗ, gõ
nuốt, nhấn chìm, nuốt chửng, nuốt gọn
phết, quết
kéo lại gần nhau, mang lại gần nhau, xích lại gần nhau
nâng, nhấc, kéo, cẩu, trục, nâng lên, kéo lên, cẩu lên
dựng, đặt, để, dựng đứng
giữ, duy trì, mang, giữ vững
xếp, sắp xếp, sắp, bố trí
đeo mặt nạ
nịt, đai, nịt đai, thắng đai
cho vào túi, bỏ túi, bỏ vào túi
nhả, thả
xoá, xoá bỏ, xoá đi, xoá tan đi, tẩy đi, tẩy bỏ, tẩy sạch, tẩy xoá, lau sạch
kéo dài ra thành dây
chụm, tụm, túm, chụm lại, tụm lại
đánh giấy ráp, đánh giấy nhám
nhồi, độn, nhồi vào, độn vào
xâu kim, xâu chỉ
bào, bào đi
dựa, tựa, chống
dựng cột
tiêm, chích, tiêm chích
lọc
xoa, láng, thoa, làm nhẵn, làm mịn
đánh trên một gậy so với chuẩn, đánh quá một gậy so với chuẩn
lở băng, vỡ băng, vỡ ra những tảng băng nổi
âu yếm, vuốt ve, mơn trớn
gánh, vác, đặt lên vai, vác lên vai
xáo trộn, làm lộn xộn, làm rối tung, gây xáo trộn
nạo, mài, xát
xâu, xỏ
đánh sáp, vuốt sáp, bôi sáp, bọc sáp, phủ sáp, đánh sáp lên, vuốt sáp lên, bôi sáp lên, phủ sáp lên
bấm, cắt ngọn, bấm ngọn, cắt tỉa, cắt tỉa ngọn
buộc bằng dây da, trói bằng dây da, cột bằng dây da
trát, trít, trát xi măng, trít xi măng
cắt đứt, rời, đoạn tuyệt
đưa, chèn, xen, nhập, gắn, cho, thêm, nhét, đưa vào, chèn vào, thêm vào, cho vào, nhét vào
nhúng, vùi, chôn
buộc, cột, trói
triệt, tiêu diệt, huỷ diệt, tàn sát, diệt trừ, giết hết, giết sạch
ném mạnh, vứt mạnh, quăng mạnh, liệng mạnh
hái, lượm, thu nhặt
bắt vít, vít chặt
lau hầm tàu, dọn hầm tàu, rửa hầm tàu
che, phủ, bao trùm, bao bọc, bao phủ, che phủ
quay ngược, xoay ngược
đánh đòn quyết định
bẻ thành hình quay tay, uốn thành hình quay tay
bao, bao quanh, quây quanh
sàng lọc, chọn lọc
khắc
trát, trít
tháo, dỡ, tháo ra, dỡ ra, nới ra
đặt, đậu, đội
gõ, đập, đánh
chơi gái
giao phối, giao cấu, giao hợp, phối ngẫu, ăn nằm, giao phối với, giao cấu với, giao hợp với, phối ngẫu với, ăn nằm với
bắt, kèm
bắn, quăng, ném
mài, dũa, mài dũa
khoá, đan, lồng
bôi, trát, phết, quyết, bôi lên, trát lên, phết lên, quyết lên
cài, chốt, cài then, chốt then
gây tắc, làm tắc, gây nghẽn, làm nghẽn, gây tắc nghẽn, làm tắc nghẽn, bít, bịt
nhúng, dúng
kéo mạnh, giật mạnh
tràn lên, bao trùm, trùm lên
đâm, xô, đâm vào, xô vào
hất bằng chĩa, gảy bằng chĩa, đào bằng chĩa
phóng, ném
lát
đặt ở điểm phát bóng
mang, cầm, chở, đem, đưa, khuân, vận chuyển, mang vác, khuân vác
cặp tóc
quất, quật, quất mạnh, quật mạnh
gom vỏ, thu thập vỏ
chia lẻ, chia nhỏ
trát, trít, trát vữa, trít vữa
đột nhập, đột kích, xâm nhập, tập kích
đóng đinh
thắt chặt, gắn kết, gắn bó, gắn chặt
thắt nút, buộc chặt bằng nút
làm tơi, làm xốp, đánh tơi, làm tơi xốp
cắt phần dưới
vấy bẩn, làm nhơ, làm dơ, làm lấm, làm ố, làm dơ bẩn, làm nhơ bẩn, làm lấm bẩn, làm lấm lem, làm nhơ nhuốc, làm ô uế, làm hoen ố, làm nhơ nhuốc, làm dơ dáy
túm lấy, níu lấy
gặm, nhai
sơn mỏng, quét sơn mỏng, sơn kim loại mỏng
bắt mạch, xem mạch, xúc chẩn
gảy, gẩy, búng, bật
khai, thông, khai thông
vun đất thành luống
lao, quăng, ném, lao xuống, quăng xuống, ném xuống
không vận, chở bằng máy bay, dùng máy bay, vận chuyển bằng máy bay
nhập quan
phủ kem
đánh bằng gót gậy
đào hào quanh, đào rãnh quanh
chạm nhẹ, vuốt nhẹ, cọ nhẹ
tổ, ổ
làm rối, lục tung, lục lọi, bày bừa, làm rối bù, làm rối tung, làm rối beng, làm rối rắm, làm xáo trộn
dựa, tựa, chống, đỡ, chống đỡ
dùng, chỉnh, sử dụng, vận dụng, điều khiển, điều chỉnh, thi hành
triển khai, khai triển
đỡ, nâng đỡ, đỡ bằng giàn
chất đầy, chất lên
huỷ bỏ, thủ tiêu, loại bỏ, hoàn lại
xoa, thoa, láng, làm nhẵn, làm mịn
ép, vắt, bóp bẹp, đè bẹp
nghỉ, nghỉ ngơi, tĩnh dưỡng, dưỡng sức, an dưỡng
nằm sấp, nằm úp mặt
bọc bằng nỉ
quét, phết, phủ, sơn, thoa, bôi, trát, trít
trích, mổ
phá trinh, làm mất trinh
san, san phẳng, san bằng, làm bằng, làm phẳng
ráp
rạch, rạch da, rạch sẹo
giết, tiêu huỷ
ngăn, chặn, ngăn chặn, chặn lại
thâm nhập, xâm nhập, nhập sâu
đóng, ngăn, cản, ngăn cản, đóng lại, ngăn lại, đóng cửa
nối lại, chập lại
vắt, vắt nước, bóp, bóp nước,
nâng niu
phết đầy, dán đầy, trát đầy
bó sát, ôm chặt
chứa, giữ
trát bằng vữa xtucô
đo
hoá kiếp, tiễn đi
nhấc, nâng, nhắc, nhấc lên, nâng lên
niêm, đóng dấu niêm, đóng dâu niêm phong
tráng thiếc, bọc thiếc
vồ, chộp, bắt, chụp, tóm, túm, vồ lấy, chộp lấy, bắt lấy, chụp lấy, chộp lấy, tóm lấy, túm lấy
phun
lột sạch, lột hết, lấy hết, lấy sạch
cắn, ngoạm, đớp
mắc, vướng, móc, kẹp
giấu, che giấu, giấu giếm, che đậy, bưng bít
đánh thẳng, đập thẳng, vụt thẳng, quật thẳng
nhúng, ngâm
lắp quay tay
chằng, buộc chằng, trói chằng
bôi máu
bít, trét, hàn, bịt
cọ, lau, chùi cọ, lau chùi, cọ rửa
nắm chặt, túm chặt, ôm chặt, bám chặt, giữ chặt
vo, vê, vo tròn, vê tròn
khoanh, khoanh tròn
hoạt động tốt, làm việc hiệu quả, chạy ro ro
kẹp, gán, cặp, gắn, ghim, đâm, đính
đeo chuông, đeo chuông cho
bắc cầu, xây cầu
đẻ, đẻ trứng
đặt, đặt xuống đất
kẹp
nén, đè, ấn, nhấn
gắn, đính
tích tụ
lan truyền, lan ra, lan toả
đục, khoan, dùi
đào, đào bới, khai quật, khai phá, khoét, moi, khoét rỗng
săn ếch, bắt ếch
làm sứt, làm mẻ, làm sứt mẻ
tống, ném, quăng, quẳng
gửi thư ngoại giao, gửi thông điệp ngoại giao, gửi sứ điệp, gởi thư ngoại giao, gởi sứ điệp, chuyển thư ngoại giao, chuyển sứ điệp, chuyển thông điệp ngoại giao, gửi chuyển thông điệp
vặn cổ, siết cổ, bóp cổ
khắc, chạm, tạc, chạm khắc
dán
dán giấy dán tường, phủ giấy gián tường
đánh bằng dùi cui
đãi, chao, gạn
thắt cổ, treo cổ, vặn cổ
làm kẹt, làm mắc, làm tắc, làm kẹt lại, làm kẹt cứng, làm mắc kẹt, làm mắc lại, làm tắc lại, làm không nhúc nhích được
đụng, va, chạm, đụng chạm, va chạm, đụng nhau, đụng vào nhau, va nhau, va vào nhau, va chạm nhau, va chạm vào nhau
đánh bóng
lót, lót ván
trượt, trật, hụt, không trúng, trật lấc
đập mạnh, đánh mạnh
đóng, bắt
xáo trộn, làm lộn xộn, làm rối, làm rối tung, làm rối bù, làm rối mù, làm mất trật tự
chạm, đụng, sờ, chạm khẽ, đụng khẽ, khẽ chạm, khẽ đụng, khẽ sờ, chạm nhẹ, đụng nhẹ, sờ nhẹ
nén, ép, đè nèn, bóp chặt,
chạy không
vít, đóng, bắt, ráp, lắp, vặn, chốt, ấn, bắt vít, đóng vít
đào, xới, cuốc, bới, đánh tơi, làm tơi
trồng, cấy, gieo, gieo trồng, đặt, gieo cấy
gắn xi măng
tẩy bằng bọt biển, xoá bằng bọt biển, lau chùi bằng bọt biển, cọ sạch bằng bọt biển
té, hắt, vẩy, rảy
dùng chuột, sử dụng chuột máy tính
uốn, xoắn, gập, uốn cong, bẻ cong, gập cong, làm cong
chấm, tạo chấm, tạo đốm
đẩy, xô, huých, hích, xô đẩy, xô lấn
trộn, nhào, nhào trộn
cùm, cùm lại
múc bằng thìa, múc
ngủ với, ăn nằm với, giao cấu với, qua đêm với, làm tình với, quan hệ với, lên giường với, quan hệ tình dục với, giao cấu, làm tình
bỏ màn, vén màn, khánh thành
nối mộng rãnh rìa
đưa vào làm, đặt làm vào
đánh mạnh
lan rộng, lan khắp, toả khắp, toả rộng, lan toả, lan ra, toả ra
ném lén lút, ném giấu giếm
cản trở, làm khó, gây khó, khó dễ
rạch, cứa, khứa
may nối vắt, khâu nối vắt
nhốt, giam, giam giữ, giam cầm, giam hãm
đánh hai chốt, đánh cú hai chốt, chiếm gôn thứ hai
phun, phóng, phọt, vọt, hất, phóng ra, phun ra, phọt ra, vọt ra, bắn ra
thêm tiền tố
kéo thẳng, uốn thẳng, duỗi thẳng, vuốt thẳng
kéo, kéo lê, kéo theo
kết, bện, xoắn, xe
chặt đầu, cắt đầu, lấy đầu, bỏ đầu
đâm bằng lưỡi lê
ngập, tràn ngập, ngập tràn, làm tràn ngập, làm tràn đầy
đánh dấu phụ
cuộn, quấn, cuốn, cuộn vào, quấn vào, cuốn vào
xé, xé nát, xé toạc, xé rách, xé phay
khuỵ xuống, sụp xuống, quỵ xuống, sập xuống, hạ xuống, sập xuống
mang bằng xô
đánh sang trái, đánh xoáy trái, đánh nhẹ sang trái, đánh xoáy sang trái
đâm gậy nhọn, chọc gậy nhọn, thọc gậy nhọn, thúc gậy nhọn, đâm bằng gậy nhọn, chọc bằng gậy nhọn, thọc bằng gậy nhọn, thúc bằng gậy nhọn
cọ, cào cấu, cọ xát
vỡ, bể, gãy, gẫy, đứt, vỡ ra, bể ra, gãy ra, gẫy ra, đứt ra, gãy rời, gãy rời ra
quàng, quấn
đánh, đấm, đập, giáng, nện, choảng
cắt đứt, chặt rời, cắt lìa, cắt rời
nối nhau, cặp vào nhau
thúc ngựa
rút ổ cắm, rút phích cắm, tháo ổ cắm, tháo phích cắm
rải nhựa, trải nhựa, bôi hắc ín, quét nhựa đường, phủ nhựa đường, tráng nhựa đường
ném, liệng, quăng, vứt, quẳng
quấn, quấn quanh, vấn xung quanh, buộc vào, buộc quấn, buộc quanh, bao quanh
nổ, bắn, phóng
chuyển hướng, đổi hướng
drive, bạt golf, bạt gôn
chất quá tải, chất quá nặng, cho chở quá nặng, cho chở quá tải
xào bài, trộn bài, xáo bài, tráo bài
sàng, giần
xâu thành chuỗi
đánh lưới, bắt bằng lưới, đánh bằng lưới
quét lên, phết lên, trát lên, bôi lên
hấp thu, hấp thụ
ôm, ôm ấp, nâng niu, âu yếm, bồng bế
ném tới tấp, dội tới tấp
kích lên
tháo sợi, rút sợi
vặn chặt, siết chặt
đấm, thụi, thọi
cào, gãi, nạo, cạo
day, véo, vấu, beo, bấu, cấu, day nhẹ, day day, véo yêu
trồng cây
vuốt ve, ve vuốt, vuốt nhẹ, vuốt khẽ, mơn trớn, mơn man
tách, tách ra, cắt, cắt ra, chia cắt, phân liệt, phân tách
táp vào, đập vào
xói mòn
đóng nút bần vào
đào hào vây quanh, đào hào bảo vệ
vận chuyển bằng hàng không, vận chuyển bằng đường hàng không
lau, xoa, xoá, chùi, lau chùi
săn được, bắn chết, bắn được, săn bắn được
trát, trít, đổ bê tông, rải bê tông
té, tung toé, làm bắn, làm toé, làm tung toé
giết, mổ, thịt, giết mổ, giết thịt, mổ thịt, làm thịt
che, chắn, che chắn, che đậy, che lại
gây rối, làm loạn, phá quấy, quấy rối, quấy quả, làm xáo động, làm náo động, làm xao động
giáng, giáng đòn, ra đòn, tung chưởng, xuất chưởng
chồng, xếp, xếp chồng, chồng lên, xếp lên
dũi đất, ủi đất
vặt, nhổ, giật, bứt, ngắt, hái, trẩy, bẻ
nghiến, cọ, nghiến ken két, nghiến kèn kẹt
hớt, xén, cắt, cắt xén
dán đầy lên, dán lên, gắn lên
đóng dấu bưu điện
đánh bằng roi chín dài
đẩy bằng sào
làm rối, làm rối bù, làm rối tung, làm rối beng, làm rối rắm, làm rối như tơ vò
hú, xuỵt
đệm, độn
chạm, đụng, đụng chạm
ngâm, giầm, dìm, nhúng
gắn, gắn vào, gắn với
chậm, tiếp thu chậm, tiếp thu kém, chậm tiếp thu, chậm hiểu, hiểu chậm
đào hầm, đào hào
tống đạt, gửi, chuyển lệnh đến
bợp, bớp, tát, vả
đậy, phủ, trùm, cuốn, bọc, đậy kín, phủ kín, trùm kín, bọc kín
đãi, chao, gạn
làm xẹp, làm xì hơi
đóng xiên, đóng nghiêng
ra sức, ra sức làm, làm miệt mài, làm chăm chỉ
đóng trại, cắm trại, dựng trại, hạ trại
đập lúa
đấm, đánh, đấm đánh, đấm bốp, đập bốp
làm thay đổi, làm đổi thay
chở bằng xe ngựa
tước xơ
làm mái, lợp mái
đặt, đặt xuống
dán nhãn, đóng nhãn
siết, siết chặt
làm lõm, làm lõm xuống
đập hụt bóng, đánh hụt bóng, đập lỡ bóng, đánh lỡ bóng, whiff
đóng, khép
va, chạm, va chạm
đánh bằng mũi gậy
đánh bằng roi, quất bằng roi, vụt bằng roi, quật bằng roi
làm tắt, dập tắt, thổi tắt
là, ủi, là ủi
khuấy, khoắng, quấy, quậy
băng, băng bó, quấn băng
chặn, chắn, ngăn, cản, ngăn cản, chặn lại, chắn lại, ngăn lại, cản lại, ngăn cản lại
quây vào trong một lùm cây
tiếp giáp với, giáp với, ở cạnh, ở sát, giáp giới với, nằm sát, nằm sát cạnh
đeo băng
gói, bọc, bọc lại, buộc lại
đâm, chọc, chích, khoan, khoét, đâm vào, chọc vào, chích vào, khoan vào, khoét vào, đâm thủng, chọc thủng, chích thủng, khoan thủng, khoét thủng, xuyên qua
treo, mắc, lắp, gắn
quất, quật, vụt, phết
quật ngã, làm ngã, đánh ngã, hất ngã
ném đá, ném đá cho chết
dựng, dựng hình
giữ, ngăn, chặn, cản trở, giữ lại, ngăn lại, chặn lại, cản lại
lau bằng khăn
chia cắt, tách rời, chia tách
chặt, đốn, xẻ, chặt gỗ, đốn gỗ, xẻ gỗ, đốn cây
phủ, che, bao, bọc, bao bọc, bao phủ, che phủ
quét, quét dọn, dọn, dọn dẹp
mò, mò mẫm, sờ soạng, quờ quạng, lần mò, lần tìm
mài, mài sắc làm sắc
hích, huých, thúc khuỷu tay
nới, nới lỏng
rửa xà phòng
rào, rào lại
lắp vào đầu xe, gắn vào đầu xe, nối vào đầu xe
mở
lấy ra, rút ra, lôi ra, kéo ra, nhổ ra
gieo, gieo hạt, gieo mầm, gieo giống, gieo hạt giống, trỉa, trỉa hạt
lục lọi, lục soát, lục lạo
chuẩn bị sử dụng
cú chip shot, cú hớt bóng
khuấy, khuấy đục, đảo
chặt, đẽo, chặt bằng rìu, đẽo bằng rìu
mổ sống, mổ xẻ sống
bịt
cột bằng dây cáp, buộc bằng dây cáp
bắc giàn giáo
gài, cài
bọc, gói
bới, tìm, bới tìm
cất đi, xếp xó, bỏ không
hớt, vớt, hớt bọt, hớt váng, vớt bọt, vớt váng
pha, chế, pha chế
khoan, khoan xương
thúc
nêm gia vị, thêm gia vị, cho thêm gia vị
phân đoạn, phân đốt
thêm gia vị, nêm, trộn nước xốt
nối
ép, nén, nén ép
đánh, đấm, đập, thụi, thọi, nện, đánh mạnh, đấm mạnh, thụi mạnh, thọi mạnh, đánh bình bịch, đánh phình phịch
mài mòn, bào mòn, làm mòn
bắt trai sò
rào, rào quanh, rào lại
vặn, vắt, bóp
thái, lạng, cắt lát, thái lắt, thái mỏng, cắt mỏng, lạng mỏng
phủ một lớp
dồn việc, dồn trách nhiệm, chất gánh nặng lên
rào, rào lại
bơm, đổ, nạp
mở, mở khoá
nêm, chèn nêm, chêm nêm, kê nêm, đóng nêm
quét vôi
hút bằng bọt biển
rắc, rải
cướp, giật, cướp giật
đánh dấu phụ
phủ kín, bao bọc, bao phủ
dồn toa xe thành luỹ
bào
gây tử vong
lùng sục, sục tìm, sục sạo, sạo sục
đánh trứng, trộn trứng, đánh trứng vào, trộn trứng vào
ràng, buộc, cột, trói, buộc chặt, cột chặt, trói chặt
nhốt, giam
vụt, lướt
đánh vỡ đầu, đánh vỡ sọ
hôn, âu yếm, ôm hôn, vuốt ve, mơn trớn
kiêm, kiêm nhiệm
ném, vứt, quăng, quẳng, liệng, lao, tống
cào, quào, móc
ngược đãi, bạc đãi
chải, quét
hợp, hiệp, kết hợp, dung hoà, liên hiệp, hợp lại, hiệp lại, liên hợp lại, hợp nhất lại
tháo dây, cởi dây
nắm chặt, cầm chặt, ôm chặt, kẹp chặt
mang theo, đưa theo, dẫn theo, đem theo
nối bện
dệt với kim tuyến
tháo, cởi, gỡ, mở, tháo ra, cởi ra, gỡ ra, mở ra
phủ sương, phủ sương giá
giao, giao hàng, chuyển hàng, chuyển phát, vận chuyển
đeo vòng chân, gắn vòng chân
gói lại, bọc lại
may viền, tạo viền, khâu viền
hạn chế, cấm, giam hãm, giam giữ, nhốt giữ
cài, cài khuy, cài cúc
chà liên tục, chà xát liên tục, chà không ngừng, chà xát không ngừng
xé, xé rách, xé toạc, bửa ra, nứt ra, toạc ra, bung ra
đi tơ, đạp mái
nhăn, cau, nhíu
vứt rác bừa bãi lên, bày bừa rác, vứt rác rưởi bừa bãi lên, bày bừa rác rưởi
hoạt động sai, hoạt động không chính xác, hoạt động không đúng, chạy sai, hoạt động sai, chạy không đúng, chạy không chính xác
niêm kín, dán kín
ghim, găm, cài, ghim lại, găm lại, cài lại
lát, ốp
búi, bối, quấn
rập chữ nổi
mạ bạc, tráng bạc
hút, hút ra, mút, mút ra
kết hợp, hoà trộn, trộn lẫn
ép, vắt, chiết
nép, rúc, xích, cuộn mình, thu mình, nép mình, náu mình, rúc vào, ẩn mình
liệm, khâm liệm
tháo, rút sợi
lai, lai giống, ghép giống, cho lai giống, cho ghép giống
dẫn, đưa, đem
gài, cài
nghịch vẩn vơ, đùa vẩn vơ, chơi vẩn vơ
hôn, thơm
khám xét, rà soát
đánh, đập, dần, tẩn, nện, đánh đòn, đánh đập
gán, gán cho, gắn cho
xếp tầng
xoắn, vặn, quấn, cuộn, quặn, xoắn lại, vặn lại, quấn lại, cuộn lại, quặn lại
để chảy nhỏ giọt
bắt đầu khoan
xếp, sắp xếp
giữ trên mặt đất
khâu
kéo ra, lôi ra, nhấc ra
kéo, lôi, giật, lôi kéo
lấy ra, rút ra
giẫm, đạp, giẫm lên, đạp lên
kì, kỳ, kì cọ, kỳ cọ, chà, chà xát, cọ
cất, cất linh hồn, đưa, đưa đi, gọi, gọi về
giao bóng, ném bóng
liếm, liếm láp
cắn nhẹ, ngoạm nhẹ
giũa
quét
xẻ, cưa
quét, khua, khoắng
để ngồi, đặt ngồi
chào mừng, tiếp, đón tiếp, tiếp đón, chào đón, đón chào
xếp nếp, xếp li, xếp ly
bốc, vác, dỡ, bốc dỡ, bốc vác, bốc hàng, dỡ hàng
nhuốm, nhuộm
khai triển
lấy, lấy ra
đặt dấu nối
đánh, đánh đau, đánh mạnh
lột, bóc, gọt, bào, tước
chải, chà
làm ngạt, làm ngạt thở, làm nghẹt, làm nghẹt thở, làm tắc, làm tắc thở
len, lách, len lỏi, luồn lách
tách riêng, chia ra riêng, tách ra riêng
làm sắc, mài sắc, giũa sắc
xếp theo thứ tự, sắp xếp theo thứ tự
tách nhỏ
đấm, thụi, thọi
tóm, bắt, tóm cổ
chọc, xuyên, xoi, thọc, đâm, thúc, thích, ấn, ẩy, chọc thủng, xuyên thủng, xoi thủng
tước, gọt, bóc, gọt vỏ, bóc vỏ, lột vỏ, tước vỏ
mạ, phủ
tước
gỡ, tách, bóc, bóc tách
đập, va, đâm, va vào, đâm vào, đập vào, đâm sầm
che, phủ, che phủ, phủ lên, che lên
cài, gài, ghim, xiên
dính, đính, gắn, dán
gảy, gẩy
sắp, xếp, đặt, để, sắp đặt, sắp xếp, bố trí
ngừng hoạt động, ngừng vận hành
làm đổ, làm tràn, đánh đổ
gấp nếp, làm nhăn, làm nhàu, tạo nhăn, tạo nhàu
gập, gấp, vén, xắn, bẻ, gập lên, gấp lên, vén lên, xắn lên, bẻ lên
sờ, rờ, mó, cầm, sờ mó, rờ mó, sờ vào, cầm vào
gấp nếp, ép nếp, uốn nếp
đãi, lọc, sàng, sảy, sẩy
dò, dò tìm, dò la
gặm, gậm, ngoạm
làm kén
đánh nhẹ, búng, vụt nhẹ, gõ nhẹ
đóng gói, đóng kiện, cho vào bao bì, bỏ vào hộp, cho vào hộp
đập nhẹ, gõ khẽ, gõ nhẹ, vỗ khẽ, vỗ nhẹ, phết nhẹ, đánh nhẹ, đánh khẽ
làm dấu, ghi dấu, tạo dấu
khía, khứa, cứa, cắt
vuốt, xoa, vuốt ve, ve vuốt, vuốt vuốt, xoa xoa, mơn man, mơn trớn
trồng cỏ xanh lên, trồng cỏ xanh lên đám đất
ép, cưỡng ép, ép buộc, bắt ép
đóng, đóng lại
thắt bằng dây thừng, buộc bằng dây thừng, trói bằng dây thừng, cột bằng dây thừng
đào ngang, đào lò ngang
thắng yên, đóng yên
thủ tiêu, loại bỏ, trừ khử, khử, thanh toán, sát hại
gặm, gậm, gặm nhấm, gậm nhấm
rạch, khía, cứa
đóng, ấn, cắm, đóng chặt, đóng sâu, gắn chặt, cắm chặt
sàng, rây, lọc, sàng lọc
vạch mặt, vạch trần, bóc vỏ, lột vỏ, lột mặt nạ, cởi mặt nạ, bỏ mặt nạ ra
bọc
sờ soạng, quờ quạng
ngồi xổm, ngồi chồm hỗm, ngồi chồm hổm
hất, làm ngã
lót viền
giảm phân
ném trứng vào
mổ, xẻ, mổ xẻ
lồng kính, lắp kính
đẽo, gọt, đẽo gọt
rắc, rải, phân tán, phân tán rải rác
quỳ, quỳ xuống
móc, cài, gài
chuyển, truyền
để, bố trí, sắp đặt, sắp xếp
nằm ườn
rạch, chọc
cắt, cắt xén
duỗi, duỗi thẳng, duỗi ra, nắn thẳng, trải thắng, kéo thẳng, ép thẳng
phủ đầy lông, gắn đầy lông
cho vào vỏ, bỏ vào bao
thông nhau, nối thông, nối thông nhau
đâm sừng, húc bằng sừng, đâm bằng ngà, xé bằng răng nanh
rửa, tẩy, tẩy rửa, xả, giặt giũ
đâm bằng giáo, đâm bằng thương
thêm hậu tố
kết hợp, kết đôi, ghép nối, ghép đôi, ghép hợp
ôm, ôm ấp
tách ra, tách rời, rời ra, phân ra, phân tách ra
ghim, ghim lại, đóng ghim
đắp nổi, chạm nổi, khắc nổi
đóng chốt, đóng cọc
vãi, đánh đổ, làm đổ, để đổ, làm rơi, làm vãi, để vãi ra, để đổ ra, để rơi ra
biến dạng, thay đổi, đổi dạng
đóng lô, tập hợp thành lô
làm rỗng, khoét rỗng, đục rỗng, làm ruỗng, đục ruỗng
đục, chạm, chạm trổ
đấm bốc, đấu quyền anh, đấu đấm bốc, đấu boxing, đánh quyền anh, thi đấu quyền anh, thi đấu đấm bốc, thi đấu boxing
đá lên, đá tung lên
đơm khuy, đơm cúc, khâu khuy, khâu cúc
đáp trả, đáp lại
sục mũi vào, dí mũi vào, gí mũi vào, rúc mũi
moi ruột, rút ruột, bỏ ruột
đuổi ra, tống cổ ra, thải hồi
đúng tiêu chuẩn, đúng quy cách
ghép cặp, ghép đôi, ghép thành cặp, ghép thành đôi, sắp thành cặp, sắp thành đôi
tập hợp, tập trung, tập họp
đóng vào bao tải
thấm, hút, thấm hút
đánh bất tỉnh, đánh gục, đánh ngất xỉu
hút, thu hút, lôi cuốn, cuốn hút
chộp, túm, tóm, bắt, vồ
thắng, thắng cương, thắng dây, thắng dây cương
buộc thòng lọng, thắt bằng dây thòng lọng, buộc bằng dây thòng lọng
rũ, buông, rủ, xoã, thõng, buông xuống, thõng xuống, thả xuống, chùng xuống, xõa xuống, rủ xuống, rũ xuống
đánh véc - ni, phủ véc - ni, quét véc-ni, đánh véc ni, quét véc ni, phủ véc ni, quét sơn dầu, đánh sơn dầu
quét, quét dọn, dọn, dọn dẹp
rặn, rặn ra
đá, đánh, đập, vỗ
rỉa lông
khoét, đào, khoét sâu, đào sâu, sục sâu
kéo, kéo lê
rắc, phủ
dựa, tựa
thái thành từng khối, cắt thành từng khối
mài nhẵn, làm nhẵn
cọ xát, chà xát, chà, cọ
in dấu, đóng dấu, đóng dấu lên, in dấu lên, đóng dấu vào, in dấu vào
thả ở cầu tàu
mạ kền, mạ ni ken, mạ ni-ken
ghép, lắp ráp
ngăn gian, ngăn ô, phân gian
bật sáng, khởi động
dựa, tựa
ném, tung, búng, liệng, lia, hất
