chuyển, đổi, thay đổi, đảo
bập bềnh, dập dềnh, lên xuống, bồng bềnh
ngoằn ngoèo, quanh co, uốn khúc
nghỉ, đỗ, đậu, hạ, dừng, hạ cánh
đi vượt tốc độ, đi quá tốc độ
lơ lửng, bay lượn, bay liệng, trôi lơ lửng, chao liệng, lửng lơ, là là
đi đôi, đi cùng, đi theo, sánh đôi, sánh bước
vội, vội vàng, vội vã, nhanh chóng, hối hả, gấp rút, hấp tấp
để lắng, làm lắng xuống, làm chìm xuống
quay, xoay, vặn
dẫn qua, đưa qua, truyền qua
chết đứng, chết lặng, chết điếng, chết điếng người, điếng người, lặng người
phát, phân phát, cấp phát, ban phát
lái vượt gió
nở, nở ra, phồng, phồng ra, phồng lên, căng lên
lượn, liệng, bay lượn, bay liệng
xoáy, chảy xoáy, cuộn xoáy, xoáy tít, xoáy lốc, xoáy tít mù
đi lên, tiến lên, vươn lên, vượt lên, tiến đến
khoe, khoe khoang, phô trương, phô ra
đi chơi, đi nghỉ, du ngoạn, đi du ngoạn, đi du lịch, du lịch, nhàn du, phiếm du
hành quân, dẫn đi
đổ, đổ xô, tràn, chen, chen chúc
đến gần, tiến gần, đến sát, áp sát, tiến sát, dồn lại gần
giật mạnh, vặn mạnh
đi nước kiệu
đi theo đường zíc zắc, đi theo đường xoắn ốc, đi theo đường chữ chi
đi xe, lái xe, chạy xe
bò, trườn, bò trườn
chìm nghỉm, chìm lỉm, chìm dưới
bò, trườn, bò trườn
di chuyển thành đàn, di chuyển theo đàn, di chuyển thành bầy, di chuyển theo bầy
rắc phân, bón phân, rải phân
chở, chuyển, tải, chuyên chở, vận chuyển, vận tải
cặn, cấn
lao ra, nhảy vọt ra
đặt thẳng, để thẳng, nắn thẳng, kéo thẳng
tiến, tiến lên, diễn tiến, tiến triển, phát triển
xoay
nổi bọt, sủi bọt, nổi bong bóng, sủi bong bóng
phanh lại, thắng lại, hãm lại, ghìm lại, hãm xe
nhỏ giọt, giỏ giọt, rỏ giọt, chảy nhỏ giọt, chảy lì rì, chảy rì rì
hun khói đuổi, xua đi bằng khói, dùng khói xua, đuổi bằng khói
vỗ, vỗ cánh
lội bì bõm, bì bõm lội, lội lõm bõm
lặng lẽ đến với, lặng lẽ tiến lại, lẳng lặng tiến đến
bay, bay lên
lăng xăng, chạy lăng xăng
bôi nhựa bẫy chim, quét nhựa bẫy chim, phết nhựa bẫy chim
qua, đi qua, trôi qua
đi bộ đường dài
đặt đúng tâm, đặt vào giữa, để vào giữa, đặt vào chính giữa
bơi, hụp, ngụp, lặn, lội, bơi lội
đu đưa, lúc lắc, đong đưa, đung đưa, vung vảy, vung vẩy
đẩy, xô, ẩy, ẩn, du, đẩn, xô đẩy, xô đẩn
dốc, nghiêng
cập bến, cập bờ, vào bờ, đẩy vào bờ, lái vào bờ, lái cập bờ
phun, vọt, tuôn, xì
đổ, ngã, lật, xoà, xoã, đổ vật, đổ vật ra, ngã vật, ngã vật ra
chạy tán loạn, chạy như ong vỡ tổ
nhớ, dư
quay lại, trở lại
quẩn quanh, quanh quẩn
quẹo đi, uốn cong, bẻ cong, bẻ queo, uốn khúc, uốn quanh
đâm xuống, quăng xuống, bổ xuống, nhào xuống, lao xuống
nô đùa, nô giỡn, chơi đùa, vui đùa, đùa nghịch, nô đùa nhảy nhót
đỗ, sà, hạ, đậu, đỗ xuống, sà xuống, hạ xuống, đậu xuống
quay đi, ngoảnh đi, quay ngoắt đi
qua cầu, đi qua cầu
giần, sàng, rây
phi nước đại, chạy nước đại, phóng nước đại
xử, xét xử, xử án, xử tội
đi xe điện, đi tàu điện
phong hậu
đi qua, đi ngang qua, chạy ngang qua, chạy qua, chạy cắt ngang qua, đi cắt ngang qua
thả diều
đi rầm rầm, chạy rầm rầm
đi, đi vào, bước vào
to lên, cao lên, vang lên
lái, đi, điều khiển
lũ lượt kéo đến
để lại, để sót lại, để lại dấu vết
rẽ, cua, quặt, quẹo, ngoặt
lội, lội qua
dẫn trước, tiến lên trước, vượt lên trước, vươn lên trước, bứt lên trước
làm rung chuyển, làm rung động, làm chấn động, làm lay chuyển, làm rung lắc, làm chao đảo
đẩy, xô, hích, huých, đá
chuồn, biến, thoát, lẻn, lủi, lẩn, trốn thoát
tựa, dựa, ngả, tựa vào, dựa vào, ngả ra, ngả xuống
du lịch, du ngoạn, du hoành, du kí, du lãm, du nhai, du ngoại, chu du, vãn du, viễn du
chập chững, lẫm chẫm, đi chập chững, bước chập chững, đi lẫm chẫm, bước lẫm chẫm
uốn, uốn cong, vẽ đường cong
tách ra, tách riêng ra, phân ra, phân chia ra
lang chạ, chung chạ, lăng nhăng, lăng loàn
chen, len, chèn, lách, lấn, chen lấn
rơi, rớt, rơi rớt
đi, ra đi
gần, gần đến, gần tới, gần kề, cận kề, giáp, sắp tới, sắp đến,
tiến về phía trước, đi về phía trước
nhảy, nhảy xuống
lấy xuống, đưa xuống, đem xuống, mang xuống, lôi xuống, kéo xuống, tháo xuống, hạ xuống
xoáy, xoáy lên, cuộn lên, xoáy cuộn lên, bốc lên
bơi bằng vây
quẫy, quẫy đạp, vùng vẫy
lùi ra khỏi, đi lùi ra, đi lùi ra khỏi
lưu hành, phát hành
đi, bắt
đặt vào vị trí, đưa vào vị trí, đặt đúng vị trí, đưa đúng vị trí
bay thành đàn, bay thành nhóm, bay theo tổ
đi thuyền, bơi thuyền, chèo thuyền
đem đến, đưa đến, đưa ra, đưa vào, tạo ra
cập cảng, cập bến, vào cảng, vào bến
quay ngược, xoay ngược, đảo ngược, lộn ngược
xuống, giảm, hạ xuống, giảm xuống, đi xuống, buông xuống, rủ xuống
chảy dọc, chảy dọc theo
đi tập tễnh, đi khập khiễng, đi cà nhắc, đi cà nhót, đi cà nhót cà nhắc
quay ngược, nghịch hành, đảo chiều
đi
dập dờn, rập rờn
chảy xuống
đến, tới
bay theo gió, cuốn theo gió, cuốn theo chiều gió
bập bênh, chơi bập bênh, ngồi bập bênh
đi nhờ xe, cho đi nhờ xe, cho quá giang
cuộn, xoay, quay, xoáy, cuộn tròn, xoay tròn, xoáy tròn, xoáy trôn ốc, xoắn ốc
bỏ trốn, chạy trốn, trốn chạy, lẩn trốn, đào tẩu, đào thoát, trốn thoát
ngồi dậy, bật dậy, ngồi bật dậy
hoà, hoà vốn, hoàn vốn, không lỗ không lãi
nghiêng đi, dốc xuống
sụt, giảm, sụt giảm, suy tàn, suy sụp, tàn tạ, sụt xuống
cưỡi, cỡi, phi, đi
vung tay, vung tay lấy đà
thẳng dậy, đứng thẳng, đứng thẳng dậy
đến, đạt tới, đi tới, đạt đến, đến mức, đạt mức
yên vị, đứng yên, ngồi yên, đứng im, ngồi im, ở im
thả, thả tõm, thả rơi tõm
trèo, leo, trèo leo, leo trèo, trèo lên, leo lên
thấm
rung, rung động, dao động, rung rung, rung rinh
tịnh tiến, chuyển động tịnh tiến
đào thoát, tẩu thoát, phắn, cao chạy xa bay, lặn mất tăm, mất tăm, mất hút, đào tẩu, đào thoát, biến, chạy re kèn, ù té chạy, ù té, lủi mất, lủi một mạch, chạy biến, chuồn thẳng, chuồn đi, chuồn mất, chạy mất
đâm, đụng, xô, va, đâm phải, đụng phải, xô phải, va phải, đâm vào, đụng vào, xô vào, va vào
vươn lung tung, bò lung tung, đi lung tung, lan lung tung
chắt, đổ, rót, trút, đổ ra, rót ra, trút ra
tăng, nâng, đưa lên
làm nở, làm phồng, làm nở ra, làm phồng ra, làm phồng lên, làm phồng rộp
di trú, chuyển đến
lái, đi, tiến
trượt, tuột, buột, vuột
đi, qua, vượt, băng, xuyên, đi qua, vượt qua, băng qua, xuyên qua, đi xuyên qua
nâng cằm ngang xà
tiến chậm, tiến chầm chậm, bước chầm chậm, tiến chậm mà chắc
gặp nhau, giao nhau, cắt nhau
ôm, ôm ấp
ở lại, lùi lại, nán lại
sập, sụp, đổ sập, đổ sụp, đổ vỡ, vỡ vụn, vỡ tan, vỡ tan tành
chuyển, dời, chuyển dời, di dời, dời đến, chuyển đến, dời đi, chuyển đi
cấy, ghép, cấy ghép
vụt trôi, trôi nhanh, trôi qua nhanh, trôi đi nhanh
tụt, rớt, thụt, tụt lại, thụt lại, tụt lùi, thụt lùi, giật lùi, tụt hậu, rớt lại, rớt lại đằng sau, lác
họp, hội họp, họp bàn, dự họp, đi họp, tập họp
tại chỗ, ở tại chỗ, ở nguyên tại chỗ, ở nguyên vị trí
đẩy ra đường, xô ra đường, ném ra đường, vứt ra đường
run, run run, run lên
đổ, chất, xếp, vun, đổ thành đống, chất thành đống, vun thành đống, xếp thành đống
lắc, lắc lư, lúc lắc, lứ lắc
dừng, đỗ, dừng lại, đỗ lại, dừng xe, đỗ xe
chuyển, dời, đi đến, chuyển đến, dời đến
đưa lên bờ, đem lên bờ, cho lên bờ, bốc lên bờ, đưa vào bờ, đem vào bờ, cho vào bờ, bốc vào bờ
thăm, du lịch, viếng thăm, thăm viếng, tới thăm, đi thăm, đến thăm, viếng thăm
tới, đến, đi tới, đi đến
dựng, dựng lên, dựng thẳng
đảo, đảo kính
khéo xen, khéo chen
chuyển, dời, di dời, dời đến
du thuyền, đi thuyền, đi du thuyền, lữ hành trên thuyền
túm tụm, túm tụm lại, túm tụm vào, tụm vào nhau, túm tụm vào với nhau, túm năm tụm ba, xo ro vào nhau
vỗ, vỗ cánh, đập cánh
lấn, vượt qua, vượt hơn, vượt lên, dẫn trước, lấn át, lấn lướt, áp đảo
lảng vảng như ma
trải rộng, mở rộng, làm lan rộng
tiến
tích, tích tụ, tích hợp, hợp lại
vung
đá, đá chân, đẩy chân, hất chân
dốc, thoải, thoai thoải, thoải xuống, dốc thoải xuống, dốc thoai thoải
vỗ, vỗ cánh, đập cánh
theo dõi
tới, đến, đi đến, đi tới, tiến đến, tiến tới
trôi, trôi nổi, trôi nổi bập bềnh, lênh đênh
đi, đi xe, bắt xe, ngồi xe
trượt tuyết
ngước, ngẩng, ngước nhìn, ngước lên, ngẩng lên
thổi, thổi trên, thổi vào, thổi qua
sụp, sập, đổ, sụp đổ, đổ sụp, đổ sập, sập đổ
lái, lái đến
chạy về phía, đi về phía, chạy theo hướng, đi theo hướng
đào
cong xuống, võng xuống, lún xuống
tải, chuyên chở, vận tải, vận chuyển
dầm, dằm, đầm, nhúng
giẫm, dẫm, đạp, dận, giẫm xuống, giẫm vào, dẫm xuống, dẫm vào, dận xuống
lẻn, lẩn, lủi, chuồn, lỉnh, lén, nhót, lẩn đi, lẻn đi, lủi đi, chuồn đi, lẩn vào, lẻn vào, lủi vào, chuồn vào
bay, đi máy bay, đáp máy bay, ngồi máy bay
đi lại tự do, đi lại tuỳ ý, đi lại tự nhiên
tụ tập, tụ họp, tập hợp, nhóm họp, túm tụm, đàn đúm
đứng thẳng lên, thẳng người lên
đè xuống, giẫm, giẫm xuống
đạt tới, đạt đến, lên tới, lên đến
lê, lết, kéo lê, lê lết, lê chân, lết chân, đi lê chân, đi lết chân
lên tàu, xuống tàu, đi lên tàu, đi xuống tàu
chuyển, chuyển sang, mang sang, đưa sang, mang đến, đưa đến
vào lại, trở vào, đi vào lại
nhảy, đệm, co bóp, khiêu vũ, đánh nhịp, gõ phách
dẫn, dắt, đưa, dẫn dắt, chỉ dẫn, dẫn đường, chỉ đường
cướp, cướp bóc, cướp phá, cướp của, cướp của cải
qua, quanh, đi qua, đi dọc theo
trốn, tránh, né, trốn tránh, né tránh, lẩn tránh, lảng tránh, lẩn trốn, tránh khéo
đứng yên, đứng im, yên một chỗ, đứng yên một chỗ, đứng im một chỗ
lắc, vẫy, ve vẩy, ngoe nguẩy, lắc lư, lúc lắc, lứ lắc, tung tẩy, tung tăng tung tẩy
tụ, hợp, tụm, tụ lại, hợp lại, tụm lại, họp lại, tụ tập, tụ họp, nhóm họp, túm tụm
nghiêng, lệch, ngả, lệch nghiêng, nghiêng ngả, ngả nghiêng, lệch lạc, thiên lệch
di chuyển, di dời, đuổi ra, đuổi khỏi, đuổi chỗ
vèo vèo vèo vun vút, đâm vèo vèo, lao vùn vụt, lao vèo vèo, lao vun vút, đi vun vút
làm đổ, làm rơi, đánh đổ, đánh rơi
đi theo đoàn, du lịch theo đoàn
hướng, khơi dòng, hình thành kênh dẫn, tạo thành đường dẫn
lăn, xoay, quay
quay theo quỹ đạo, di chuyển theo quỹ đạo, chuyển động theo quỹ đạo
lao vào, lao bổ vào, xông vào, nhảy bổ vào, đâm vào, đâm bổ vào
nghiêng, làm nghiêng
thường đến, thường tới, thường lui tới, thường lui đến, hay tới, hay đến, hay lui đến, hay lui tới, năng đến, năng tới, năng lui đến
lùi, lùi lại, thụt lùi
đi chơi, du ngoạn, đi du ngoạn
phóng, lao, phi, vọt, vụt
quất, vụt
lò cò, bước lò cò, đi lò cò, nhảy lò cò
điều khiển, lái, cầm lái, lèo lái
xâm phạm, xâm lấn, lấn chiếm
bật tách, gãy tách, bẻ tách, đóng tách
chạy theo chiều gió
trào, tràn, tuôn, trào ra, tràn ra, tuôn ra
dừng, nghỉ, thôi, dừng lại, cắt ngang, xen ngang, làm gián đoạn
đi chậm, di chuyển chậm, hạ từ từ, đáp từ từ, di chuyển từ từ
đặt vào nôi, cho vào trong nôi
bước, bước đi
đưa, dẫn, dẫn dắt
cuộn, cuồn cuộn, cuộn lên, bốc lên
hạ cánh xuống nước, hạ cánh xuống biển, hạ cánh khẩn cấp xuống nước
lướt, lướt nhẹ, vút nhẹ
phụt, phụt ra, phun nước, phun nước ra
dao động, dao động sóng
đến gần, lại gần
chạy quanh, len lỏi, đi len lỏi, chạy len lỏi, đi quanh, đi quanh co, chạy vòng quanh, đi vòng quanh
giậm, nhảy, bước giậm chân
truyền, dẫn, truyền dẫn, dẫn truyền, truyền tải
rỉ, rỉ ra, rò ra, rò rỉ ra
bay nghiêng, bay trượt sang một bên, bay trật sang bên
lái theo gió, lái theo hướng gió
hạ cánh khẩn cấp, hạ cánh gấp
lệch, chệch hướng, trẹo đi, lệch đi, chệch đi
chèo, kéo, bơi, lái
đi ngược, đi ngược đường, đi nghịch đường
đi qua, xuất hiện
đi nhẹ, lướt nhẹ, sượt nhẹ
nổi lên, trồi lên, nhô lên
uốn, uốn cong, gấp, gấp cong, gập, gập cong
chạy vù vù, bay vù vù, phóng vù vù, chạy vèo vèo, bay vèo vèo, phóng vèo vèo
lê lết, lê thân, lê bước
đi, lái, cưỡi, ngồi, dùng, xài
hướng về, tiến về, đi về, nhằm, nhắm, nhằm vào, nhắm vào, hướng vào, tiến vào
chạy nhanh hơn, chạy vượt hơn
cào, bám, bám lấy, bám để leo, bám để trèo
nhường chỗ, nhường đường, tránh đường, tránh xe
rời khỏi, đi khỏi, đi ra khỏi, rời đi khỏi, ra đi khỏi, biến ra, biến đi, biến ra khỏi, biến đi khỏi
nhảy van, nhảy điệu van, làm điệu van
nấn ná, chần chừ, lần lữa, trì hoãn, nán lại, trù chừ, lấn cấn, lấn bấn, chần chờ, chần chừ, do dự, đắn đo, lần chần, lần khần, lưỡng lự, ngần ngừ, phân vân
hộ vệ, hộ tống, đi hộ vệ
tháo lui, rút lui, thoái lui, lùi bước, tháo chạy, rút chạy
trườn, đi ngoằn ngoèo, lượn ngoằn ngoèo, trườn ngoằn ngoèo
võng, oằn, sệ, võng xuống, oằn xuống, sệ xuống
đi quanh, đi vòng quanh
cập bến, cập cảng, quay về bến, quay về cảng
hất, đẩy, xô, hẩy, xô đẩy, hất ra, đẩy ra, xô ra, hẩy ra
chạy, vận hành
rời trại, nhổ trại, bỏ trại, tháo trại
bơi thành đàn, bơi thành bầy, bơi theo bầy
vội, chạy vội, đi vội
đổ, tràn, tuôn, đổ ra, tràn ra, tràn lên, tuôn lên
ra khơi, nhổ neo
đưa đi, gửi đi, gởi đi, đưa tới, gởi tới
chỉ sai, chỉ dẫn sai, hướng dẫn sai
nhấc, nâng, giơ, đưa lên, nhấc lên, nâng lên, giơ lên
đến đỉnh, đến ngưỡng, đạt ngưỡng, đến đỉnh điểm, tới đỉnh điểm, đến tới hạn, đạt đến đỉnh điểm, đi đến đỉnh điểm, đến mức cao nhất, đến giới hạn trên, tới giới hạn trên, đạt đến mức cao nhất, bước đến điểm cao nhất
lao, quăng, liện, lạng lách, lao vào, quăng mình vào
tụ, hợp, tụm, tụ tập, quần tụ, quy tụ, tập hợp, túm tụm đàn đúm, nhóm họp, tụ lại, quy lại, quy về một mối
vèo, veo, vèo vèo, bay vèo, bay vèo vèo
chuyển, chuyển hướng, chuyển sang, hướng sang
qua, vượt qua, băng qua, xuyên qua, qua được, vượt qua được, băng qua được, xuyên qua được
tan rã, phân rã, giải tán, tản ra
nằm ngửa, ngửa
vặn vẹo, vùng vẫy, giẫy giụa, cựa quậy, quằn quại
làm nghiêng, làm xiên, làm chéo, làm xéo, làm nghiêng đi, làm xiên đi, làm chéo đi, làm xéo đi, làm nghiêng lệch, làm xiên lệch, làm chéo lệch, làm xéo lệch
đậu, đỗ, đậu xuống, đỗ xuống, đỗ lại
bay tàu lượn
đi qua, vượt qua, vụt qua, vèo qua
xiêu vẹo, loạng choạng, nghiêng ngả, ngả nghiêng, đi xiêu vẹo, đi loạng choạng, đi nghiêng ngả, đi ngả nghiêng, ngả ngớn
đi vội vã, đi tất tưởi, đi tất ta tất tưởi, bay vù, lao vù
khởi động, bật, cho chạy, mở
luồn, xỏ
chảy ra, chảy đi, chảy ra ngoài
dừng, chặn, ngăn, chặn lại, ngăn lại, ngăn chặn, ngăn cản, khống chế, dừng lại, cho dừng, đình chỉ
đi, rời đi, ra đi, rời khỏi, đi khỏi
truyền, bay, lan, trôi, truyền đi, bay đi, lan đi, trôi đi
đến từ, được từ
đi xuồng, bơi xuồng, chèo xuồng
co rúm lại, co mình lại, co rúm mình lại
xua, xua đi, xua đuổi, xua tan, làm tiêu tan
thúc, đốc thúc, thúc đẩy
chuyển, quay, hướng
cút, phắn, xéo, biến, cút đi, phắn đi, xéo đi, biến đi
cập cảng, cập bờ, vào bờ, đậu
giẫm, dận, giẫm lên, giẫm vào, lấy chân ấn vào
chuyển sang, chuyển qua, bước sang, bước qua
đi vòng quanh
chở xà lan
phấp phới, phất phới, phất phơ, phất pha phất phơ
đi tàu hoả, đi xe lửa, đi xa hoả
lắc hông, xoay hông, vặn hông, đánh hông, nhảy lắc hông, nhảy xoay hông, nhảy vặn hông
quạt, phe phẩy, đập phành phạch, tung tẩy
đi thong dong, đi ung dung, đi thong thả, đi thung dung
chán nản, buồn bã, rầu rĩ, thẫn thờ, ủ rũ
trào dâng, dâng trào, dâng tràn, dâng cao, lên cao, nổi lên
nhảy, đi, leo lên
vỗ
cuốn, trôi, cuốn trôi
nằm ngoài tầm với, nằm ngoài khả năng, nằm ngoài tầm tay, vượt quá khả năng, vượt khỏi tầm tay, vượt khỏi tầm kiểm soát, nằm ngoài tầm kiểm soát
gập, co, gập lại, co lại, co gập lại
trượt, trượt sang bên
đi, bước, bước đi
lấy, múc, kín, lấy ra, múc ra, lấy lên, múc lên
vắt chéo, gập chéo, bắt chéo, đặt chéo
cưỡi, cỡi, phi, leo lên, trèo lên
chệch hướng, lệch hướng, đổi hướng, chuyển hướng, trẹo hướng, thay đổi hướng
giẫm, giẫm lên, đạp, đạp lên, chà đạp, chà đạp lên
trật đường ray, chệch đường ray, làm trật bánh
nghiêng, nghiêng về
thổi nhẹ
nhởn nhơ, rề rà, nấn ná, kề cà, lần lữa, con cà con kê, khất lần
chiếm, lấy, lấp, phủ
cựa, động đậy, cựa mình, cựa quậy, nhúc nhích, nhúc nhắc
mọc lên, được xây lên, được dựng lên, được xây dựng lên
tách ra, rẽ ra, chia lìa, xa rời, rời xa
rỉ, rỏ, làm rỉ vào, làm rỏ vào
làm quay, làm xoay, làm đổi hướng
nắn
đi đều, bước đều, bước hành quân
trượt tuyết
chế ngự
làm chảy, làm đổ, làm chảy ra, làm đổ ra, đổ, chảy
cưỡi, cưỡi ngựa
chuyển tiếp
cuốn
đắm, chìm, chìm xuống, chìm đắm
ngụp lặn dưới nước
đi chĩa ngón chân, đi chĩa mũi chân
xâm lấn, đi quá, vượt quá, xâm phạm, lấn chiếm
lượn quanh, đi lượn, lượn vòng
ngọ nguậy, cựa quậy, động đậy liên tục
phanh, phanh lại, hãm lại, hãm lại
trèo, leo, trèo leo, leo trèo, trèo lên, leo lên
lui, rút lui, lui về
rê, kéo, di
hối hả, rối rít, tất bật, cập rập
đâm sầm, đâm rầm, đâm sầm vào, đâm rầm vào, đâm sầm cái, đâm rầm cái
thơ thẩn, đi thơ thẩn, đi vẩn vơ
chạy được
vọt, bắn, phọt, phun, phụt, lao, vọt ra, bắn ra, vọt lên, phun ra, phụt ra, bắn ra, lao đi, lao vút, lao vun vút
lảo đảo, lểu đểu, đi loạng choạng, đi loạng quạng, đi chệnh choạng, đi chuệch choạng
trần truồng
lên tàu, đáp tàu
ghìm, giữ, gò
đi thong dong, đi thung dung, đi ung dung, đi đủng đỉnh, đi đủng đà đủng đỉnh
lui, thoái lui, rút lui, lùi lại, lùi xuống
đuổi, truy đuổi, đuổi theo, bám đuổi, bám theo
luân chuyển, lưu chuyển
quàng dây kéo, quàng dây lôi, buộc dây kéo, buộc dây lôi
xoáy, xoay tít, xoay tròn, xoay vòng, quay tít, quay lộn, quay tròn
đánh gục, lật đổ, lật nhào, bắt hàng phục
cúi, ngả, gục, nghiêng, gập
nhảy, nhẩy
hạ đột ngột, xuống đột ngột, giảm đột ngột, phanh đột ngột
xoay, quay, ngoặt
lún xuống, lắng xuống
lái sang trái, quay sang trái
lùi, lùi lại
truyền
phi nước đại
xua, xua đi, xua tan, đốt lửa xua, dùng lửa xua đuổi, hun
lái máy bay, điều khiển máy bay, bay
rơi
đi dạo, tản bộ, đi thơ thẩn, đi tha thẩn, đi lang thang, đi vơ vẩn
giật phắt, giật nảy người, giật nẩy người, giật nảy mình, giật bắn, giật bắn người, giật thót, giật thót người
bay tầm thấp, bay thấp, bay sát
xoay, quay
bắt nhảy
chạy, đi, chuyển, di chuyển, chuyển động
chạy, chuồn, vội rời đi, chợt bỏ đi, chuồn ngay, tháo chạy
chuyển, thay, thay đổi, chuyển đổi, chuyển xe, thay xe, đổi xe
nghiêng, nghiêng cánh
hướng về, hướng theo
gò cương, ghì cương, kéo cương
quay, quay tay
õng ẹo, ưỡn ẹo, thưỡn thẹo, đi õng ẹo, đi ưỡn ẹo, đi thưỡn thẹo
trôi, giạt, cuốn trôi, kéo trôi, trôi giạt, cuốn đi, trôi đi, giạt đi
lái xe đi chơi, đánh xe đi chơi, chạy xe đi chơi
đi với, cùng đi với, đi cùng với, tháp tùng, theo đuôi, bám đuôi
tự tiện vào, tự ý vào, tự tiện lao vào, tự ý lao vào
đi không vững, bước chập chững, chập chững bước đi
lật, úp, sấp, lật úp, lật ngược, lật sấp, úp sấp
đứng lên, đứng dậy, đứng thẳng dậy, bật dậy, đứng bật dậy
vấp, trượt, sẩy chân, vấp chân, trượt chân, hụt chân, vấp phải, trượt phải, bước hụt
giải tán, giải thể
đi nghênh ngang, đi khệnh khạng, bước khệnh khạng, đi khụng khiệng
lôi, kéo, giật
bỏ, thải, tống, tống cổ, tống khứ, thoát khỏi, loại bỏ, thải hồi
trốn đi, trốn cùng nhau, chạy trốn cùng nhau, trốn đi cùng nhau, chạy trốn với người tình, chạy trốn với người yêu, trốn đi cùng người yêu, trốn đi cùng người thương, trốn đi cùng người tình
chuyển quanh
đung đưa, đu đưa, đong đưa
tiến lên, tiến tới, đi tới, thẳng tiến, đi lên, thẳng lên, thẳng tới
hạ, chìm, lặn, ngụp, đắm, đắm chìm
xiêu, vẹo, nghiêng, ngả, liêu xiêu, xiêu vẹo, nghiêng ngả, ngả nghiêng, chòng chành
đuổi, đuổi ra, đuổi đi
thức tỉnh
vượt rào, nhảy vượt rào, nhẩy vượt rào
lết, đi lết, lê chân, lết chân, đi ì ạch, lết ì ạch, đi khệnh khạng, đi khệ nệ, đi kệ nệ
lảo đảo, lểu đểu, ngả nghiêng, lắc lư
dàn hoà, gỡ hoà, san bằng tỉ số, san bằng cách biệt
làm giảm, làm hạ
lướt, trôi, lềnh bềnh, bồng bềnh
đâm sầm, đổ rầm, đổ sầm, đâm rầm, ngã sầm, ngã rầm
lùi về, đi lùi về, kéo lùi về, thụt lùi về
lăn, lăn mình, lăn tròn
rào, chắn, ngăn, rào chắn
quặt, quặt lại, gập, gập ra phía sau
đi sâu vào, đi xuyên qua, thâm nhập, thâm nhập vào, băng qua
chảy từ từ, chảy dần dần, chảy ròng ròng, chảy róc rách, chảy róc ra róc rách
lén lút, đi lén lút, lén la len lút
đi tàu thuỷ, đi bằng tàu thuỷ
lấn, xâm lấn, xâm nhập, xâm phạm
rút, rút xuống, chảy xuống, thoái, rút lui, thoái lui xuống
đi lạc, lạc đường, lạc lối, đi chệch, đi lệch, đi trệch, lệch hướng, chệch hướng, trệch hướng
đi, đi xe
đi lại, đi đây đó, đi đây đi đó
rẽ quặt, rẽ ngoặt, đột ngột chuyển hướng, đột ngột đổi hướng, đột ngột rẽ, đột ngột quay, đột ngột xoay, đổi hướng bất ngờ, đảo hướng đột ngột
dẫn trước, đi trước, ở trước, tới trước, đến trước, đứng trước, vượt trước, vượt lên trước
mất hơi, mất vết, mất dấu vết
lẻn đi, lẩn đi, trốn đi, lủi đi, chuồn đi, lẻn khỏi, trốn khỏi, chuồn khỏi
chặn, cản, ngăn, ngăn cản
dao động quá lớn
cuốn, cuốn trôi, cuốn đi, cuốn bay
mọc, lên, mọc lên
lướt, lướt nhanh
lách, luồn lách, chạy lắt léo, di chuyển lắt léo, léo lắt, di chuyển léo lắt
lên cao, dâng cao, vươn cao
đi vun vút, lao vun vút
dựng, dựng đứng lên
co rúm, rúm lại, co lại, co rúm lại, co rúm người
đi từng bước, nhấc từng bước, đi cà nhắc, bước cà nhắc, đi nhón, bước nhón, nhón chân
nhún nhảy, nhún nhẩy, rún rẩy
lê bước, lê lết
dừng, dừng lại, ngừng, ngừng lại
truyền
chuyển bất ngờ, chuyển đột ngột
tràn, trào, sánh, đổ
leo, trèo, leo trèo, leo lên, trèo lên, leo trèo lên
thả trượt, thả cho trượt, đẩy trượt, đẩy cho trượt
chuyển vế, chuyển vế đổi dấu
tham gia, vào guồng, vào cuộc
làm rơi, đánh rơi, để rơi, làm rớt, đánh rớt, để rớt
xuống, tụt xuống, xuống dốc, dốc xuống, đi xuống, nghiêng xuống
bỏ, bỏ lại, để lại
trượt, lướt, trôi, xuôi, trôi xuôi
ủ dột, ủ rũ, rũ xuống
tan ra
chia, chia rẽ, phân chia, phân nhánh, làm chia rẽ, làm phân chia, làm phân nhánh
đưa, dẫn, dắt, dẫn dắt, hộ tống
chen, len, lèn, chen chúc, chen nhau, len nhau, lèn nhau
trượt xuống, lướt xuống, quét xuống
vụt qua, vèo qua, lướt qua, sượt qua
ấn lên xuống, ấn lên ấn xuống
mang, chuyển, đưa, cầm
bước
đi theo thuỷ triều, cuốn theo thuỷ triều, bị cuốn theo thuỷ triều
chạy tán loạn, chạy loạn xạ, chạy nháo nhào
ra đi, lên đường, lên đường ra trận
đi tới đi lui, đi qua đi lại
chèn, chèn ngang, chèn lên trước
nhảy, nhẩy
bước, di chuyển, dịch chuyển
lái, chở, thồ, đèo
quay vòng, quay tròn, xoay tròn, xoay vòng
đi xa, đi xa nhà, ra ngoài, đi ra ngoài, bước ra ngoài
lưu thông, tuần hoàn, luân chuyển, lưu chuyển
phai màu, thôi màu, bị làm nhạt màu
xông qua, lao qua
nhích, nhúc nhích, động đậy, cựa quậy, cọ quạy, ngọ ngoạy
vòng quanh, xoay tròn, quay tròn, quay vòng, xoay vòng, đi vòng quanh, đi xoay tròn, đi quay tròn, đi quay vòng, đi xoay vòng
bay thường
cho nhờ xe, cho đi nhờ xe
đâm trả, phản công, đâm trả lại, đánh trả lại
nhảy cầu, lao xuống nước
bốc, bay, bốc hơi, bay hơi
đi
đi về, hướng về, tiến về, đi theo, hướng theo, tiến theo
rút, rút ra, hút ra
rơi tự do
bay vừa phải, bay với tốc độ vừa phải, bay ở tốc độ vừa phải, chạy vừa phải, chạy ở tốc độ vừa phải, chạy với tốc độ vừa phải
rút bằng vòi
chuyển về dòng trước, chuyển lên dòng trên, dịch về dòng trước, dịch lên dòng trên
leo tới đỉnh, lên đến đỉnh, đi đến đỉnh
quét màn hình, quét hình
thuyên chuyển, lưu chuyển
làm nhiễu, gây nhiễu loạn, gây hỗn loạn, làm náo loạn
lên đỉnh, lên tới đỉnh, lên đến đỉnh
chạy toán loạn, khiến chạy toán loạn, buộc chạy tán loạn, nháo nhào chạy
thổi
làm máy bay nghiêng ngả, làm máy bay tròng trành, làm máy bay chòng chành
thả, thả tõm, thả rơi tõm, làm rơi tõm
phóng, lao, phi
tụm lại, túm tụm, túm tụm lại, chụm lại, chụm lại với nhau
quỳ, quỳ gối, quỳ xuống
thấm vào, ngấm vào
trơn, trơn trượt, trơn tuột
thay đổi hướng thiên thể chuyển động, làm lệch hướng thiên thể chuyển động, làm chệch hướng thiên thể chuyển động
làm nhỏ giọt, đổ nhỏ giọt, để nhỏ giọt
làm ngừng chạy, làm dừng chạy, làm chết máy, gây chết máy
cất cánh, xuất phát bay, bắt đầu bay
nhún nhẩy, uốn éo, đi nhún nhảy, đi nhún nhẩy, đi uốn éo
xông vào, xen vào, xâm nhập, thâm nhập, chen vào, ùa vào, không mời mà vào, không mời mà đến
thúc ngựa chạy nước kiệu, thúc ngựa phi nước kiệu, bắt ngựa phi nước kiệu
di tản, sơ tán, tản cư, rút chạy, tháo chạy
điều khiển, lái
ngả, ngã, gục, gục xuống, khuỵu xuống
phe phẩy, ve vẩy, phe phảy, ve vảy
loạng choạng, lảo đảo, đi loạng choạng, đi lảo đảo, bước loạng choạng, bước lảo đảo
đi lại, qua lại, đi lại thường xuyên, qua lại thường xuyên, qua lại giữa hai nơi, đi lại giữa hai nơi
vượt, đi, vượt qua, đi qua
vút qua, chạy vút qua, bay vút, bay vèo vèo
xoay, quay
lồi ra, lòi ra, nhô ra, phồng ra, trồi ra, lộ ra
phi nước kiệu, phi ngựa nước kiệu, cưỡi ngựa nước kiệu
lang thang, phiêu bạt, đi phiêu bạt, đi lang lang
xoay, quay, vặn
hộ tống, tháp tùng
đến, tới, đi đến, đi tới
lái, đèo, lai
lặn, hụp, ngụp, chìm, lặn xuống, hụp xuống, ngụp xuống, lặn xuống
xếp cách nhau, sắp cách nhau, đặt cách nhau, để cách nhau
dời, rời, chuyển, dời đi, rời đi, chuyển đi
đạt, vươn tới được, với tới được, chạm tới được
chệch hướng, chệch đi, lệch hướng
lặn, xuống núi, lặn xuống
vụt đi, đi nhanh, chạy nhanh, lượn nhanh
trẹo, trệch, lệch, trật, sái, trặc, trệ, sa
rời đi
chạy vội, chạy gấp
lún, tụt, chìm, lún xuống, tụt xuống, chìm xuống
vút, vút lên, bay vút lên, vút bay lên
trốn, đào tẩu, đào thoát, tẩu thoát, chạy trốn, trốn thoát, trốn khỏi, thoát khỏi
đập, giáng, đập mạnh vào, giáng mạnh vào
đổ, lật, lộn, đổ nhào, đổ lật, lật nhào, lộn nhào, lật úp
chảy ngắt quãng, lúc chảy lúc không, chảy từng đợt
ấn, đút, chèn, đẩy, đùn, giúi, lèn, nhét, ép vào
theo kịp, đuổi kịp, bắt kịp, hoàn thành kịp, đuổi theo kịp
đuổi theo, rượt theo, bám theo, đuổi, rượt đuổi, săn đuổi, đuổi bắt
tuột, tuột dốc, xuống dốc, thả dốc, xuống dốc không phanh, tụt dốc không phanh
trượt, hỏng, không trúng, trật, hụt
lê, lết, kéo lê, lê lết, lê chân, lết chân
bảo vệ
làm thẳng, kéo thẳng, vuốt thẳng, nắn thẳng, ép thẳng
lui về, thu mình
sượt, sượt qua
phóng, phóng ra, phát ra, tung ra
tuần hoàn, theo chu kì, theo chu kỳ, theo chu trình
tăng đột ngột, tăng vọt
run, lẩy bẩy, lật bật, bần bật, lập cập, run lên, run run, run rẩy, run sợ, run bần bật, run bây bẩy, run như cầy sấy
lên đỉnh, lên tới đỉnh, đạt tới đỉnh
tháp tùng, hộ tống, đi cùng
bay, lượn, liệng, bay lượn
tràn, ào, ùa, tràn vào, ào vào, ùa vào
theo, theo sau, đi theo, theo đuôi, bám theo, đi sau, đi theo sau
đá, đạp, sút
bỏ xa, vượt xa, bỏ lại
rung, rung chuyển, lay chuyển, rung lắc, chao đảo
sụp, thụp, sụp xuống, thụp xuống
đuổi, xua, xua đuổi, lùa(thường dùng cho động vật)
ngồi, ngồi xuống
đạp xe, đạp xe đạp, đi xe đạp
đông đúc, quá tải
cặn, lắng, lắng cặn, đóng cặn, cáu cặn, cặn lại, lắng lại
đẩy, húc, thúc, xô, dồn, xô đẩy
tót lên, nhảy qua, vọt lên, nhảy tót lên, nhảy vọt lên, bật vọt lên
gõ, đập, đánh, vỗ
luồn dây, xỏ dây, luồn dây qua, xỏ dây qua
nhảy qua
khởi động nhờ ắc quy xe khác, khởi động nhờ vào ắc quy xe khác, khởi động qua ắc quy xe khác
đỗ, dừng, đậu, đỗ lại, dừng lại, ngừng lại, đậu lại
phủ, bao phủ, trùm phủ, bao trùm
đi chệch, chệch hướng, đi chệch hướng, đi trệch, trệch hướng, đi trệch hướng, lệch hướng, đi lệch hướng, đi lạc, lạc đường, đi lạc đường
rút, rút lại, rút đi, thoái lui, triệt thoái
đổ, nhào, đổ nhào, đổ ào
nhìn về, hướng về, quay về
giật, co giật
chuyển mạch, rẽ mạch
bắt kịp, theo kịp, đuổi kịp
nhảy, nhảy múa, bập bùng, nhún nhảy, nhảy lên, nhảy nhót
lăn, đảo, xoay, quay
lảo đảo, loạng choạng
nhảy, nhảy qua, vượt qua, vọt qua, nhảy vọt qua
vội vã, lao nhanh, phóng nhanh, phi nhanh, đi nhanh, chạy nhanh
cập bến, vào bến, vào cảng
chạy vừa phải, chạy từ từ, chạy vừa vừa
ngập ngừng, lấn cấn, cấn cá, cấn cái,
lảng vảng, rình mò, đi lảng vảng, đi rình mò
ngã ngửa, ngã ra sau, ngã bổ chửng
thrash, rớt, lác, lag
đi dọc, đi theo, lần theo, dọc theo
đẩy, thúc, thúc đẩy, đẩy lên, thúc lên
rong ruổi, đi rong ruổi, đi khắp nơi
bơm
đung đưa, đu đưa, đong đưa, đưa qua đưa lại
đánh xe vào, lái xe vào
lao xuống, nhào xuống, bổ xuống, sà xuống, nhao xuống
búng, đẩy nhẹ, hẩy nhẹ, hất nhẹ
xô ngã, đẩy ngã, húc ngã, làm ngã, làm ngã nhào, đẩy ngã nhào
cuộn, cuộn lại
nâng lên, nâng cao, nâng cao lên
nhảy, khiêu vũ
lao ra, nhảy bổ ra, bổ ra, lao bổ ra, nhảy xổ ra
phanh, phanh lại, thắng, hãm phanh, thắng phanh
chuyển vào bộ nhớ, nạp vào bộ nhớ, nạp dữ liệu
lao, xông, phóng, lao vào, xông vào, phóng vào
chen lấn, xô đẩy, xô nhau, đẩy nhau
chạy hơi nước, chạy bằng hơi nước
về nhà, trở về nhà, quay về nhà, quay về
dựng lên, nhảy dựng lên, dựng đứng lên
dẫn đầu, đi đầu, bước đi đầu
diễu hành, tuần hành
lắng, để lắng, làm lắng
quặt, ngoặt, rẽ ngoặt, rẽ quặt, bẻ quặt
rung, lắc, lắc lư
lạy, quì lạy, quỳ lạy, cúi lạy
giao, cắt, cắt nhau, giao nhau, chéo nhau, vắt qua, chéo qua
chộp, túm, bắt, tóm lấy, túm lấy, bắt lấy, chộp lấy, vồ lấy
xuống ngựa, bước xuống ngựa, nhảy xuống ngựa
dao động, rung động, rung từng đợt
để lại chỗ cũ, quay về chỗ cũ
vụt qua, vụt chạy, tháo chạy, bỏ chạy, chạy biến
đuổi đi, tống đi, xua đi, mời đi, xua đuổi
chìm, đắm, đánh chìm, đánh đắm
bay thành đàn, bay thành đội, bay theo đội
trở lại, quay lại
nổi, trôi, trôi nổi, dập dềnh, dập dà dập dềnh, rập rình, rập rà rập rình
hạ chốc lát, hạ xuống một thoáng
vỗ, đập, vỗ cánh, đập cánh
chạy như bay
nảy, bật nảy
quay tròn, xoay tròn
vỗ phần phật, bay phần phật, đập phần phật
đổi hướng, chuyển hướng, làm lệch, làm chệch
lảo đảo, đi lảo đảo, đi không vững, đi chập chững, đi loạng choạng
bay, lan truyền, lan tràn, bay đi, bị phát tán
lê, chạy ì ạch, bay rề rề, chạy rề rề, chạy lề rà lề rề, đi ì ạch
nghiêng, làm nghiêng, xô nghiêng, làm chệch, làm nghiêng làm ngả
chỉ, dẫn, trỏ, chỉ dẫn, chỉ đường, dẫn đường, trỏ đường, chỉ lối, dẫn lối, trỏ lối, dẫn hướng, chỉ hướng, trỏ hướng
phun ra, vọt ra, phọt ra, bắn ra, phụt ra, xì ra
bỏ, rời, đi, bỏ đi, rời đi, ra đi, đi khỏi, rời khỏi, từ biệt
đi, chở, chuyên chở
dựng, vểnh, hếch, dỏng, giương, ngỏng, dựng lên, vểnh lên, hếch lên, dỏng lên, giương lên, ngỏng lên
đi thành hàng, đi thẳng hàng
leo, trèo, đi lên
đi, đi qua, đi ngang qua
dồn vào góc, dồn vào chân tường
bật ra, thoát ra, bật khỏi, thoát khỏi
đổi thế, chuyển thế, đổi tư thế, thay đổi tư thế, thay đổi dáng điệu
chở bằng xe tải, chuyển bằng xe tải, vận chuyển bằng xe tải
lùa, lùa qua
lật, trở, dở, giở, lật lại, lật giở, dở lại, giở lại
lượn, lượn quanh
đi bấm chân
đỗ xe, đậu xe, đáp xe
thăm, đến thăm, đi thăm, tới thăm, công du
qua lại, chuyển động qua lại, chuyển động con thoi
di chuyển bập bênh
chuồn, lẩn, lẻn, lỉnh, lỏn, lủi
đi khí cầu, lái khí cầu, lái khinh khí cầu
bập bềnh, bập bồng, dập dềnh, dập dờn, rập rờn, bồng bềnh, bềnh bồng, , rập rình, bập bà bập bềnh
vỗ, vẫy, vỗ cánh, vẫy cánh
chuyển, vận chuyển, vận tải
đi dạo, tản bộ, đi dạo mát, đi dạo chơi, đi bách bộ, đi tản bộ
dẫn bóng, dắt bóng, đi bóng, dê bóng
nhảy Tapdance
rình, rình rập, rình mò, rình bắt
tuôn trào, trào ra, phun ra, tuôn ra, vọt ra, giàn giụa
đâm, chọc, thọc, đâm xuống, chọc xuống
đưa, gửi, đẩy
nghỉ, ngừng, dừng,
làm lễ
ấn, ấn vào, kéo đến chật, kéo chật đến
gặp
dâng, dâng tràn, dâng trào, tràn dâng, trào dâng
đập mạnh, sập mạnh, đập rầm, rơi bốp, rơi sầm, hành quân, đi rầm rầm, đi rầm rập
sắp thành hàng, sắp đặt thành hàng, sắp đặt hàng ngũ, sắp xếp theo thứ tự
ngáng chân, nghoéo chân, ngáng đường, làm vấp
thả, thả trôi
làm vỡ tung, làm vỡ tung ra, làm vỡ bung, làm vỡ bung ra, làm bật tung ra
cuốn, cuốn trôi, cuốn đi
dập dờn, bồng bềnh, phấp phới, nhấp nhô, bập bềnh, dập dềnh, lên xuống, bập bà bập bềnh, bập bồng, bềnh bồng, rập rình
lướt, trượt, sượt, thoáng, thoảng, lướt đi, trượt đi, sượt qua, thoáng qua, thoảng qua
gửi ấn định
chạy nhanh, phóng nhanh
vòng quanh, đi vòng quanh
xếp hàng, xếp thành hàng
cho phép lưu thông, cho phép đi qua, cho phép lưu chuyển, cho phép luân chuyển
bắn rơi, bắn hạ, hạ gục, bắn gục
kéo ra, rút ra, lôi ra, lấy ra, nhấc ra, nhâng ra
lặn, hụp, ngụp
chệch, chệch đường, chệch hướng, đi chệch đường, đi chệch hướng
rời, rời đi, rời bỏ, bỏ lại
bắt đầu, khởi động, khởi đầu
đặt chân, nhấn chân, ấn chân
rơi ra, rụng ra, rời ra
bay, bay lên, cuộn, cuộn lên, bốc, bốc lên
phá hoại, quấy phá, phá quấy
rung rinh
mở đường, đi trước, đi tiên phong
trở về, trở về nhà, về nhà, đi về nhà
rơi đột ngột
đi phà
lôi ra, kéo ra, đẩy ra, khui, khui ra
chở bè
luồn cúi, khúm núm, khép nép, quỵ luỵ, quy phục
dọn hết, dọn sạch, dọn hết đi, dọn dẹp hết
nổi lên, ngoi lên, bốc lên, nổi lên mặt, bốc lên mặt, nổi lên bề mặt, bốc lên bề mặt
lao, phóng, phi, lao nhanh, lao như tên bắn, phóng nhanh, phi như bay
đổ, rót, đổ sang, rót sang
di chuyển đột ngột, di chuyển bất thình lình
đi qua, ngang qua, băng qua, vượt qua, đi ngang qua, chuyển qua, di chuyển qua, băng ngang qua
bơm, đẩy
chia, phân, phân chia, phân cắt, chia cắt, tách, tách ra, chia ra, chia tách, phân tách
đập nhanh, gõ nhanh
đổ, đổ vào
quay, quay lại, ngoảnh, ngoảnh lại, ngoảnh đi ngoảnh lại
chọc vào, chui vào, luồn vào, lách vào, chọc thủng, xuyên thủng, khoan thủng, phá thủng
trượt, té, ngã
quay, xoay, quay tròn, xoay tròn, quay quanh, xoay quanh
săn lùng, săn đuổi, săn tìm, đuổi bắt, lùng bắt, săn bắt, tìm bắt, truy nã, truy tìm, lùng sục, tìm kiếm gắt gao
mò mẫm, dò dẫm, lần mò, sờ soạng
sôi, sục sôi, sôi sục, nổi sóng
gửi, vận chuyển, chuyển vận, chuyển tải, vận tải, chở, chuyên chở
tụ tập, tập hợp, tập họp, túm tụm
dàn trải, trải ra, trải rộng ra
tập trung, tề tựu, tụ họp, tụ tập
đứng ra, ra mặt, đại diện
né, tránh, nánh, né tránh, tránh né
uốn, uốn cong, làm cong, bẻ cong, gập cong
rẽ, nghẹo, đẩy, kéo, ném, lẳng, vứt, hất, thúc đẩy, đẩy về
làm mắc cạn
đẩy, huých, hích, đẩy mạnh
rung, rung chuyển, lay chuyển, rung lắc, chao đảo, làm rung chuyển, làm rung động, làm chấn động, làm lay chuyển, làm rung lắc, làm chao đảo
chuyển
tọt, chui tọt, chui tọt vào
làm thông thoáng, làm thoáng khí, làm thông khí, làm lưu thông
đứng thẳng người
dao động, dao động điều hoà, dao động con lắc, dao động tịnh tiến, lắc lư, đung đưa, đu đưa
hất, hất ra, đẩy ra ngoài, xô ra ngoài, hất ra ngoài
dắt, dẫn, dắt đi, dẫn đi, đưa đi
trở buồm, quay buồm, xoay buồm, đi trở buồm, lái trở buồm
trở mình, trăn trở, băn khoăn, trở mình đi trở mình lại
đuổi theo, bám theo, đeo bám, theo, theo sau, theo đuổi, truy bắt
chạy tuyến, chạy theo tuyến
rúm, co rúm, rúm lại, co rúm lại
trải ra, mở ra, kéo ra, dãn ra, trải dài ra, kéo dài ra, kéo dãn ra
làm trượt đi, làm lướt đi
lắc lư, đi lắc lư
cập bờ, vào bờ, đậu
lắc lư, bập bềnh, tròng trành, sòng sành
rẽ, chuyển
kéo đến, lũ lượt đến, lũ lượt kéo đến, xum lại
rung mạnh, lắc mạnh, rung động mạnh
quay lại, quay về, quay ngược lại, quay trở lại, quay trở về
khom, khom lưng, khom người
chuyển tàu, chuyển thuyền, chuyển sang thuyền khác, chuyển sang tàu khác
phi nước đại, chạy nước đại
xúm đông, xúm đông xúm đỏ, tụ tập đông đúc, xúm xít, xúm xít lại, túm năm tụm ba, xúm vào, nhào vào
nhảy break-dance
lùi, đi lùi, lùi lại, cài số lùi, bước lùi lại
phun, tuôn, tuôn ra
chạy ầm ầm
rải, rắc, vãi, vung, tung, quăng
rung, rung lên, run rẩy, run lẩy bẩy, run lập cập, run cầm cập, lắc, lắc lư
nhón, nhón chân, đi nhón chân, bước nhón chân
chuyển
dồn, lùa
lùa, dẫn, dồn
ngừng, dừng, ngừng quay, dừng quay, cắt
phục hồi, tái chế
rẽ, rẽ ngang qua, cắt qua, cắt ngang qua
tràn, lan, tràn ra, lan ra, tản ra, toả ra, lan toả ra, tản khai, bung ra
chạy
chảy tràn, tràn qua, tràn ngập, ngập, ngập tràn
bật lại, nảy lại, nẩy lại, nẩy bật, bật nẩy, bật ra khỏi
rung, rung động
đi bè, lái bè, dùng bè
thám hiểm, đi thám hiểm, du khảo
kêu lạch cạch, rung lách cách, khua lạch cạch, kêu lách cách, kêu lách ca lách cách
hạ cánh, tiếp đất, hạ xuống đất, hạ cánh xuống đất
vụt, phóng, vụt nhanh, phóng nhanh
nghiêng, ngoẹo
xúm quanh, đổ về, đổ dồn về, cùng kéo về, cùng đổ về, hội tụ, quy tụ, tụ lại
vọt, phóng, vụt, vọt lên, phóng lên, vụt lên, phóng vọt lên, bay vọt lên, phóng vụt lên, bay vụt lên
xuống, bước xuống, bước ra, ra khỏi, bước ra khỏi
tiếp cận, tới gần, đến gần, tiến đến
lùi, lui, rút lui, rút về, rút khỏi, lui về, lùi về, triệt thoái, triệt hồi, lùi khỏi
lấy lên, đưa lên trên, nâng lên
lạch bạch
bơi chân chèo, bơi chó
phanh, thắng, phanh gấp, thắng gấp, tắt
lôi, kéo, lôi kéo
đi lên, lên cao, nổi lên, dâng lên, trào lên, tràn lên
xâm nhập, đột nhập, vào một cách lỗ mãng
lướt qua, đi lướt qua, chạy lướt qua
oằn
bắt đầu, khởi sự, khởi hành, khởi động, mở màn, mào đầu, khởi sự, khởi xướng, phát đoan, khai đoan
dịch, nhích, dịch chuyển, chuyển dịch, xê dịch
chèo, bơi, lái, chèo thuyền, bơi thuyền, lái thuyền
uốn, uốn cong, uốn dẻo, uốn người, uốn mình
cúi gập, gập người xuống, cúi người, cúi gập người
tiếp cận
lướt, lướt qua
lén theo, lẻn theo, bám theo, lảng vảng theo
đi đầu, dẫn đầu
chuyển, chuyền, đưa
đi theo, hộ tống
lướt, lướt tới, lướt lên
trượt patin, trượt pa-tanh
lướt sóng
quay, vắt, xoay
chèo
trục vớt, làm nổi, làm nổi lên, thả trôi lại, làm nổi lại
cúi, cúi chào, cúi đầu, cúi mình, nghiêng mình, nghiêng người
ào lên, lao lên
đi biển, đi chơi biển, đi du lịch biển
chạy ngoằn ngoèo, di chuyển ngoằn ngoèo, chạy zíc zắc
chuyển, gửi
quay về, trở về, quay lại, trở lại, quay trở lại, quay trở về
ra khỏi, thoát khỏi, rút ra, kéo ra, tránh xa
nhích dần, tiến chậm, đi lần lần, đi từng bước, tiến từng chút một
đưa, dẫn, dẫn đường, đưa đường
xoay tít, xoay vòng, quay tít, quay vòng
lăn quanh miệng
di cư, di dân, di trú, di tản
dẫn bằng đường ống, vận chuyển bằng đường ống, truyền bằng đường ống
chuyển, chuyển theo hướng
bơi sải, bơi trườn sấp
bắt kịp, đến kịp
lật, giở
chèo thuyền bằng chèo đôi
lắc đầu, gật gù
xoay, quay, quay tròn, xoay tròn, quay vòng, xoay vòng
nằm dài, nằm dài ra, ườn ra, nằm ườn ra
leo dốc, đi lên dốc, leo lên dốc
bay một mình
cúi, gập, gục, cúi người, gập người
tròng trành, nghiêng ngả, ngả nghiêng
rơi xuống, lao xuống, rớt xuống
quay, ngoặt, quay ngoặt, quay ngoắt
xoay tròn, quay tròn, xoay quanh, quay quanh
lăn bánh
bám gót, theo gót
rẽ, cày
nằm xuống theo lệnh, nằm xuống theo yêu cầu
nhảy ra, phóng ra, vụt ra, bắn ra, phọt ra, vọt ra, nhảy vọt ra
xoay, quay
ghì, gò, ghìm, ghì cương, gò cương, ghìm cương, ghì cương ngựa, gò cương ngựa, ghìm cương ngựa
đến được, đạt tới, tới được, vươn tới được, với tới được
lao, phóng, vọt, phọt, phóng vụt
chuyển ray, chuyển hướng, đổi ray
hút, hút vào
leo thang, trèo thang
rung, run, lắc lư
qua cửa cổng, đi qua của cổng
bay qua, bay vượt, bay vượt qua, bay
chuyển về hậu cảnh, chuyển về sau cánh gà
đập, co bóp
quét, lướt, lia
gục, rũ, cúi, chúc, gục xuống, rũ xuống, rũ ra, cúi xuống
lên kịp, bắt kịp
săn lùng rốt ráo, săn lùng ráo riết
đẩy, xô, xô đẩy, xô lấn
tan, giải tán, tan đám, tan rã, tan đàn xẻ nghé
tách ra, chia ra, phân ra, phân chia ra, phân tách ra
gập, gấp, đóng, thu, gập lại, đóng lại, gập vào, đóng vào, thu vào, thu lại
gặp, tụ, gặp nhau, tụ lại, quy lại, hội lại, hội lại, quy tụ, hội tụ, giao nhau, giao tụ, châu đầu lại, chụm lại
đẩy, ấn, đè, ép, đẩy mạnh, ấn mạnh, đè mạnh, ép mạnh
vượt, qua, vượt qua, đi qua
nhét, nhồi, tống, ních, nhồi nhét
tung, tung đồng tiền
sụp đổ, đổ sụp, đổ sập
chật kín, chật ních, ních đầy, nhét đầy
làm đập nhanh, khiến đập nhanh
đập mạnh, đập nhanh, co thắt, đập thình thịch, co thắt mạnh
va mạnh, đập mạnh, đâm mạnh
lướt
dẫn bóng, dắt bóng, dê bóng
nhảy dù
đi, đi được
biểu diễn nhào lộn
hạ thấp, hạ xuống, lún xuống, sụt xuống, tụt xuống
nhảy dựng lên, nhảy chồm lên, dựng lên, chồm lên
kẹt, mắc kẹt, kẹt cứng, chết cứng
trèo, leo, trèo leo, leo trèo
lún xuống
băng, vượt
thúc chạy, bắt chạy
thả
chìm, đắm, chìm đắm, đắm chìm, ngập, chìm ngập, ngập trong
chần chừ, chần chờ, đắn đo, lần chần, lần khần, lưỡng lự, ngần ngừ, ngần ngại, phân vân, trù trừ
đi xe máy, đi xe mô tô, cưỡi xe máy, cưỡi mô tô
lướt, lướt đi, lướt bay, lướt qua, vút, vút đi, vút bay
xối, xối xả, chảy như thác đổ, rơi như thác đổ
chuyển nhanh
chảy ngược, đổ ngược, chảy ngược về, đổ ngược về
lảo đảo, lắc lư, tròng trành, bước lảo đảo, bước lắc lư, đi lảo đảo, đi lắc lư, đi tròng trành
phai, lan, loang, phai ra, lan ra, loang ra
đi, đi đến, đi tới, chu du, du lịch, đi du lịch, công du
tham quan, thưởng ngoạn, du lãm, đi ngắm cảnh
đến, đi đến, đi tới
tiếp đất, chạm đất
đấm, thụi, thọi, đá, đạp, vung tay, vung chân
toé lửa, phóng toé lửa
nấn ná, lần lữa, chần chừ, rề rà, cà rà
quét qua, lướt qua, vụt qua, sượt qua
nhảy dựng lên, dựng đứng lên
đi theo, lẽo đẽo theo, lẵng nhẵng theo, bám theo, bám riết theo
nhúng, nhúng ướt, dúng, dúng ướt
bắn một loạt, nổ một loạt, khai hoả một loạt
chắt, gạn, chắt ra, gạn ra
qua, thông, thông qua
