bỏ bùa, phù phép, thôi miên, niệm chú, niệm thần chú
chơi đẹp, chơi fairplay
cho hồi hương, cho về nước
nối, kết nối, liên kết, kết liên, kết giao
nhốt, giam, giữ, giam giữ, giam hãm, giam cầm
bán thân, làm đĩ, mại dâm, ca ve, điếm, gái điếm
phong chức, ban chức
chia để trị, phân chia thành thù địch
rời bỏ, rời đi, bỏ đi, trốn khỏi, bỏ trốn
phạt tuỳ ý, phạt tuỳ tiện
lừa, lừa đảo, lừa gạt, lừa bịp, bịp bợm
chủ nhiệm, chủ trì, làm chủ nhiệm
rút ra, li khai, tách ra, rút khỏi, tách khỏi, rời khỏi, xa rời
treo cổ
cộng tác, hợp tác, phối hợp
giữ độc quyền, độc chiếm
đem gông
gây náo động, làm náo động, gây om sòm, làm om sòm, gây ầm ĩ, làm ầm ĩ, làm huyên náo, gây huyên náo, gây bấn loạn, làm bấn loạn
tránh, hạn chế, tránh xa
kính trọng, tôn trọng, sự kính trọng, sự tôn trọng
giam cầm, cầm tù, tống giam, bỏ tù
giao tiếp, tương tác, tác động qua lại, ảnh hưởng lẫn nhau
uỷ quyền, uỷ thác
quý mến, yêu quý
phong tước, ban tước, làm chủ
thả, tha, giải phóng, thoát khỏi, phóng thích, cho tự do
trao, phong, trao tặng, phong tặng
nuôi nấng, nuôi dưỡng, dưỡng dục
lo, lo liệu, chăm lo, đảm đương, phụ trách, bảo đảm, có trách nhiệm, chịu trách nhiệm
hiếp, hãm hiếp, cưỡng hiếp, hiếp dâm, cưỡng dâm, làm nhục, làm mất trinh tiết
hay mua, hay lui tới, lui tới luôn
phản bội, phụ bạc, bán rẻ, bán đứng
thành công, nổi tiếng
lấy lại, chiếm lại, giành lại, khôi phục lại, phục hồi lại, hồi phục lại
ràng buộc, trói buộc, cột, giữ lại
bổ nhiệm, bổ dụng, bổ nhậm
trung bình, bình quân
đảm nhiệm, đảm nhận, đảm trách, gánh vác, nhận làm, tìm cách giải quyết
lừa, lừa gạt, đánh lừa, lừa bịp
huỷ bỏ, bãi bỏ, thủ tiêu, bài trừ, thủ tiêu, phế bỏ, phế trừ
nhốt, giam, giam giữ, giam cầm, giam hãm
phạt, trừng phạt, trừng trị, xử phạt, bắt phạt
bắt trượt, bắt hỏng, bắt hụt, bắt trật
khôi phục, trùng tu
bầu, bầu chọn
chắc chắn, đảm bảo, bảo đảm
điều khiển, kiểm soát, chỉ huy, làm chủ
là người dẫn đầu, đi tiên phong
xoay chuyển, tạo bước ngoặt
lôi kéo, vận động, điều khiển, kiểm soát, thao túng, giật dây
liên minh, liên hiệp, tổ chức thành công đoàn, thành lập công hội
phê chuẩn, xác nhận, xét duyệt, đồng ý, làm cho có giá trị, làm cho có hiệu lực, làm cho hợp lệ, chính thức hoá, xác nhận tính hợp lệ
xử sự, cư xử
lừa, lừa đảo, lừa bịp, lừa gạt, lừa phỉnh
tránh, lảng tránh, lẩn tránh, lẩn trốn, trốn tránh
hoàn thành, làm xong, thực hiện xong
chạy đua
thưởng, ban thưởng, tặng thưởng, khen thưởng, thưởng công, ân thưởng
nâng cao, bồi dưỡng, giáo dục, đào tạo, rèn luyện, huấn luyện
hoàn thành, làm xong
phê chuẩn, chấp thuận, tán thành, phê duyệt
dàn xếp, thu xếp
đuổi, sa thải
thực nghiệm, thử nghiệm thực tế, thử nghiệm thực địa, thử nghiệm hiện trường
giúp, giúp ích, có ích, giúp đỡ, cứu đỡ, cứu giúp, hỗ trợ, cứu trợ, viện trợ, cứu viện
xung phong, tình nguyện, tự nguyện, tự động đưa ra
bạc đãi, ngược đãi, bạc bẽo, bội bạc, tệ bạc, cư xử không tốt, cử xử không đứng đắn
trộm, ăn trộm, bẻ khoá, trộm cắp, lấy trộm, ăn trộm bẻ khoá, ăn trộm ban đêm
hoà nhập xã hội
quản lí kém, quản lí yếu kém, quản lí không hiệu quả, quản lý kém, quản lý yếu kém, quản lý không hiệu quả
từ chức, xin thôi, xin nghỉ
tô màu, nhuộm màu, quét màu
đuổi, trục xuất, hất cẳng, tống ra
xa lạ, ghẻ lạnh
chiều, cưng, nuông, nuông chiều, chiều chuộng, cưng chiều, làm hư
xảy ra, diễn ra
cúi mình, hạ mình
trao quyền, phong chức, ban quyền
sắp đặt, quy định, chỉnh lí, chỉnh đốn
dẫn dắt, hướng dẫn, chỉ đạo, dẫn đường
xoay, xoay xở, xoay trở, xoay xoả, day trở
miễn thuế, không phải trả thuế
cản trở, ngăn trở, ngăn cản, phá ngang, làm trở ngại, gây trở ngại
chỉ huy, điều khiển
phục vụ bàn, bồi bàn, hầu bàn
liều, mạo hiểm, đánh liều
nối, kết nối, liên lạc, liên hệ
kiềm chế, kiểm soát, kiềm toả, kìm nén, ghìm
phản bội, chống lại, bỏ đảng, bỏ hàng ngũ
giữ, đảm nhiệm, đảm đương
đem lợi ích cho, có lợi cho, mang thuận lợi cho
nổi dậy, khởi nghĩa, vùng lên, nổi lên, đứng lên, nổi loạn, chống đối
khai mạc, khai trương
chỉ huy, chủ trì, chịu trách nhiệm, điều khiển
kỉ luật, kỷ luật, phạt, trừng phạt, trừng trị, bắt lỗi
bầu, bỏ phiếu, bầu cử
hẹn hò
phân biệt, phân biệt đối xử
dẫn chương trình, làm MC, giới thiệu chương trình
phong, lập, tôn, bổ nhiệm, bổ dụng, bổ nhậm chỉ định, phong, lập, tôn
chống, chống lại, phản kháng, phản đối, kháng cự
lập lại, phục, phục hồi, khôi phục, phục nguyên, phục hưng
bầu, bỏ phiếu
gặp, quen, gặp gỡ, gặp nhau, làm quen, quen biết
chiếu cố, hạ cố
sắp đặt, dàn dựng, dàn xếp
xếp lên giá
đuổi, đuổi đi, sa thải, thải hồi, đuổi ra
gặp, gặp gỡ, đến gặp, đến hỏi ý kiến
từ chối, chối từ, khước từ, cự tuyệt, không nhận, từ chối quyền tham gia, chối từ quyền tham gia, khước từ quyền tham gia, cự tuyệt quyền tham gia
thiêu, thiêu sống, hoả thiêu, hoả thiêu sống
gọi, chào, chào gọi
làm lại, lặp lại, làm đi làm lại, lặp đi lặp lại
tiếp tục, duy trì
biến, làm, làm cho
tổ chức lễ kỉ niệm
làm quần quật, làm cần cù, làm cần mẫn, làm miệt mài, làm hùng hục, làm việc quần quật, làm việc cần cù, làm việc cần mẫn, làm việc miệt mài, làm việc hùng hục, làm luôn tay luôn chân
cắt từng miếng, chẻ thành miếng, làm vỡ thành nhiều mảnh, chia nhiều mảnh, vỡ từng mảnh, vỡ thành nhiều mảnh
chôn, chôn cất, mai táng, an táng
làm, phạm, gây, phạm phải, gây ra
tổ chức thành công đoàn, tổ chức thành nghiệp đoàn
đuổi việc, sa thải, thải hồi, cho nghỉ việc, cho thôi việc
giao, uỷ quyền, uỷ thác, uỷ nhiệm, giao phó, trao quyền
thuê người làm trên tàu, mướn người làm trên tàu, thuê người làm trên tầu, mướn người làm trên tầu
buộc, bắt, ép, cưỡng, bắt buộc, ép buộc, cưỡng ép, bắt ép, cưỡng bức, buộc phải, bắt phải
nâng thành quân đam, trở thành quân hậu
đuổi, đuổi ra, loại, loại ra
diễn ra trước
đàn áp, áp bức, đè bẹp, bức chế
đăng kí
không nghe lời, không vâng lời, không tuân theo, không nghe theo, không tuân lệnh
gắn bó, keo sơn, keo sơn gắn bó, gắn bó keo sơn, đồng cam cộng khổ
tuân thủ, thực hành, tuân theo, làm theo, nghe theo, sử dụng, dùng
thuê, mướn
chứng nhận, chứng thực, xác nhận, công nhận
hậu thuẫn, chống lưng, đứng sau, đứng đằng sau
nhốt, giam
thế, thế chỗ, thay thế, thay chỗ, hất cẳng
tập hợp, hợp nhất, thống nhất, đoàn kết
ngăn, chặn, cản, trấn áp, khuất phục, khống chế, chế ngự, áp chế, đàn áp, áp đảo, ngăn chặn, ngăn cản, cấm cản
nghe, xử, xét xử
cản trở, ngăn cản, gây trở ngại, làm trở ngại
theo, theo đuổi, đeo đuổi, tiếp tục, phát triển, nâng cấp, cải tiến, nâng cao
làm tài xế, làm lái xe, làm nghề lái xe
sụp đổ, mất địa vị, bị hạ bệ, bị sụp đổ, bị lật đổ
đạt được, giành được, đạt đến, đạt tới
lập trung đoàn, tổ chức thành trung đoàn
theo, tiến hành, cộng tác, dính tới
bêu, bêu xấu, bêu rếu, lăng mạ, lên án, chỉ trích, lăng nhục, nhục mạ, thoá mạ
dẫn, dẫn dắt, điều khiển, chỉ huy, dắt dẫn, chỉ dẫn
chạy, thực hiện
đào tạo, rèn luyện, chuẩn bị, huấn luyện, sửa soạn
làm luật, lập pháp, hành pháp
bỏ nhà ra đi, bỏ quê ra đi, khiến bỏ nhà ra đi, buộc bỏ nhà ra đi
đánh bẫy, nhử mồi, giương bẫy, thả mồi, giăng bẫy, gài bẫy
chia, rời, chia tay, chia lìa, chia rẽ, rời nhau
tiêm nhiễm, đầu độc
thực hiện
cẩn thận, chú ý, cẩn trọng
khủng bố, doạ, hăm doạ, đe doạ, hù doạ
gặp, thăm, thăm hỏi, hỏi han, thăm viếng, viếng thăm
tổ chức, cấu tạo, thiết lập, sắp xếp, bố trí
gặp khó khăn, lúng túng, nhầm lẫn
ảnh hưởng, tác động, kích thích, kích động
đùa giỡn, bỡn cợt, đùa cợt, giỡn, giễu cợt
trưng bày, trưng bầy, triển lãm, cho ra mắt
giám sát, kiểm soát, quản lí, quản lý, trông nom, trông coi
đặt, phân, bố trí, sắp xếp
đối phó, xử lí, xử lý, giải quyết
tổ chức, thành lập, thiết lập
tình cờ làm quen, làm quen với
gặp, quen, làm quen, gặp gỡ
không đạt, làm cho không nói nên lời, làm cho lặng người
chuyên về
nghe, theo, vâng, nghe lời, vâng lời, tuân lệnh, tuân theo, nghe theo, thực hiện theo
tham gia
nhậm chức
định kiến, thành kiến
kìm, nén, nín, giữ, kìm lại, nén lại, kìm nén, hạn chế, kiềm chế, kìm chế, nén giữ
làm hợp đồng thầu lại, làm hợp đồng thuê lại
phục vị, phục chức, khôi phục, phục hồi
chia, phân, phân chia, chia lô, chia khoảnh, chia phần, phân lô, phân khoảnh, phân phần, phân chia lô, phân chia khoảnh, phân chia phần
vướng, mắc, xen, vướng vào, dính vào, vướng phải, mắc phải, xen với, liên quan, liên quan tới
chạy, hoạt động, vận hành
làm ở, làm việc ở, làm với, làm việc với, làm trong, làm việc trong
tìm, kiếm, tìm kiếm, kiếm tìm, truy nguyên, truy lùng, lùng sục
được thông qua, được chấp nhận, được chấp thuận, được phê duyệt, được phê chuẩn, được tán đồng, được đồng ý
trừng phạt, áp bức, bóc lột, làm đau khổ
làm lễ cưới, làm đám cưới, làm lễ thành hôn
đấu tranh, cố gắng, vật lộn, chống chọi, đối phó
nhường, cho phép, cho ghi
cấm, cấm đoán, ngăn cấm, cấm chỉ
thay, thế chỗ, thay chỗ, thế chân, hất cẳng
làm, làm việc, lao động
phản đối, không tán thành, gây bất lợi, gây cản trợ, gây trở ngại, gây tổn hại
tẩy chay, bài trừ, bài xích, gạt bỏ, loại trừ
mải chơi, ham chơi, mê chơi, ham mê chơi
xoay sở, lo liệu
lên ngôi, nhậm chức, tiếp nhận, đảm nhận
nổi loạn, dấy loạn, nổi dậy, làm loạn
liên kết, kết hợp, hợp lại, gộp lại, chung nhau
miễn, giải thoát, mở thông, gỡ ra khỏi
nhử, dử, dụ, nhử mồi, mắc mồi, dử mồi, dụ mồi
phạt, bắt phạt ai, phạt vạ ai
khôi phục, phục hồi
cấp chỗ ở, cấp nơi ở, cung cấp nhà ở
nỗ lực, dốc sức, phấn đấu, gắng sức, gắng công, cố kỉnh
quên, quên lãng, lãng quên, lơ là, bỏ qua, sao nhãng
chống, kháng cự, phản kháng, chống lại, kháng cự lại, phản kháng lại, ngăn lại, cản lại
liên kết, liên minh, liên hợp, kết hợp, kết giao
phục vụ, phụng sự, cống hiến
thúc, thúc giục, hối thúc
ép, buộc, ép buộc, bắt buộc, bắt ép
gạ gẫm, quấy rối, quầy rầy
kiếm tiền phi pháp, làm ăn phi pháp, kiếm tiền bất hợp pháp, làm ăn bất hợp pháp
kháng cự, chống lại, chống cự, cưỡng lại, chống đối, phản đối, phản kháng
luân phiên, quay vòng, đổi phiên, thay phiên
buộc tội, kết tội
bù, đền bù, bồi thường, bồi hoàn
phạm tội, mắc tội, gây tội
xử, xét xử, phân xử
xâm nhập, xâm phạm, xâm lấn, xâm nhập trái phép
khuyến khích, thúc đẩy, khích lệ, kích thích, kích động
kiểm kê, kê khai
tráo, tráo đổi, hoán đổi, đánh tráo
áp chế, bức chế, áp đặt, ra lệnh
giải trí, tiêu khiển
bôi nhọ, bôi xấu, phỉ báng, làm mất thanh danh, làm mất danh dự, làm nhục, làm ô danh, làm hổ thẹn
hối lộ, mua chuộc
hành hung, đối xử hung bạo, đối xử tàn nhẫn, đối xử tàn ác
ám sát, ám hại, hành thích
tái tổ chức, tổ chức lại, cải tổ lại, sắp xếp lại, tập hợp lại, cơ cấu lại
dàn hàng, xếp hàng, sắp hàng, dàn thành hàng, xếp thành hàng, sắp thành hàng
trông trẻ, giữ trẻ
khuyến khích, cổ vũ, khích lệ, động viên, thôi thúc, kích thích
vận động hành lang
đóng, đóng góp, góp phần
dạy, dạy bảo, dạy dỗ, chỉ dạy, giáo dục
cưới, lấy, kết hôn, thành hôn, làm lễ cưới, tổ chức lễ cưới,
kết quả, tác dụng, có tác dụng, có kết quả, có hiệu lực
thực hiện, hoàn thành, đạt được
nuôi dạy, bao bọc, chở che, che chở
chăn, nuôi, chăn nuôi, chăn cừu, nuôi cừu, chăn dê, nuôi dê
cản trở, cản lại, ngăn lại, ngăn chặn
cứu, cứu vãn, cứu nguy
buộc, ép, bắt, ép buộc, bắt ép, bắt buộc, cưỡng ép, buộc phải
nỗ lực, cố gắng, cố kỉnh
sa ngã, mất trinh tiết
quốc tế hoá
kết giao, kết bạn, giao du, đi lại, giao thiệp
bẻ khoá, phá khoá
phá hỏng, phá huỷ, huỷ hoại, làm hỏng
thôi, ngừng, rút lui
hợp tác, phối hợp
chặn, chắn, ngăn, ngăn chặn, ngăn cản, phong toả, phong bế
chào đón, đón chào, đón tiếp, tiếp đón
chặn, ngừa, tránh, ngăn chặn, ngăn ngừa, phòng ngừa
bắn, bắn hạ
lạm dụng
ngã, sa, sa ngã, ngã vào, sa vào
cản, ngăn cản, cản trở, chặn đứng, cản lại
yêu cầu, thuê
rèn luyện, huấn luyện, dạy, dạy bảo
phong thánh chức
cấp nhà, cho nhà ở
trao quyền, uỷ quyền, phó thác, giao quyền, cho phép, cho quyền
đến gần, đến sát, áp sát, di chuyển lại gần
quỵt tiền, ăn quỵt
thăm dò, thăm dò ý kiến
cộng tác, cộng tác với địch
nghỉ, giải lao, nghỉ giải lao
cản, chặn, cản trở, ngăn cản, ngăn chặn
đưa, mang, đưa đi, mang đi
đại diện, thay mặt, làm phát ngôn viên
xem thường, xem nhẹ, coi nhẹ, coi thường
làm thêm, làm thêm ngoài giờ
ràng buộc, đặt bẫy, cài bẫy, mắc bẫy, bẫy
đổi phiên, đổi ca, thay ca
nghỉ, ngừng, đóng cửa, ngừng hoạt động
tình nguyện, xung phong, tự nguyện
kết thân, kết giao, thâm giao
xấc, láo, hỗn, xấc xược, xấc láo, hỗn láo, hỗn xược, láo xược, hỗn hào, láo toét, bố láo, bố láo bố lếu, bố lếu bố láo
phạm, vi phạm, phạm quy, phạm luật, vi phạm luật, vi phạm quy định
làm, đảm đương, đảm nhiệm, phụ trách, giữ vị trí
kiểm nghiệm, kiểm tra, kiểm lại, thử lại
trục xuất, đuổi, tống, tống ra, đuổi ra khỏi, làm bật ra
cản, ngăn, cản trở, ngăn cản, trở ngại, gây cản trở, gây trở ngại
uỷ nhiệm, uỷ thác, chỉ định
làm thêm thời vụ, làm theo thời vụ
miễn, giảm, bỏ, miễn trừ, miễn giảm, loại bỏ
vâng, nghe, vâng lời, vâng lệnh, nghe lời, nghe lệnh, tuân theo, tuân lệnh, phục tùng
tha, thả, giải phóng, phóng thích, trả tự do
làm nông, làm ruộng, làm nghề nông
lũng đoạn, gián đoạn
chỉ định, chọn, bổ nhiệm, uỷ nhiệm
nhốt, giữ, giam
chấp nhận, chấp thuận, thông qua
giám hộ
hẹn hò, hẹn gặp
mại dâm, làm đĩ, làm điếm, mãi dâm, làm gái
chơi, nghịch, chơi đùa, nô đùa, đùa giỡn, đùa nghịch
nổi loạn, náo loạn, bạo động, dấy loạn, bạo loạn
chinh phục, khuất phục, chế ngự, bắt phục tùng
giữ, giữ lại, duy trì
bỏ qua, cho qua, làm ngơ, làm lơ, lờ đi, làm ngơ, vờ đi
đặt cược, cá cược, đánh cược, đánh liều, mạo hiểm
bắt kịp, đuổi kịp, theo kịp, làm bù
thành lập, thiết lập, lập thành
đương đầu, đối phó, xoay xở, cầm cự, giải quyết
xoá bỏ sự phân biệt, xoá bỏ sự cách li, xoá bỏ khoảng cách, xoá bỏ sự phân biệt chủng tộc
kết bạn, làm bạn, trở nên thân thiết
rời khỏi, ra khỏi, ngừng, thôi, nghỉ
trao quyền, ban quyền, giao cho, ban cho, phong
kiềm chế, kiểm soát, cầm lại, kìm nén, nén lại, tiết chế, hạn chế, khống chế, giới hạn, làm dịu, làm nguôi, làm vơi bớt
thúc, giục, thúc giục, hối thúc, thúc ép, thúc bách
ăn chơi chè chén, ăn chơi nhảy múa, ăn chơi trác táng, chè chén say sưa, đánh chén, rượu chè be bét, chè chén linh đình, nhậu nhẹt say sưa
phát ra, kêu
kế nghiệp, thừa kế, nối ngôi, kế vị, kế thừa, kế tục, nối nghiệp, kế nhiệm, đi theo, theo sau
giảm bớt, làm nhẹ bớt
hẹn, hẹn hò, mời đi chơi
phối hợp tốt, hợp tác tốt, làm việc ăn ý, làm việc ăn khớp
chi phối, ảnh hưởng, tác động
lọc, sàng lọc, chọn lọc, tuyển chọn
điều hành, chỉ huy, quản lí, chỉ đạo, điều khiển
lơ là, quên, không nhớ, sao lãng, không để ý, không chú ý
ghé thăm, ghé qua, tạt qua, tạt qua thăm
gò cương, ghì cương, cầm cương, đóng yên cương
hạ cố tới, hạ cố đến
nuôi con nuôi
may mắn, gặp may, trúng số, vớ bở, vớ bẫm
lợi dụng, bóc lột, bắt làm quá sức
cấm, cấm chỉ, cấm đến, cấm tới
lừa, lừa dối, đánh lừa, lừa đảo, lừa gạt
lên mặt với, hống hách với
dung túng, bao che, che giấu, che đậy
dự tiệc, ăn tiệc, đi tiệc
huỷ, bỏ, huỷ bỏ, bãi bỏ, xoá bỏ
tước bỏ, tước đoạt, tước đi, lấy đi
lập, thành lập, thiết lập, lập ra, tạo lập, tạo dựng, kiến lập
tha, miễn, tha thứ, tha cho, miễn cho
thất bại, không thành công
không, không thể
kỉ niệm, kỷ niệm, làm lễ kỉ niệm, làm lễ kỷ niệm, ăn mừng, chiêu đãi, làm lễ ăn mừng, tổ chức ăn mừng
phục chức, phục vị, khôi phục chúc vụ
theo hầu
làm, tiến hành, thực hiện, tham gia
áp chế, đàn áp, áp bức, hành hạ
hiến, hiến dâng
tình cờ, ngẫu nhiên, may mà
cứu, giúp, cứu giúp, cứu trợ, cứu vãn, cứu nguy, trợ giúp
xã hội hoá, giao tiếp, giao tế, giao thiệp, trao đổi, tiếp xúc
trả, nộp, thanh toán
hợp tác, liên kết, kết hợp, cộng tác
làm vua
làm việc khẩn trương, làm việc gấp rút
cư xử, đối xử, hành xử, đối đãi, ăn ở
chống, kháng cự, phản kháng, chống lại, kháng cự lại, phản kháng lại
phân phối, phân bổ, phân phát
phá hoại, phá hỏng, làm hại, làm hư hỏng, làm hại đến thanh danh
in, khắc, khắc sâu, in sâu, ghi sâu, hằn sâu, in hằn
bầu, chọn, bỏ phiếu, biểu quyết
tách ra, phân ra, tách rời, chia rẽ, tách khỏi, rời khỏi, rút khỏi
bắt đầu, đảm nhận
phân vai, phân đóng vai, phân vai diễn
phạm, gây ra, phạm vào, phạm phải, mắc phải
cử xử kênh kiệu, cư xử kiêu ngạo, lên mặt dạy đời
chìm đắm, đắm chìm, ngập tràn, tràn ngập
lấy bằng sáng chế, được cấp bằng sáng chế
đem lại, mang lại
bỏ phiếu trắng
lừa, bịp, gạt, lừa bịp, lừa đảo, lừa gạt, bịp bợm, gian lận, ăn gian, đánh lừa
ghi tên, ghi danh, đăng kí
trình diện, ra toà, có mặt tại toà, ra hầu toà
trao đặc quyền, ban đặc ân
phạt vạ, bắt phạt, bắt nộp phạt
phá hỏng, phá hoại, làm hỏng, tàn phá, làm đổ nát
quản lí, điều hành
giao, trao, giao nhiệm vụ, giao việc
buộc tội, tố cáo, thưa kiện
khai trừ, thanh trừng, khử bỏ
nô dịch, biến thành nô lệ, bắt làm nô lệ, nô dịch hoá
kí kết, ký kết, kí hiệp ước, ký hiệp ước, thoả thuận bằng giao kèo
nối lại, hàn gắn lại, quay lại
trốn, chuồn, lẩn, lẻn, lỉnh, lỏn, lủi
công bố, tuyên bố, ban bố kê khai
ghép, kết, ghép đôi, ghép cặp, kết đôi
lừa, lừa dối, lừa bịp, đánh lừa, lừa gạt, lừa phỉnh
cấm
chuyển, thuyên chuyển
gia nhập, tham gia, nhập vào, vào
nhốt, giam
tái hôn, tái giá
giữ lời, làm như đã hứa, giữ đúng lời hứa
bỏ phiếu, bầu, đi bầu
làm tạm thời, làm thay tạm thời, đảm nhiệm tạm thời
làm, tiến hành, thực hiện
tái tổ chức, cải tổ chức, tổ chức lại, cải tổ lại, chấn chỉnh lại
trị vì, thống trị
thổi phồng, khuếch trương, khuếch đại
vận động bầu cử, vận động bỏ phiếu
đóng dấu bằng sắt nung, đốt bằng sắt nung
quỵt, quịt, trốn nợ, quỵt nợ, chạy làng, ăn lường, ăn quỵt
tủi thẹn, hổ thẹn, xấu hổ, nhục nhã, ê chề
tránh, ngăn ngừa, hạn chế, phòng ngừa, đề phòng, kiềm chế, kiểm soát
đậu bến, neo đậu, đậu ở cảng, neo ở cảng, đỗ ở cảng
hạ thấp mình, hạ thấp bản thân, hạ thấp phẩm giá, tự bán rẻ mình, tự coi thường mình
xưng danh, giới thiệu
ban đặc quyền
xen, xen vào, can thiệp, can thiệp vào, dính vào, dính líu, dính líu vào
ngoại tình, lăng nhăng, gian dâm, thông dâm, chơi, ngủ
phạm lỗi, mắc lỗi, mắc phải sai lầm
nới lỏng, buông lỏng, thả lỏng, nới ra
mạo phạm, xúc phạm, báng bổ, phỉ báng, phạm thánh
lớn lên, trưởng thành
xúi giục, xúi bẩy, lôi kéo, khuấy động, khích
bắt đầu giải quyết, tiến hành giải quyết
cho về hưu, cho nghỉ hưu
cho hồi hương, cho trở về nước
xâm phạm, tác động, ảnh hưởng, xâm lấn, động chạm
kiềm chế, ức chế, hạn chế, kiểm soát
quan hệ, liên quan, có quan hệ, có liên quan
lừa, lừa đảo, lừa bịp
lừa, bịp, lừa bịp, lừa đảo, bịp bợm, xoay xở
phản tác dụng, gây tác dụng ngược, trái với mong đợi, có ảnh hưởng ngược lại, có tác hại trở lại
nhấc, cất nhắc, đưa lên, đem lên, mang lên, cất nhắc lên
thăm dò, dò xét, thử nghiệm
sành điệu, thạo đời
trả, đáp lại, đáp trả, báo đáp, báo đền, đối lại, đền đáp lại, trao đổi qua lại
bắt đầu
nén, giữ, kiềm chế, kìm nén, kìm giữ, kìm lại
thường, hay
mạo, giả mạo, làm giả, giai lận, khai gian
ngoại tình, gian dâm, thông dâm, phản bội, cắm sừng, phụ bạc, lừa dối, phụ tình, phụ
dân chủ hoá
đụng chạm, đả động đến, đề cập đến, can thiệp vào, làm hại
làm, thực hiện, tiến hành
làm thư kí, làm văn phòng, làm nhân viên hành chính
tổ chức thành công đoàn
làm bớt căng thẳng, làm cho dễ chịu
đảm bảo
ngăn, cản, chặn, ngăn ngừa, ngăn cản, ngăn chặn, ngăn cản, cản ngăn, cản trở, ngăn trở
đặt hàng, đặt mua
dùng, sử dụng, lợi dụng
đến tuổi trưởng thành
đẩy mạnh, thúc đẩy, xúc tiến, khuyến khích, khích lệ, cổ vũ, động viên
phô bày, bày ra, phô ra, trưng bày, trưng ra
rút lui, thoái lui, rút ra
bắt cá hai tay, yêu hai người cùng một lúc
loại bỏ, cho ra ngoài, đưa ra ngoài
bầu lại, bầu cử lại, bầu chọn lại, tuyển cử lại
bãi công, đình công
đánh trượt, đánh rớt, đánh hỏng, làm trượt, làm rớt
nhậm chức, nhiệm chức, giữ chức
bỏ, thôi, từ chức, thôi việc, nghỉ việc
trao trả, giao trả
thăng chức, thăng cấp, cất nhắc
gắng sức, gắng
đuổi, sa thải, đuổi việc, cho thôi việc, cho nghỉ việc
thi hành, thực hiện
thuê, mướn, thuê mướn
tuân theo, làm theo, nghe theo, giữ đúng, giữ, đúng, thi hành, y theo
bỏ, buỷ, xoá, huỷ bỏ, bãi bỏ, thủ tiêu, xoá bỏ, vô hiệu hoá, làm mất hiệu lực
vận hành, hoạt động
đòi, đòi hỏi, yêu cầu, đề xuất, trình bày, đưa ra, nêu ra
làm đội trưởng
theo đuổi, đeo đuổi, đấu tranh, tranh đấu
mơ mộng, mơ màng
thử, thử nghiệm, kiểm tra, dùng thử, áp dụng thử
ngăn, chặn, cấm, cản, ngăn chặn, ngăn cấm, ngăn cản, cấm cản
thử, thử nghiệm, thí nghiệm, thực nghiệm, làm thí nghiệm
hỏng, thất bại, không đi đến kết quả nào
nhận, công nhận, xác nhận, thừa nhận, chứng nhận
tập thể hoá
hợp pháp hoá, làm hợp pháp, làm cho hợp pháp
làm hư, làm hư hỏng, làm suy đồi, làm đồi bại, làm tha hoá, làm sa ngã, làm tha hoá biến chất, làm băng hoại đạo đức
tung, đưa, công bố
làm mục sư, trợ giúp mục sư
giám sát, quản lí, kiểm soát, cai quản, quản lý, trông nom, trông coi
sống, ăn ở, cư xử
dễ ẹc, dễ dàng vượt qua, vượt qua dễ
đình hoãn, đình lại, hoãn lại
tình cờ, vô tình, ngẫu nhiên
lấy, chiếm, đoạt, lấy được, chiếm được, đoạt được
tổ chức thành công đoàn
dùng, phục vụ
làm em nhỏ phục vụ
mở, bật, bắt đầu, khởi động, vận hành, triển khai
giúp, giúp ích, cải thiện,
đóng góp, góp phần, đưa đến, mang lại, đem lại, làm cho
phá, phá hại, phá hỏng, tàn phá, phá huỷ, phá hoại, làm hư, làm hại, làm hỏng, làm rối, đánh rối, làm rối tung, làm lộn xộn, làm xáo trộn
quay, xoay, vặn
ra sức làm, làm miệt mài, làm chăm chỉ
khuyến khích, tăng cường, thúc đẩy, kích thích, cổ vũ, đẩy mạnh, xúc tiến
cản trở, ngăn cản, ngáng chân, gây khó khăn
huỷ, bỏ, huỷ bỏ, thủ tiêu, triệt tiêu
bắt đầu, khởi đầu, khởi nguồn, khởi phát
xét nghiệm, kiểm tra, thử nghiệm
chăm chút, nâng niu, chăm sóc
bỏ, loại bỏ, gạt bỏ, bỏ qua, bỏ đi
bẫy, lừa, gài bẫy, đánh bẫy
nối lại, gắn lại, chắp lại
phát, cấp, phân phát, cấp phát
phong tước hiệp sĩ, phong tặng hiệp sĩ
đưa vào khuôn phép, đưa vào khuôn khổ
chạy, vận hành, hoạt động
kháng cáo, kháng án, chống án, thượng tố
đàn áp, áp bức, bức hại, hành hạ, ngược đãi, bạc đãi
xía, xỉa, chĩa, can thiệp, can dự, nhúng tay, chõ mũi, xen vào
quay bài, quay cóp, chép trộm
yết tên
phối hợp, kết hợp, hợp tác
bảo mật
ghi vào sổ, vào sổ
cho về hưu, cho nghỉ hưu
phục vụ, phụng sự
nhận, nhận vào, cho vào, kết nạp, thu nạp, tiếp nhận
thoái vị, rời ngôi, bỏ, từ bỏ
đề cử, bổ nhiệm, chọn, tiến cử, chỉ định
nổi điên, nổi xung, nổi khùng, nổi điên lên, giận điên lên
thích hơn, yêu quý hơn, yêu thích hơn, ưa hơn, ưa chuộng
đặt trước, dành trước, giữ trước, đăng kí trước
cản trở, ngăn cản, cản ngăn, ngăn trở
kiểm tra, điều tra
bận tâm, băn khoăn, lo lắng, lo nghĩ, nghĩ ngợi, bận lòng, nặng lòng, nhọc lòng
cho về hưu non, cho nghỉ hưu non, cho nghỉ hưu sớm, cho về hưu sớm, cho giải ngũ sớm, cho nghỉ việc sớm
liên kết, kết hợp, phối hợp, hợp tác, đồng hành, cùng với
phục hồi, khôi phục
làm quá sức, làm quá sức lực, thực hiện quá sức, thực hiện qua mức, cố quá
ghi mục lục, ghi chú dẫn
tống tiền, hăm doạ, đe doạ, doạ nạt, gây sức ép, gây áp lực
đổi nhân sự tạm thời, trao đổi nhân sự tạm thời, tráo đổi nhân sự tạm thời
dân chủ hoá
sai, không phải, bất công
để, đặt
làm nóng, hâm nóng, làm cho ấm
tuần tra, tuần phòng, canh phòng, đi tuần, đi tuần tra
vui, vui vẻ, cuốn hút, hấp dẫn, thích thú, khoái chí, giải trí
săn sóc, chăm sóc, chăm nom, chăm chút, coi sóc, trông nom, nuôi dưỡng
làm việc qua, làm việc bằng
hoãn, đình chỉ, treo giò
tham gia
đột kích, tấn công bất ngờ, khám xét bất ngờ
ghi danh, ghi tên
huỷ, bỏ, huỷ bỏ, vô hiệu hoá, làm mất hiệu lực
tích cực làm, cố gắng làm, chăm chỉ làm, cần cù làm
tán thưởng, khen ngợi, tán dương
làm việc vất vả, làm việc cật lực, làm việc cực nhọc
liều, liều lĩnh, mạo hiểm, cả gan, đánh liều
làm lễ, hành lễ
phế truất, thoái vị, phế ngôi, hạ bệ
lừa, bịp
giết, khử, ám sát, trừ khử, thủ tiêu, sát hại, khử đi, giết hại
giám sát, quản lí
kéo ra, lôi ra, loại ra, rút ra
giao phó, uỷ nhiệm, uỷ thác
bầu, chọn, bỏ phiếu, biểu quyết
mơ mộng, thẫn thờ, thờ thẫn
liên kết, liên minh, kết hợp, hối hợp
chống đối, phản đối, phản kháng, không phục tùng
hạn chế, giới hạn, thu hẹp
treo cổ, thắt cổ
quy vùng, chia thành đới, chia thành khu vực, chia thành địa hạt
phế truất, hạ bệ, trục xuất, đuổi theo quy định
hợp nhất, kết hợp, hợp lại, liên kết, đoàn kết
đặt, đặt phòng
kết thúc, chấm dứt, bế mạc
nén, ngăn chặn, hạn chế, kiềm chế, kìm chế, kìm hãm, cầm lại, nén lại
đưa, dẫn, đưa đi, dẫn đi, đưa ra, dẫn ra
ghi phạt
bào chữa, biện hộ, kháng biện, đại diện, bảo vệ, ủng hộ, bênh vực
thực hiện, thi hành, chấp hành
trượt, rớt, bị trượt, bị rớt, đánh trượt, hỏng thi, thi hỏng, không đỗ
thuyết phục, lay chuyển, cảm hoá
giả tạo, làm bộ làm tịch, làm điệu bộ, có thái độ màu mè
dạy, dạy học
tuân theo, nghe theo, vâng theo, chiếu theo, tuân thủ, đồng ý làm theo
bất công, không công bằng, phạt bất công, phạt không công bằng, khiển trách một cách không công bằng, trừng phạt một cách không công bằng
qua, đậu, đỗ, trúng tuyển, vượt qua, thi đậu, thi đỗ, chiến thắng, giành được, giành thắng lợi, vượt qua được
làm đỡ, làm hộ, làm giúp
dám
quản lí trại chăn nuôi
làm lễ trưởng thành
lĩnh, lãnh, đảm nhận, đảm đương, gánh vác, nắm quyền
gặp, gặp gỡ, gặp mặt, họp, họp mặt, tụ họp, tập hợp, tụ tập, nhóm họp, tập trung
cắt, đuổi, cắt giảm, sa thải, đuổi việc, thải hồi
trốn, lén, trộm, ăn trộm, ăn cắp, trộm cắp, lấy trộm, lấy cắp, lén lấy
phá, chống, chống cự, phá hoại, phá ngầm, đục khoét, chống lại, chống cự lại, lật đổ, phá vỡ, làm yếu đi, làm nhụt
quản lí, quản lý, trông nom, trông coi, phụ trách
thế, thay thế, thay mặt
trục xuất, trục xuất khỏi nước, đuổi ra nước ngoài, đày ra nước ngoài
thuê, mướn, thuê mướn
lừa, lừa đảo, lừa gạt, lừa bịp
mua chuộc, hối lộ, đút lót
buộc, phải, bắt buộc, buộc phải, ép buộc
nới lỏng, nới ra, lỏng ra, bớt nghiêm ngặt
buộc tội, kết tội
lội nước, nghịch nước, vầy nước
phụ trách, đảm trách
lấy vợ, cưới vợ
trung lập hoá
giúp đỡ, trợ lí, cộng sự
hợp, hoà hợp, hoà thuận
miễn, miễn trừ, miễn cho, tha cho
nhìn, theo dõi, để ý, để mắt, quan sát
xoá nợ, tha nợ
giam, giữ, bỏ tù, tống giam, bắt giam, bắt giữ, giam cầm, giam giữ, cầm tù, giam hãm
trao cho, truyền cho, ban, cho, ban cho, phú cho, ban tặng
bận, bận rộn, bận bịu
bắt làm việc, ép làm việc, buộc làm việc, bắt buộc làm việc, bắp ép làm việc, ép buộc làm việc
hành động
ngược đãi, hành hạ, bạc đãi
kí, ký, kí hợp đồng, ký hợp đồng, kí giao kèo, ký giao kèo, kí giao ước, kí giao ước, kí cam kết, ký cam kết
xác nhận, thừa nhận, phê chuẩn, chuẩn y, duyệt y, phê duyệt, thông qua
đề cử
xử lí, xử trí, xem xét, giải quyết, đối phó
chống đối, phản đối, phản kháng, kháng nghị
tập trung, chăm chú, chuyên tâm
đối phó, ứng biến
cố gắng, nỗ lực, gắng sức, ráng sức, phấn đấu, dốc sức
làm lễ nhậm chức
đóng cửa, đóng, kết thúc, chấm dứt, dừng hoạt động, ngừng hoạt động, đình chỉ hoạt động
thực tập
cấm phát hành
ngăn lớn lên, ngăn phát triển, làm chậm lớn, làm lâu lớn, làm chậm phát triển
gặp, gặp gỡ, gặp mặt, hội ngộ, tụ tập, tụ họp, hội họp
tước quân hàm
cho phép, cấp phép, cấp giấy phép, cấp đăng kí, chứng nhận, chứng thực, cấp giấy chứng nhận
sửa, sửa đổi, cải tổ, tu chỉnh, chỉnh sửa, sửa lại, trang bị lại, cải tổ lại, sửa đổi lại
mở, mở đầu, khai mạc, bắt đầu
phiền, làm phiền, quấy rầy, quấy rối, gây phiền phức, gây phiền hà, gây phiền toái, làm khó chịu, gây bất tiện
đổi, trao đổi, đổi chác, hoán đổi
tiêu biểu cho, tượng trưng cho, tương ứng với, điển hình cho
khoanh vùng, vạch giới hạn
nghịch, đối lập, trái ngược, mâu thuẫn, xung đột, đối nghịch, nghịch với, nghịch lại, nghịch lại với
hợp, nhập, hợp nhất, thống nhất, sáp nhập, hợp vào, nhập vào
chú ý, để ý, lắng nghe, để tâm, chú tâm, lắng tai
điều phái, biệt phái, điều phái tạm thời, thuyên chuyển công tác
tha, thả, giải phóng, trả tự do, giải thoát, phóng thích
trốn, trốn tránh, lẩn tránh
kiện, tố, kiện cáo, tố tụng, khởi tố, truy tố, điều tra
thấy trước, biết trước, đoán trước, dè trước, chặn trước, lường trước, liệu trước
nhốt, giam, giam hãm
tiến hành, triển khai
tư lợi, làm lợi riêng
thử, thử nghiệm, thử phương pháp mới
xong nhiệm vụ, hết trách nhiệm
cho thuê
tham gia, tham dự
đạt, đạt được, có được, đạt tới, đạt đến
phục hồi, hồi phục
đào lên, đào mộ, đào mả, khai quật
ngủ, nghỉ, ngủ đông, nghỉ đông, không hoạt động
trốn, lẩn, trốn tránh, lẩn trốn
khai mạc, mở đầu, bắt đầu
đạt, được, thắng, có được, lấy được, chiến thắng
trục xuất, đày đi, đuổi
lừa, gạt, lường, dối, nói dối, lừa gạt, lừa bịp, đánh lừa, lừa dối
thay, thế, chiếm, đoạt, thay thế, chiếm đoạt, thế chỗ, thay chỗ
giám sát, theo dõi, quan sát
kìm, hãm, kìm hãm, cản trở, ngăn cản, làm chậm sự phát triển
chiến, đoạt, chiếm đóng, chiếm giữ, chiếm đoạt, đóng giữ
đóng cửa, chốt cửa, khoá cửa, khoá không cho vào, không cho vào nơi làm việc
cản, ngăn, cản trở, ngăn cản, trở ngại, gây cản trở, gây trở ngại
uỷ quyền, uỷ nhiệm, chỉ định
hoạt động, vui chơi
khai trừ, tẩy chay, bài trừ, loại, loại ra
quảng giao, quan hệ rộng
trông nom, chăm nom, săn sóc, hướng dẫn, dẫn dắt
học đòi, biết lõm bõm
biểu tình, biểu tình tuần hành
tập hợp, triệu tập
cử hành, tiến hành
ban tước, phong tước, ban hiệu, phong hiệu, ban tước hiệu, phong tước hiệu
thả ra ăn cỏ, thả cho gặm cỏ, thả đi ăn cỏ, cho ra gặm cỏ, cho ra đồng cỏ
khai trừ
đề nghị, gợi ý
thúc ép, thôi thúc, hối thúc
hất, cách chức, làm mất ghế
là
bêu riếu, bêu nhuốc, bêu xấu, dè bỉu
liều, mạo hiểm, đánh liều, liều lĩnh, phiêu lưu
thành công, đạt được, hoàn thành, hoàn tất
cứu, cứu thoát, cứu nguy, giải cứu, cứu giúp, cứu nạn
rút ra, loại ra
để cho, làm cho, cho phép
lấy làm vợ, cưới vợ
suýt, gần như
chia ra làm nhiều mảnh, chia ra làm nhiều phần, chia ra làm nhiều lô, chia ra thành nhiều mảnh, chia ra thành nhiều phần, chia ra thành nhiều lô
hầu hạ, phục vụ
phải viện đến, phải sử dụng đến, đành phải, phải cầu viện vào
ăn ở, đối xử, cư xử
ngăn cản, ngăn chặn, cản trở, ngăn ngừa, phòng ngừa, loại trừ, loại bỏ
chuyển giao, bàn giao, uỷ quyền, uỷ nhiệm
bắt đầu quan tâm, chuyển sang quan tâm
nuôi, nuôi nấng, nuôi dạy, nuôi dưỡng
bỏ học, nghỉ học, thất học, thôi học, ngưng học, bỏ trường bỏ lớp, bỏ bạn bạn bè thầy cô
nâng, đưa
lừa, lừa đảo, lừa bịp, lừa gạt, lừa phỉnh, quịt, ăn quịt
phục vụ, phụng sự, phục dịch, chăm sóc, săn sóc
xử tử, hành hình, hành quyết
về hưu, nghỉ hưu
xử tử, hành hình, hành quyết
phạm, vi phạm, phá vỡ, phá bỏ, xâm phạm
hành nghề, làm nghề, thi hành, thực hiện
phản đối, chống đối, đối phó lại
phân, chia, tách, phân chia, phân tách
chăm sóc, chăm nom, săn sóc, trông nom, sự chăm sóc, sự chăm nom, sự săn sóc, sự trông nom
chăm sóc, chăm nom, săn sóc, trông nom
nghỉ, nghỉ phép
ra lệnh, ban hành, quy định, ban bố
nổi dậy, chống đối, nổi loạn, bạo động, phản kháng, làm binh biến
canh chừng, trông chừng, canh gác, bảo vệ, canh phòng, trông coi
bất ngờ gặp, tình cờ gặp, vô tình gặp, chợt gặp, bất ngờ thấy, vô tình thấy, tình cờ thấy
treo cổ
phủ quyết, bác bỏ, cự tuyệt, phản đối
xúc tiến, tiến hành, thúc đẩy, đẩy nhanh
giao, phân, cử, uỷ quyền, uỷ thác, giao phó, phân công, cắt cử, chỉ định, uỷ nhiệm
ghé thăm, tạt vào thăm, ghé qua
bị cấm kị, bị cấm đoán, bị ngăn cấm
mời
giáng cấp, giáng chức
có
xây dựng, xây cất, lập nên, dựng lên, làm nên
cư xử, đối xử, đối đãi
coi, trông, coi thi, trông thi
giữ, ngăn, kìm, giữ lại, kìm lại, ngăn lại, chặn lại
thành công, chiến thắng, đạt được
cố gắng hết sức, nỗ lực hết sức, cố gắng hết mình, nỗ lực hết mình
cai trị, trị vì, thống trị, cầm quyền
áp đảo, chế ngự, khống chế, áp chế
làm nghề tự do, làm việc tự do, lao động tự do, làm việc thời vụ
tặng thưởng huy chương, tặng thưởng huân chương, gắn huy chương
tôn làm vua, đưa lên ngôi, phong làm
tập hợp, tập kết, đứng vào hàng
tin, tin cậy, tin tưởng, trông cậy, tín nhiệm
làm lễ kiên tín
tán dương, ca tụng, tán tụng, tôn vinh
dò, dò dẫm, mò mẫm, lần mò, dò tìm
dàn xếp, dàn dựng
giữ, làm, kỉ niệm, kỷ niệm, ăn mừng, chào mừng
cho phép, cho phép, nhận vào, đưa vào, cho vào
giải phóng, trả tự do, giải thoát, phóng thích
dám, mạo phạm, mạo muội
tán, tán tỉnh, theo đuổi
thủ tiêu, bãi bỏ, huỷ bỏ, bỏ đi, huỷ đi
nhập, sáp nhập, hợp nhất, liên minh, liên kết, gộp lại
tán, theo đuổi, ve vãn, tán tỉnh, tìm hiểu
xem, tham quan
tán thành, ủng hộ, giúp đỡ, hậu thuẫn, đứng sau, tán đồng
đánh chén, ăn chơi chè chén, ăn chơi nhảy múa, ăn chơi trác táng, chè chén say sưa
tìm sự giúp đỡ của, tìm sự ủng hộ của, tìm cách đạt được
trông nom, săn sóc, chăm sóc, chăm nom, giữ gìn
chọn, lập, bổ nhiệm, uỷ nhiệm, chỉ định
tìm hiểu, tán tỉnh, tỏ tình, ve vãn
thực hiện
đứng đầu, chỉ huy, phụ trách, lãnh đạo, cầm đầu, dẫn đường, cầm lái, chỉ đạo, dẫn lối
chuyển, đưa, giao, chuyển giao, chuyển cho, đưa cho, giao cho, chuyển đến, chuyển sang
phi thực dân hoá, trao trả độc lập, trao nền độc lập
làm, làm việc, đi làm
uốn, nắn, tỉa
coi thường, coi nhẹ, đùa cợt, đùa giỡn, coi là chuyện vặt
đập tan, phá tan, đập vỡ, phá vỡ, phá hỏng, làm hỏng, phá nát, đập nát
thâm nhập
rút, bỏ, loại, chấm dứt, kết thúc, đoạn tuyệt
lật đổ, phá đổ, đạp đổ
quen, thói quen
chấp hành, thực thi, thực hiện, thi hành
họp mặt, tụ họp, gia nhập
trông coi, chú ý, đề phòng
phân công, sắp xếp, bố trí, sắp đặt, phân bố, phân bổ, giao cho
áp dụng, vận dụng, dùng, sử dụng
giúp, giúp đỡ, cứu giúp, trợ giúp, hỗ trợ
li hôn, lỵ hôn, li dị, ly dị, ra toà
xúi dại, xui dại, xúi giục, xui giục, xúi bẩy, tiếp tay
nhận, đảm nhận, gánh vác, đảm trách
đuổi, trừ, khai trừ, loại bỏ, trục xuất, bài xuất
sát cánh, chung tay, chung sức, đồng lòng, đồng tâm, hợp sức, hợp lực
đi, trải qua, đi qua
tái thống nhất, thống nhất lại, hợp nhất lại
phanh thây, tứ mã phanh thây
làm mộc, làm thợ mộc, làm nghề mộc, làm nghề thợ mộc
tán tỉnh, tán gái, ve vãn, quan hệ lăng nhăng
trúng tuyển vào đại học, được nhập học, được nhận vào học
túng thiếu, túng quẫn, thiếu thốn, khốn cùng, không đủ
đầu độc, tiêm nhiễm, gieo rắc, huỷ hoại
đột nhập, xâm nhập
ghi sổ, vào sổ
quản, quản lí, quản lý, điều hành, tiến hành, điều khiển, hướng dẫn, chỉ huy, chỉ đạo, hướng dẫn
ủng hộ, động viên, khích lệ, cổ vũ tinh thần, cổ suý
tập hợp, tụ tập, nhóm họp, tập trungtụ họp lại, tập trung lại
kiện, tố, tố tụng, kiện tụng, kiện cáo, tranh tụng
chia thành bang
triệu tập, tập hợp
liên minh, liên kết, liên hợp
chống, kháng cự, phản kháng, chống lại, kháng cự lại, phản kháng lại
rảnh, rỗi, rảnh rỗi, rảnh rang, rỗi rãi, ngồi không
kết bạn, trở thành bạn
xen vào, chen vào, chèn vào, thêm vào
rút lui, rút khỏi, từ chức, cáo lui
hành quyết bằng điện, tử hình bằng điện, xử tử bằng điện, hành hình bằng điện
đi khỏi, rời đi, rời khỏi
